n,num_trains,k,time,time_first_solution,solution_found,num_movements
0.1,30,6,32.113470792770386,32.113470792770386,True,183
0.1,30,9,45.042009592056274,45.042009592056274,True,177
0.1,30,444,1802.5925431251526,1802.5925431251526,False,175
0.1,30,1,11.756657361984253,11.756657361984253,True,204
0.1,30,4,27.28457283973694,27.28457283973694,True,202
0.1,30,320,1805.4813957214355,1805.4813957214355,False,181
0.1,30,7,38.75143885612488,38.75143885612488,True,174
0.1,30,12,59.21314549446106,59.21314549446106,True,190
0.1,30,55,274.3302104473114,274.3302104473114,True,172
0.1,30,6,32.95791721343994,32.95791721343994,True,165
0.1,30,378,1801.835032939911,1801.835032939911,False,165
0.1,30,8,40.26525568962097,40.26525568962097,True,180
0.1,30,7,37.775822162628174,37.775822162628174,True,165
0.1,30,2,15.126969337463379,15.126969337463379,True,186
0.1,30,373,1800.482754945755,1800.482754945755,False,159
0.1,30,13,56.43220663070679,56.43220663070679,True,173
0.1,30,3,20.73910093307495,20.73910093307495,True,172
0.1,30,374,1802.9395191669464,1802.9395191669464,False,174
0.1,30,2,17.041446685791016,17.041446685791016,True,189
0.1,30,3,25.646900415420532,25.646900415420532,True,189
0.1,30,3,21.487617254257202,21.487617254257202,True,162
0.1,30,4,23.45421075820923,23.45421075820923,True,171
0.1,30,3,20.818286418914795,20.818286418914795,True,181
0.1,30,365,1804.6325180530548,1804.6325180530548,False,167
0.1,30,3,20.349010467529297,20.349010467529297,True,167
0.1,30,4,25.27572512626648,25.27572512626648,True,190
0.1,30,17,83.44128274917603,83.44128274917603,True,167
0.1,30,7,38.50470566749573,38.50470566749573,True,168
0.1,30,403,1803.0373508930206,1803.0373508930206,False,181
0.1,30,2,17.320388793945312,17.320388793945312,True,160
0.1,30,6,36.76226997375488,36.76226997375488,True,166
0.1,30,2,16.706104516983032,16.706104516983032,True,182
0.1,30,3,23.17015552520752,23.17015552520752,True,174
0.1,30,46,386.20413422584534,386.20413422584534,True,165
0.1,30,2,14.446591854095459,14.446591854095459,True,166
0.1,30,466,1803.688812971115,1803.688812971115,False,167
0.1,30,376,1801.5351405143738,1801.5351405143738,False,175
0.1,30,21,96.99728965759277,96.99728965759277,True,168
0.1,30,10,55.31395626068115,55.31395626068115,True,180
0.1,30,376,1801.6844837665558,1801.6844837665558,False,166
0.1,30,9,48.217281103134155,48.217281103134155,True,156
0.1,30,422,1803.6669793128967,1803.6669793128967,False,173
0.1,30,6,36.15661573410034,36.15661573410034,True,173
0.1,30,402,1804.0265407562256,1804.0265407562256,False,151
0.1,30,1,11.378167867660522,11.378167867660522,True,184
0.1,30,408,1800.7293057441711,1800.7293057441711,False,171
0.1,30,414,1802.8296823501587,1802.8296823501587,False,166
0.1,30,3,18.627732515335083,18.627732515335083,True,178
0.1,30,22,98.24727988243103,98.24727988243103,True,172
0.1,30,3,20.36478042602539,20.36478042602539,True,191
0.1,30,416,1800.0865652561188,1800.0865652561188,False,172
0.1,30,418,1803.1335015296936,1803.1335015296936,False,172
0.1,30,417,1801.0418691635132,1801.0418691635132,False,157
0.1,30,345,1800.5137763023376,1800.5137763023376,False,174
0.1,30,4,26.6463840007782,26.6463840007782,True,181
0.1,30,385,1801.3735938072205,1801.3735938072205,False,174
0.1,30,6,32.31254839897156,32.31254839897156,True,160
0.1,30,60,269.54018354415894,269.54018354415894,True,164
0.1,30,368,1803.5799338817596,1803.5799338817596,False,164
0.1,30,3,20.01566219329834,20.01566219329834,True,191
0.1,30,2,16.018015146255493,16.018015146255493,True,184
0.1,30,6,32.88045048713684,32.88045048713684,True,178
0.1,30,435,1801.4446778297424,1801.4446778297424,False,161
0.1,30,369,1800.2635507583618,1800.2635507583618,False,161
0.1,30,7,37.61343693733215,37.61343693733215,True,161
0.1,30,2,15.98993706703186,15.98993706703186,True,173
0.1,30,5,30.109304428100586,30.109304428100586,True,165
0.1,30,379,1801.7093212604523,1801.7093212604523,False,155
0.1,30,2,15.496958255767822,15.496958255767822,True,166
0.1,30,3,22.31876254081726,22.31876254081726,True,153
0.1,30,6,32.45513558387756,32.45513558387756,True,197
0.1,30,416,1800.2368438243866,1800.2368438243866,False,159
0.1,30,4,26.06727409362793,26.06727409362793,True,171
0.1,30,3,19.814663887023926,19.814663887023926,True,175
0.1,30,417,1803.4289736747742,1803.4289736747742,False,185
0.1,30,375,1800.6809582710266,1800.6809582710266,False,161
0.1,30,484,1803.030458688736,1803.030458688736,False,159
0.1,30,412,1801.1073808670044,1801.1073808670044,False,158
0.1,30,2,15.183370351791382,15.183370351791382,True,174
0.1,30,373,1800.8474342823029,1800.8474342823029,False,158
0.1,30,11,60.99931788444519,60.99931788444519,True,175
0.1,30,3,18.50594472885132,18.50594472885132,True,165
0.1,30,387,1803.6343252658844,1803.6343252658844,False,160
0.1,30,2,15.77213168144226,15.77213168144226,True,172
0.1,30,20,100.066415309906,100.066415309906,True,190
0.1,30,2,15.043372392654419,15.043372392654419,True,167
0.1,30,4,25.396565914154053,25.396565914154053,True,180
0.1,30,351,1805.4783866405487,1805.4783866405487,False,156
0.1,30,8,43.47224760055542,43.47224760055542,True,172
0.1,30,324,1802.236587047577,1802.236587047577,False,170
0.1,30,4,21.51030945777893,21.51030945777893,True,175
0.1,30,409,1801.4595050811768,1801.4595050811768,False,164
0.1,30,1,11.696752548217773,11.696752548217773,True,167
0.1,30,6,31.142807483673096,31.142807483673096,True,183
0.1,30,427,1803.9750666618347,1803.9750666618347,False,173
0.1,30,413,1803.0146420001984,1803.0146420001984,False,156
0.1,30,5,30.514986991882324,30.514986991882324,True,174
0.1,30,383,1800.2948236465454,1800.2948236465454,False,156
0.1,30,2,17.23564314842224,17.23564314842224,True,158
0.1,30,423,1803.4046602249146,1803.4046602249146,False,167
0.5,30,5,28.34399151802063,28.34399151802063,True,184
0.5,30,4,23.628305673599243,23.628305673599243,True,186
0.5,30,6,29.87382483482361,29.87382483482361,True,174
0.5,30,5,30.95933985710144,30.95933985710144,True,193
0.5,30,339,1802.7389826774597,1802.7389826774597,False,195
0.5,30,9,59.55561399459839,59.55561399459839,True,186
0.5,30,16,82.68788599967957,82.68788599967957,True,170
0.5,30,11,56.41539716720581,56.41539716720581,True,172
0.5,30,8,46.936715602874756,46.936715602874756,True,175
0.5,30,13,65.47209572792053,65.47209572792053,True,159
0.5,30,3,21.53989052772522,21.53989052772522,True,193
0.5,30,5,28.015392541885376,28.015392541885376,True,171
0.5,30,3,20.473031044006348,20.473031044006348,True,188
0.5,30,10,51.00534534454346,51.00534534454346,True,172
0.5,30,4,26.498077154159546,26.498077154159546,True,182
0.5,30,4,21.648290634155273,21.648290634155273,True,180
0.5,30,7,39.95767569541931,39.95767569541931,True,174
0.5,30,9,49.656402349472046,49.656402349472046,True,196
0.5,30,11,60.01146149635315,60.01146149635315,True,187
0.5,30,6,44.07037544250488,44.07037544250488,True,198
0.5,30,3,21.88319230079651,21.88319230079651,True,178
0.5,30,6,32.274025440216064,32.274025440216064,True,171
0.5,30,10,54.36382985115051,54.36382985115051,True,174
0.5,30,5,33.329376220703125,33.329376220703125,True,174
0.5,30,4,25.332152605056763,25.332152605056763,True,180
0.5,30,5,30.61204242706299,30.61204242706299,True,197
0.5,30,10,53.016143798828125,53.016143798828125,True,167
0.5,30,375,1801.5263004302979,1801.5263004302979,False,173
0.5,30,24,113.72080373764038,113.72080373764038,True,176
0.5,30,4,27.607264757156372,27.607264757156372,True,168
0.5,30,4,27.48529863357544,27.48529863357544,True,183
0.5,30,5,32.2852725982666,32.2852725982666,True,154
0.5,30,5,33.43147325515747,33.43147325515747,True,177
0.5,30,48,408.18587160110474,408.18587160110474,True,167
0.5,30,4,23.08085536956787,23.08085536956787,True,176
0.5,30,5,25.471831560134888,25.471831560134888,True,168
0.5,30,7,40.77174520492554,40.77174520492554,True,189
0.5,30,415,1804.2005105018616,1804.2005105018616,False,152
0.5,30,355,1803.2126672267914,1803.2126672267914,False,164
0.5,30,9,49.882413387298584,49.882413387298584,True,156
0.5,30,5,30.272652626037598,30.272652626037598,True,158
0.5,30,6,31.845463514328003,31.845463514328003,True,180
0.5,30,395,1802.3920419216156,1802.3920419216156,False,183
0.5,30,5,29.372453927993774,29.372453927993774,True,164
0.5,30,4,25.304531812667847,25.304531812667847,True,181
0.5,30,403,1802.0146543979645,1802.0146543979645,False,180
0.5,30,394,1802.1845545768738,1802.1845545768738,False,164
0.5,30,6,31.85471510887146,31.85471510887146,True,179
0.5,30,8,40.164263010025024,40.164263010025024,True,181
0.5,30,4,25.142745971679688,25.142745971679688,True,190
0.5,30,6,32.31523680686951,32.31523680686951,True,190
0.5,30,404,1801.8658318519592,1801.8658318519592,False,183
0.5,30,4,23.065001249313354,23.065001249313354,True,188
0.5,30,347,1804.0321390628815,1804.0321390628815,False,174
0.5,30,7,41.53688454627991,41.53688454627991,True,197
0.5,30,7,38.97089672088623,38.97089672088623,True,185
0.5,30,6,32.71338510513306,32.71338510513306,True,178
0.5,30,13,63.54771685600281,63.54771685600281,True,151
0.5,30,379,1801.6006138324738,1801.6006138324738,False,171
0.5,30,4,24.760535955429077,24.760535955429077,True,178
0.5,30,4,25.505270957946777,25.505270957946777,True,175
0.5,30,8,42.98548436164856,42.98548436164856,True,189
0.5,30,6,29.865018367767334,29.865018367767334,True,176
0.5,30,11,62.967060565948486,62.967060565948486,True,165
0.5,30,6,34.053584575653076,34.053584575653076,True,190
0.5,30,11,58.567317724227905,58.567317724227905,True,175
0.5,30,5,30.209741353988647,30.209741353988647,True,181
0.5,30,6,36.00004577636719,36.00004577636719,True,184
0.5,30,397,1800.9824223518372,1800.9824223518372,False,150
0.5,30,5,33.048962354660034,33.048962354660034,True,172
0.5,30,5,28.757116079330444,28.757116079330444,True,181
0.5,30,5,29.26577925682068,29.26577925682068,True,171
0.5,30,5,31.875133752822876,31.875133752822876,True,187
0.5,30,9,46.90391778945923,46.90391778945923,True,159
0.5,30,17,81.06179571151733,81.06179571151733,True,213
0.5,30,6,36.681477069854736,36.681477069854736,True,171
0.5,30,7,31.909223318099976,31.909223318099976,True,186
0.5,30,6,32.992522954940796,32.992522954940796,True,170
0.5,30,9,46.52405405044556,46.52405405044556,True,163
0.5,30,6,34.829352617263794,34.829352617263794,True,162
0.5,30,8,47.25365710258484,47.25365710258484,True,173
0.5,30,7,35.64155292510986,35.64155292510986,True,156
0.5,30,434,1800.0912280082703,1800.0912280082703,False,173
0.5,30,35,170.46492624282837,170.46492624282837,True,170
0.5,30,6,35.72109508514404,35.72109508514404,True,189
0.5,30,11,55.01786923408508,55.01786923408508,True,164
0.5,30,5,30.43612289428711,30.43612289428711,True,195
0.5,30,5,52.14131951332092,52.14131951332092,True,177
0.5,30,5,30.527631044387817,30.527631044387817,True,177
0.5,30,5,36.398669481277466,36.398669481277466,True,180
0.5,30,5,25.633723258972168,25.633723258972168,True,169
0.5,30,7,38.450398206710815,38.450398206710815,True,177
0.5,30,370,1800.9737610816956,1800.9737610816956,False,165
0.5,30,2,14.632850408554077,14.632850408554077,True,196
0.5,30,3,19.05327320098877,19.05327320098877,True,205
0.5,30,7,37.44762396812439,37.44762396812439,True,174
0.5,30,5,31.355680227279663,31.355680227279663,True,188
0.5,30,6,35.792280197143555,35.792280197143555,True,186
0.5,30,4,27.997374773025513,27.997374773025513,True,160
0.5,30,8,41.080737352371216,41.080737352371216,True,169
1,30,408,1803.4469861984253,1803.4469861984253,False,175
1,30,416,1803.934158563614,1803.934158563614,False,175
1,30,5,25.97611117362976,25.97611117362976,True,182
1,30,6,35.89321494102478,35.89321494102478,True,198
1,30,6,39.31463098526001,39.31463098526001,True,190
1,30,6,42.86271333694458,42.86271333694458,True,177
1,30,7,40.224858045578,40.224858045578,True,187
1,30,7,38.53429818153381,38.53429818153381,True,176
1,30,7,43.027268409729004,43.027268409729004,True,189
1,30,6,34.06284189224243,34.06284189224243,True,171
1,30,7,40.084221839904785,40.084221839904785,True,185
1,30,5,27.83066153526306,27.83066153526306,True,168
1,30,14,71.61800527572632,71.61800527572632,True,164
1,30,7,36.790621280670166,36.790621280670166,True,183
1,30,377,1803.8013286590576,1803.8013286590576,False,172
1,30,5,25.587282419204712,25.587282419204712,True,178
1,30,11,58.91792583465576,58.91792583465576,True,169
1,30,10,55.69067454338074,55.69067454338074,True,186
1,30,13,72.60789108276367,72.60789108276367,True,181
1,30,8,55.592833042144775,55.592833042144775,True,190
1,30,6,37.05315971374512,37.05315971374512,True,162
1,30,6,32.715110301971436,32.715110301971436,True,164
1,30,376,1800.8015539646149,1800.8015539646149,False,168
1,30,8,49.94007086753845,49.94007086753845,True,164
1,30,8,44.52207088470459,44.52207088470459,True,173
1,30,6,35.409607887268066,35.409607887268066,True,182
1,30,7,38.98049592971802,38.98049592971802,True,190
1,30,7,40.7322735786438,40.7322735786438,True,176
1,30,8,42.62626338005066,42.62626338005066,True,198
1,30,10,59.29623222351074,59.29623222351074,True,156
1,30,6,36.75392484664917,36.75392484664917,True,180
1,30,352,1803.7455415725708,1803.7455415725708,False,161
1,30,5,33.58253049850464,33.58253049850464,True,214
1,30,6,59.362040996551514,59.362040996551514,True,178
1,30,10,48.123807430267334,48.123807430267334,True,170
1,30,6,29.57058620452881,29.57058620452881,True,166
1,30,5,29.925451517105103,29.925451517105103,True,184
1,30,10,50.04339861869812,50.04339861869812,True,181
1,30,10,56.780808210372925,56.780808210372925,True,175
1,30,6,35.11188530921936,35.11188530921936,True,172
1,30,9,48.221150636672974,48.221150636672974,True,165
1,30,6,31.788883209228516,31.788883209228516,True,193
1,30,20,94.7865526676178,94.7865526676178,True,168
1,30,7,38.66596794128418,38.66596794128418,True,174
1,30,4,25.279906511306763,25.279906511306763,True,175
1,30,9,46.30653119087219,46.30653119087219,True,176
1,30,6,33.991424798965454,33.991424798965454,True,200
1,30,6,32.053749561309814,32.053749561309814,True,203
1,30,26,119.27223539352417,119.27223539352417,True,168
1,30,6,34.525766372680664,34.525766372680664,True,190
1,30,10,49.94027090072632,49.94027090072632,True,197
1,30,8,42.15173554420471,42.15173554420471,True,190
1,30,5,26.63612174987793,26.63612174987793,True,183
1,30,364,1802.8878338336945,1802.8878338336945,False,179
1,30,5,31.465315580368042,31.465315580368042,True,180
1,30,382,1801.5042884349823,1801.5042884349823,False,170
1,30,10,50.157357692718506,50.157357692718506,True,179
1,30,429,1803.9866108894348,1803.9866108894348,False,159
1,30,7,38.26171374320984,38.26171374320984,True,167
1,30,8,43.313451051712036,43.313451051712036,True,181
1,30,5,30.38046360015869,30.38046360015869,True,193
1,30,6,33.916958808898926,33.916958808898926,True,171
1,30,8,37.8951997756958,37.8951997756958,True,167
1,30,12,70.52906107902527,70.52906107902527,True,169
1,30,382,1802.797548532486,1802.797548532486,False,173
1,30,5,31.14005184173584,31.14005184173584,True,166
1,30,9,49.31157875061035,49.31157875061035,True,153
1,30,399,1801.8780241012573,1801.8780241012573,False,161
1,30,7,38.84608745574951,38.84608745574951,True,207
1,30,7,43.47891592979431,43.47891592979431,True,183
1,30,6,33.483158826828,33.483158826828,True,208
1,30,5,27.919456005096436,27.919456005096436,True,163
1,30,5,31.332960605621338,31.332960605621338,True,185
1,30,6,33.68791627883911,33.68791627883911,True,201
1,30,5,28.398375034332275,28.398375034332275,True,216
1,30,8,46.31052041053772,46.31052041053772,True,182
1,30,472,1800.5720760822296,1800.5720760822296,False,161
1,30,6,33.09289026260376,33.09289026260376,True,179
1,30,416,1801.762559890747,1801.762559890747,False,156
1,30,6,34.7932493686676,34.7932493686676,True,171
1,30,8,47.6843626499176,47.6843626499176,True,175
1,30,6,31.66458034515381,31.66458034515381,True,196
1,30,10,49.62013626098633,49.62013626098633,True,183
1,30,6,34.496007680892944,34.496007680892944,True,147
1,30,8,45.17769408226013,45.17769408226013,True,183
1,30,5,28.469883680343628,28.469883680343628,True,165
1,30,375,1803.2328975200653,1803.2328975200653,False,166
1,30,8,77.88258647918701,77.88258647918701,True,159
1,30,371,1803.4756593704224,1803.4756593704224,False,154
1,30,7,47.633928060531616,47.633928060531616,True,188
1,30,7,33.91781735420227,33.91781735420227,True,173
1,30,7,38.757489919662476,38.757489919662476,True,184
1,30,7,50.013954877853394,50.013954877853394,True,180
1,30,7,35.687076807022095,35.687076807022095,True,184
1,30,425,1801.0165057182312,1801.0165057182312,False,177
1,30,6,32.510700702667236,32.510700702667236,True,187
1,30,7,41.24895167350769,41.24895167350769,True,182
1,30,8,45.307300329208374,45.307300329208374,True,180
1,30,8,45.642375469207764,45.642375469207764,True,159
1,30,10,50.87649154663086,50.87649154663086,True,151
1.5,30,8,40.11572623252869,40.11572623252869,True,189
1.5,30,7,35.96000647544861,35.96000647544861,True,174
1.5,30,18,79.97469997406006,79.97469997406006,True,176
1.5,30,7,40.41694784164429,40.41694784164429,True,181
1.5,30,8,50.125629901885986,50.125629901885986,True,187
1.5,30,305,1805.7214498519897,1805.7214498519897,False,170
1.5,30,380,1801.2420444488525,1801.2420444488525,False,165
1.5,30,8,43.02000093460083,43.02000093460083,True,180
1.5,30,12,67.80230069160461,67.80230069160461,True,164
1.5,30,10,52.95887541770935,52.95887541770935,True,177
1.5,30,6,36.14725875854492,36.14725875854492,True,200
1.5,30,10,49.998393058776855,49.998393058776855,True,157
1.5,30,8,43.73739051818848,43.73739051818848,True,181
1.5,30,6,32.53879165649414,32.53879165649414,True,191
1.5,30,6,32.93937683105469,32.93937683105469,True,172
1.5,30,8,37.69770622253418,37.69770622253418,True,167
1.5,30,19,97.02823853492737,97.02823853492737,True,164
1.5,30,9,51.45990538597107,51.45990538597107,True,163
1.5,30,347,1803.5647773742676,1803.5647773742676,False,158
1.5,30,9,63.723663091659546,63.723663091659546,True,183
1.5,30,6,37.288207054138184,37.288207054138184,True,166
1.5,30,9,46.3190393447876,46.3190393447876,True,160
1.5,30,7,40.054256439208984,40.054256439208984,True,162
1.5,30,12,70.5113754272461,70.5113754272461,True,174
1.5,30,6,34.913620948791504,34.913620948791504,True,194
1.5,30,7,40.56539011001587,40.56539011001587,True,183
1.5,30,9,48.75801944732666,48.75801944732666,True,180
1.5,30,12,64.97939920425415,64.97939920425415,True,172
1.5,30,13,66.05514144897461,66.05514144897461,True,175
1.5,30,8,48.292630195617676,48.292630195617676,True,174
1.5,30,6,37.42860412597656,37.42860412597656,True,176
1.5,30,8,49.39628839492798,49.39628839492798,True,161
1.5,30,7,44.939308166503906,44.939308166503906,True,206
1.5,30,213,1807.051663160324,1807.051663160324,False,160
1.5,30,7,35.1676983833313,35.1676983833313,True,174
1.5,30,448,1803.6895167827606,1803.6895167827606,False,159
1.5,30,6,36.13360595703125,36.13360595703125,True,172
1.5,30,8,41.18227815628052,41.18227815628052,True,151
1.5,30,8,46.760908126831055,46.760908126831055,True,171
1.5,30,9,50.47585654258728,50.47585654258728,True,170
1.5,30,9,48.98625040054321,48.98625040054321,True,168
1.5,30,427,1804.1591250896454,1804.1591250896454,False,162
1.5,30,16,78.03761625289917,78.03761625289917,True,179
1.5,30,9,48.43679881095886,48.43679881095886,True,160
1.5,30,6,34.63524794578552,34.63524794578552,True,179
1.5,30,10,50.90278339385986,50.90278339385986,True,178
1.5,30,400,1801.0356361865997,1801.0356361865997,False,162
1.5,30,10,49.98361825942993,49.98361825942993,True,180
1.5,30,7,36.45427131652832,36.45427131652832,True,175
1.5,30,6,34.266777753829956,34.266777753829956,True,200
1.5,30,11,54.34026384353638,54.34026384353638,True,195
1.5,30,18,88.2873125076294,88.2873125076294,True,196
1.5,30,8,39.43522644042969,39.43522644042969,True,158
1.5,30,364,1803.3898434638977,1803.3898434638977,False,156
1.5,30,7,41.97016215324402,41.97016215324402,True,187
1.5,30,10,53.98418927192688,53.98418927192688,True,175
1.5,30,13,63.723984241485596,63.723984241485596,True,183
1.5,30,9,45.01008486747742,45.01008486747742,True,159
1.5,30,8,43.695175647735596,43.695175647735596,True,155
1.5,30,10,52.97009539604187,52.97009539604187,True,180
1.5,30,6,34.968714237213135,34.968714237213135,True,197
1.5,30,7,38.129011392593384,38.129011392593384,True,196
1.5,30,18,77.89897346496582,77.89897346496582,True,178
1.5,30,23,130.10161018371582,130.10161018371582,True,172
1.5,30,8,42.37520146369934,42.37520146369934,True,197
1.5,30,6,34.18057703971863,34.18057703971863,True,166
1.5,30,9,49.60667324066162,49.60667324066162,True,166
1.5,30,11,58.11612820625305,58.11612820625305,True,172
1.5,30,8,43.43749475479126,43.43749475479126,True,202
1.5,30,7,44.12854480743408,44.12854480743408,True,186
1.5,30,8,41.132702350616455,41.132702350616455,True,194
1.5,30,14,69.73619771003723,69.73619771003723,True,159
1.5,30,8,46.56740117073059,46.56740117073059,True,188
1.5,30,399,1801.111264705658,1801.111264705658,False,198
1.5,30,9,46.280017375946045,46.280017375946045,True,202
1.5,30,7,39.98661947250366,39.98661947250366,True,183
1.5,30,13,55.759528160095215,55.759528160095215,True,153
1.5,30,13,64.76694107055664,64.76694107055664,True,175
1.5,30,8,41.71709179878235,41.71709179878235,True,160
1.5,30,358,1803.1091203689575,1803.1091203689575,False,181
1.5,30,7,43.0050745010376,43.0050745010376,True,172
1.5,30,8,40.02418112754822,40.02418112754822,True,172
1.5,30,10,50.67748665809631,50.67748665809631,True,176
1.5,30,7,39.21043014526367,39.21043014526367,True,150
1.5,30,9,50.133617877960205,50.133617877960205,True,178
1.5,30,8,39.51003098487854,39.51003098487854,True,174
1.5,30,8,40.8472945690155,40.8472945690155,True,180
1.5,30,6,61.63659429550171,61.63659429550171,True,175
1.5,30,7,40.3926260471344,40.3926260471344,True,178
1.5,30,7,47.677194118499756,47.677194118499756,True,176
1.5,30,8,38.28786039352417,38.28786039352417,True,169
1.5,30,8,43.35686016082764,43.35686016082764,True,170
1.5,30,15,95.70905494689941,95.70905494689941,True,160
1.5,30,35,153.56026554107666,153.56026554107666,True,182
1.5,30,6,31.296966791152954,31.296966791152954,True,220
1.5,30,8,41.75658345222473,41.75658345222473,True,182
1.5,30,6,36.3843719959259,36.3843719959259,True,184
1.5,30,10,56.00926971435547,56.00926971435547,True,178
1.5,30,10,55.59168815612793,55.59168815612793,True,159
1.5,30,9,46.65448069572449,46.65448069572449,True,181
2,30,8,40.41074252128601,40.41074252128601,True,186
2,30,11,53.10178327560425,53.10178327560425,True,177
2,30,8,38.572105407714844,38.572105407714844,True,180
2,30,8,44.58851909637451,44.58851909637451,True,184
2,30,11,66.19735312461853,66.19735312461853,True,181
2,30,11,72.39579486846924,72.39579486846924,True,176
2,30,21,103.28241491317749,103.28241491317749,True,181
2,30,11,57.41608023643494,57.41608023643494,True,161
2,30,14,79.02617716789246,79.02617716789246,True,176
2,30,15,76.85776710510254,76.85776710510254,True,160
2,30,7,39.95976209640503,39.95976209640503,True,197
2,30,8,41.0528028011322,41.0528028011322,True,181
2,30,15,77.63658237457275,77.63658237457275,True,143
2,30,34,155.9560124874115,155.9560124874115,True,174
2,30,10,53.01029849052429,53.01029849052429,True,169
2,30,11,50.00090932846069,50.00090932846069,True,153
2,30,9,49.78307890892029,49.78307890892029,True,160
2,30,357,1801.5138368606567,1801.5138368606567,False,173
2,30,8,47.61822319030762,47.61822319030762,True,175
2,30,10,70.48178267478943,70.48178267478943,True,168
2,30,10,57.3843195438385,57.3843195438385,True,166
2,30,20,96.70109272003174,96.70109272003174,True,161
2,30,11,59.911683797836304,59.911683797836304,True,175
2,30,77,420.393625497818,420.393625497818,True,175
2,30,8,44.34810662269592,44.34810662269592,True,180
2,30,9,50.35178327560425,50.35178327560425,True,189
2,30,10,53.38384008407593,53.38384008407593,True,167
2,30,13,68.73618841171265,68.73618841171265,True,181
2,30,9,47.78005075454712,47.78005075454712,True,194
2,30,8,49.247429609298706,49.247429609298706,True,177
2,30,8,47.83853554725647,47.83853554725647,True,172
2,30,12,69.79567790031433,69.79567790031433,True,178
2,30,410,1803.202980518341,1803.202980518341,False,172
2,30,8,76.64733219146729,76.64733219146729,True,171
2,30,8,39.40555667877197,39.40555667877197,True,165
2,30,439,1800.337221622467,1800.337221622467,False,176
2,30,7,40.834017276763916,40.834017276763916,True,184
2,30,18,85.62089800834656,85.62089800834656,True,158
2,30,9,51.76039528846741,51.76039528846741,True,177
2,30,10,56.453885078430176,56.453885078430176,True,168
2,30,20,101.45605039596558,101.45605039596558,True,176
2,30,11,52.25449562072754,52.25449562072754,True,170
2,30,405,1802.579520225525,1802.579520225525,False,173
2,30,13,67.30295085906982,67.30295085906982,True,158
2,30,9,48.806992292404175,48.806992292404175,True,163
2,30,10,50.96545171737671,50.96545171737671,True,168
2,30,11,54.43603014945984,54.43603014945984,True,194
2,30,49,221.1010353565216,221.1010353565216,True,183
2,30,8,40.79111671447754,40.79111671447754,True,177
2,30,386,1803.582813501358,1803.582813501358,False,193
2,30,6,32.514259576797485,32.514259576797485,True,185
2,30,9,48.04772472381592,48.04772472381592,True,196
2,30,7,36.41959857940674,36.41959857940674,True,159
2,30,10,60.329954385757446,60.329954385757446,True,165
2,30,8,46.87028169631958,46.87028169631958,True,184
2,30,11,59.02050805091858,59.02050805091858,True,170
2,30,21,99.26411175727844,99.26411175727844,True,154
2,30,9,44.75990056991577,44.75990056991577,True,174
2,30,8,43.16934895515442,43.16934895515442,True,181
2,30,9,48.35801362991333,48.35801362991333,True,212
2,30,11,59.45307397842407,59.45307397842407,True,182
2,30,8,43.38227677345276,43.38227677345276,True,176
2,30,7,34.24158596992493,34.24158596992493,True,179
2,30,8,49.336206674575806,49.336206674575806,True,190
2,30,8,42.946895599365234,42.946895599365234,True,195
2,30,10,54.28682827949524,54.28682827949524,True,162
2,30,8,44.59049201011658,44.59049201011658,True,162
2,30,378,1802.2501423358917,1802.2501423358917,False,165
2,30,9,48.2995023727417,48.2995023727417,True,189
2,30,11,65.04772114753723,65.04772114753723,True,185
2,30,394,1800.7156255245209,1800.7156255245209,False,195
2,30,10,50.41956162452698,50.41956162452698,True,171
2,30,360,1800.9964973926544,1800.9964973926544,False,169
2,30,9,47.75237202644348,47.75237202644348,True,169
2,30,405,1801.728345155716,1801.728345155716,False,175
2,30,7,41.7799813747406,41.7799813747406,True,181
2,30,8,36.50372934341431,36.50372934341431,True,166
2,30,11,55.902445554733276,55.902445554733276,True,171
2,30,6,32.634817361831665,32.634817361831665,True,158
2,30,15,93.03046011924744,93.03046011924744,True,180
2,30,345,1803.1306507587433,1803.1306507587433,False,159
2,30,418,1803.071918964386,1803.071918964386,False,174
2,30,10,49.854676485061646,49.854676485061646,True,193
2,30,7,39.2718563079834,39.2718563079834,True,146
2,30,12,64.59466361999512,64.59466361999512,True,163
2,30,6,31.492796421051025,31.492796421051025,True,177
2,30,9,47.71377682685852,47.71377682685852,True,181
2,30,11,104.97323441505432,104.97323441505432,True,173
2,30,7,40.60498905181885,40.60498905181885,True,174
2,30,8,54.16555094718933,54.16555094718933,True,176
2,30,12,54.74401330947876,54.74401330947876,True,166
2,30,8,43.50050926208496,43.50050926208496,True,173
2,30,59,369.4424583911896,369.4424583911896,True,162
2,30,7,35.177852392196655,35.177852392196655,True,182
2,30,9,43.603960275650024,43.603960275650024,True,191
2,30,11,56.168224811553955,56.168224811553955,True,166
2,30,17,90.89048981666565,90.89048981666565,True,185
2,30,10,56.22130274772644,56.22130274772644,True,165
2,30,11,60.17408990859985,60.17408990859985,True,170
2,30,11,55.95639944076538,55.95639944076538,True,173
3,30,24,109.68312740325928,109.68312740325928,True,154
3,30,17,79.87055850028992,79.87055850028992,True,163
3,30,14,63.403239488601685,63.403239488601685,True,163
3,30,10,55.42217755317688,55.42217755317688,True,163
3,30,15,87.85734724998474,87.85734724998474,True,197
3,30,12,79.02492094039917,79.02492094039917,True,158
3,30,13,65.75490093231201,65.75490093231201,True,157
3,30,12,61.68947505950928,61.68947505950928,True,168
3,30,350,1800.07688331604,1800.07688331604,False,167
3,30,12,62.9091591835022,62.9091591835022,True,146
3,30,16,83.66348719596863,83.66348719596863,True,179
3,30,9,45.706461668014526,45.706461668014526,True,184
3,30,12,63.50227761268616,63.50227761268616,True,167
3,30,14,68.43535900115967,68.43535900115967,True,183
3,30,15,75.75802659988403,75.75802659988403,True,177
3,30,11,50.19806170463562,50.19806170463562,True,158
3,30,20,103.30662870407104,103.30662870407104,True,158
3,30,352,1800.8885035514832,1800.8885035514832,False,186
3,30,12,69.06308507919312,69.06308507919312,True,184
3,30,248,1802.2203240394592,1802.2203240394592,False,152
3,30,12,67.53870940208435,67.53870940208435,True,159
3,30,12,59.68318510055542,59.68318510055542,True,159
3,30,14,74.15861487388611,74.15861487388611,True,158
3,30,356,1801.7513511180878,1801.7513511180878,False,158
3,30,12,62.313695669174194,62.313695669174194,True,172
3,30,22,113.45305442810059,113.45305442810059,True,169
3,30,12,62.25299024581909,62.25299024581909,True,180
3,30,14,76.25313782691956,76.25313782691956,True,182
3,30,12,61.76648020744324,61.76648020744324,True,166
3,30,42,228.87773442268372,228.87773442268372,True,179
3,30,12,68.18287396430969,68.18287396430969,True,156
3,30,16,92.56220650672913,92.56220650672913,True,177
3,30,12,54.084742069244385,54.084742069244385,True,177
3,30,15,78.53813862800598,78.53813862800598,True,165
3,30,8,39.59761619567871,39.59761619567871,True,174
3,30,12,54.32168698310852,54.32168698310852,True,165
3,30,4,26.268551111221313,26.268551111221313,True,198
3,30,13,62.79726529121399,62.79726529121399,True,144
3,30,13,72.24955630302429,72.24955630302429,True,178
3,30,12,66.44130229949951,66.44130229949951,True,180
3,30,17,86.75598311424255,86.75598311424255,True,164
3,30,12,55.465688943862915,55.465688943862915,True,169
3,30,13,61.319846630096436,61.319846630096436,True,154
3,30,13,67.4379985332489,67.4379985332489,True,163
3,30,12,62.81362986564636,62.81362986564636,True,163
3,30,12,59.83033990859985,59.83033990859985,True,168
3,30,12,59.650572776794434,59.650572776794434,True,164
3,30,13,62.718244314193726,62.718244314193726,True,184
3,30,15,71.51563858985901,71.51563858985901,True,167
3,30,12,62.31791973114014,62.31791973114014,True,186
3,30,12,58.98259091377258,58.98259091377258,True,194
3,30,16,80.38388538360596,80.38388538360596,True,168
3,30,12,58.40955114364624,58.40955114364624,True,155
3,30,360,1802.1416544914246,1802.1416544914246,False,179
3,30,23,121.41282510757446,121.41282510757446,True,167
3,30,11,59.53662133216858,59.53662133216858,True,160
3,30,17,82.45709466934204,82.45709466934204,True,163
3,30,13,62.944578647613525,62.944578647613525,True,156
3,30,15,76.72737979888916,76.72737979888916,True,151
3,30,12,62.96676468849182,62.96676468849182,True,189
3,30,12,64.277822971344,64.277822971344,True,175
3,30,12,61.80404758453369,61.80404758453369,True,183
3,30,11,51.10345435142517,51.10345435142517,True,179
3,30,50,275.04957938194275,275.04957938194275,True,179
3,30,13,65.92747735977173,65.92747735977173,True,159
3,30,12,63.914138317108154,63.914138317108154,True,159
3,30,16,82.7138741016388,82.7138741016388,True,163
3,30,13,68.10307455062866,68.10307455062866,True,179
3,30,15,76.95252728462219,76.95252728462219,True,175
3,30,13,75.79090213775635,75.79090213775635,True,167
3,30,11,56.47323417663574,56.47323417663574,True,189
3,30,13,65.89691281318665,65.89691281318665,True,158
3,30,10,56.751660108566284,56.751660108566284,True,174
3,30,14,70.70333671569824,70.70333671569824,True,185
3,30,16,78.47704601287842,78.47704601287842,True,152
3,30,12,66.90144801139832,66.90144801139832,True,163
3,30,12,52.597328662872314,52.597328662872314,True,168
3,30,12,60.78963279724121,60.78963279724121,True,169
3,30,12,59.83923268318176,59.83923268318176,True,157
3,30,14,88.52030158042908,88.52030158042908,True,152
3,30,12,69.39976143836975,69.39976143836975,True,161
3,30,15,66.51296210289001,66.51296210289001,True,177
3,30,429,1801.091980934143,1801.091980934143,False,166
3,30,381,1800.1022684574127,1800.1022684574127,False,174
3,30,13,69.51200532913208,69.51200532913208,True,173
3,30,8,39.97114324569702,39.97114324569702,True,169
3,30,11,57.24559426307678,57.24559426307678,True,171
3,30,11,105.5594916343689,105.5594916343689,True,174
3,30,15,79.70594191551208,79.70594191551208,True,175
3,30,306,1802.8118479251862,1802.8118479251862,False,163
3,30,461,1801.1982114315033,1801.1982114315033,False,167
3,30,11,58.08134150505066,58.08134150505066,True,164
3,30,12,79.080557346344,79.080557346344,True,156
3,30,423,1801.158013343811,1801.158013343811,False,161
3,30,10,48.41395139694214,48.41395139694214,True,193
3,30,18,88.63966226577759,88.63966226577759,True,193
3,30,14,77.15798377990723,77.15798377990723,True,165
3,30,13,71.51643419265747,71.51643419265747,True,189
3,30,16,84.59567928314209,84.59567928314209,True,181
3,30,13,64.56965947151184,64.56965947151184,True,157
