filename,found,endtime,total_computation_time
solver_20_trains_5_units17,True,4920,00:14:08.3463663
solver_20_trains_5_units17,True,5160,00:04:12.3592854
solver_20_trains_5_units17,True,5400,00:01:27.7879804
solver_20_trains_5_units17,True,5640,00:01:57.7728331
solver_20_trains_5_units17,True,5880,00:01:28.1827172
solver_20_trains_5_units7,True,4920,00:05:52.8127255
solver_20_trains_5_units7,True,5160,00:01:42.0180655
solver_20_trains_5_units7,True,5400,00:01:44.0982315
solver_20_trains_5_units7,True,5640,00:01:19.3785919
solver_20_trains_5_units7,True,5880,00:01:10.0030775
solver_20_trains_5_units23,True,5160,00:03:45.8043228
solver_20_trains_5_units23,True,5880,00:01:28.9333793
solver_20_trains_5_units10,True,4920,00:14:44.6414077
solver_20_trains_5_units10,True,5400,00:01:59.3631834
solver_20_trains_5_units10,True,5640,00:02:01.9363040
solver_20_trains_5_units10,True,5880,00:01:14.4857479
solver_20_trains_5_units2,True,4920,00:18:15.0902183
solver_20_trains_5_units2,True,5160,00:06:35.9455279
solver_20_trains_5_units2,True,5400,00:02:10.9078390
solver_20_trains_5_units2,True,5640,00:01:11.8515575
solver_20_trains_5_units2,True,5880,00:00:34.4543854
solver_20_trains_5_units5,True,4920,00:01:48.9767891
solver_20_trains_5_units5,True,5160,00:09:52.1343295
solver_20_trains_5_units5,True,5880,00:01:32.3581527
solver_20_trains_5_units16,True,5160,00:02:36.7335877
solver_20_trains_5_units16,True,5400,00:01:41.7349472
solver_20_trains_5_units16,True,5640,00:01:46.3232081
solver_20_trains_5_units16,True,5880,00:01:21.4454141
solver_20_trains_5_units12,True,5160,00:01:47.8859017
solver_20_trains_5_units12,True,5400,00:01:26.6421458
solver_20_trains_5_units12,True,5640,00:01:38.5739418
solver_20_trains_5_units12,True,5880,00:01:27.7290248
solver_20_trains_5_units22,True,4920,00:02:33.3394711
solver_20_trains_5_units22,True,5160,00:03:14.9915342
solver_20_trains_5_units22,True,5400,00:09:04.3278222
solver_20_trains_5_units22,True,5640,00:01:31.4109433
solver_20_trains_5_units22,True,5880,00:02:21.8974269
solver_20_trains_5_units26,True,4920,00:06:28.9586727
solver_20_trains_5_units26,True,5160,00:04:19.4692985
solver_20_trains_5_units26,True,5400,00:01:03.3709876
solver_20_trains_5_units26,True,5640,00:02:00.0709921
solver_20_trains_5_units26,True,5880,00:01:24.3784097
solver_20_trains_5_units9,True,4920,00:01:30.8926457
solver_20_trains_5_units9,True,5160,00:02:26.1364543
solver_20_trains_5_units9,True,5640,00:02:50.1415422
solver_20_trains_5_units9,True,5880,00:01:23.6170523
solver_20_trains_5_units15,True,4920,00:03:11.2388221
solver_20_trains_5_units15,True,5160,00:04:46.2478186
solver_20_trains_5_units15,True,5400,00:01:25.7201723
solver_20_trains_5_units15,True,5640,00:00:39.3032890
solver_20_trains_5_units15,True,5880,00:01:21.6078176
solver_20_trains_5_units11,True,4920,00:16:01.0697070
solver_20_trains_5_units11,True,5160,00:03:50.3429389
solver_20_trains_5_units11,True,5400,00:01:04.5025990
solver_20_trains_5_units11,True,5640,00:00:33.2082417
solver_20_trains_5_units11,True,5880,00:01:27.5062057
solver_20_trains_5_units13,True,4920,00:09:23.6186674
solver_20_trains_5_units13,True,5160,00:02:20.0873439
solver_20_trains_5_units13,True,5400,00:03:25.8367919
solver_20_trains_5_units13,True,5640,00:01:09.0114458
solver_20_trains_5_units13,True,5880,00:01:44.1679019
solver_20_trains_5_units29,True,4920,00:09:08.1204810
solver_20_trains_5_units29,True,5160,00:01:59.7633454
solver_20_trains_5_units29,True,5400,00:05:25.2976804
solver_20_trains_5_units29,True,5640,00:01:00.3722484
solver_20_trains_5_units29,True,5880,00:01:57.4192182
solver_20_trains_5_units19,True,4920,00:14:56.1043792
solver_20_trains_5_units19,True,5160,00:01:37.5757646
solver_20_trains_5_units19,True,5400,00:01:22.9321881
solver_20_trains_5_units19,True,5640,00:00:33.0218133
solver_20_trains_5_units19,True,5880,00:01:13.8627839
solver_20_trains_5_units28,True,4920,00:28:53.5807662
solver_20_trains_5_units28,True,5160,00:03:36.5503952
solver_20_trains_5_units28,True,5400,00:02:24.4376337
solver_20_trains_5_units28,True,5880,00:01:20.6339614
solver_20_trains_5_units27,True,5160,00:01:23.4034196
solver_20_trains_5_units27,True,5400,00:01:15.9487856
solver_20_trains_5_units27,True,5640,00:01:28.7129289
solver_20_trains_5_units27,True,5880,00:01:22.1591084
solver_20_trains_5_units1,True,4920,00:05:02.9993386
solver_20_trains_5_units1,True,5160,00:04:49.2258516
solver_20_trains_5_units1,True,5400,00:02:06.0491558
solver_20_trains_5_units1,True,5640,00:01:25.4466728
solver_20_trains_5_units1,True,5880,00:01:24.7321202
solver_20_trains_5_units8,True,4920,00:02:55.1950844
solver_20_trains_5_units8,True,5160,00:18:03.7363065
solver_20_trains_5_units8,True,5400,00:02:59.6995988
solver_20_trains_5_units8,True,5640,00:01:57.2979610
solver_20_trains_5_units8,True,5880,00:00:51.1064084
solver_20_trains_5_units24,True,4920,00:16:26.7778730
solver_20_trains_5_units24,True,5160,00:02:01.8667817
solver_20_trains_5_units24,True,5400,00:02:04.0359015
solver_20_trains_5_units24,True,5640,00:00:34.4572325
solver_20_trains_5_units24,True,5880,00:01:58.8025025
solver_20_trains_5_units20,True,4920,00:04:06.5600657
solver_20_trains_5_units20,True,5400,00:01:13.2228898
solver_20_trains_5_units20,True,5640,00:01:02.4550691
solver_20_trains_5_units20,True,5880,00:01:21.3813015
solver_20_trains_5_units14,True,4920,00:16:04.5224758
solver_20_trains_5_units14,True,5160,00:02:06.7481482
solver_20_trains_5_units14,True,5400,00:02:08.4378735
solver_20_trains_5_units14,True,5640,00:04:01.5495900
solver_20_trains_5_units14,True,5880,00:01:46.1715801
solver_20_trains_5_units3,True,5400,00:01:56.3506950
solver_20_trains_5_units3,True,5640,00:00:51.3552467
solver_20_trains_5_units3,True,5880,00:01:52.6752452
solver_20_trains_5_units25,True,5160,00:03:08.5804614
solver_20_trains_5_units25,True,5400,00:01:34.2557539
solver_20_trains_5_units25,True,5640,00:01:00.7076719
solver_20_trains_5_units25,True,5880,00:01:28.7990766
solver_20_trains_5_units4,True,4920,00:29:06.1375860
solver_20_trains_5_units4,True,5400,00:01:10.8204242
solver_20_trains_5_units4,True,5640,00:02:17.6104755
solver_20_trains_5_units4,True,5880,00:01:37.2185765
solver_20_trains_5_units18,True,4920,00:25:05.8881870
solver_20_trains_5_units18,True,5160,00:05:48.3429366
solver_20_trains_5_units18,True,5400,00:01:57.8388520
solver_20_trains_5_units18,True,5640,00:02:37.3691798
solver_20_trains_5_units18,True,5880,00:01:14.2577042
solver_20_trains_5_units6,True,4920,00:06:55.5226558
solver_20_trains_5_units6,True,5160,00:01:43.0375773
solver_20_trains_5_units6,True,5400,00:00:51.3434732
solver_20_trains_5_units6,True,5640,00:01:04.3298948
solver_20_trains_5_units6,True,5880,00:00:45.8252370
solver_20_trains_5_units30,True,4920,00:25:07.6355574
solver_20_trains_5_units30,True,5160,00:04:35.4922895
solver_20_trains_5_units30,True,5400,00:01:27.8607097
solver_20_trains_5_units30,True,5640,00:01:25.9169529
solver_20_trains_5_units30,True,5880,00:01:03.5523494
solver_20_trains_5_units21,True,5400,00:02:20.8783907
solver_20_trains_5_units21,True,5640,00:00:50.9454112
solver_20_trains_5_units21,True,5880,00:01:40.8246561
solver_20_trains_5_units19,True,6000,00:01:32.8575159
solver_20_trains_5_units27,True,4800,00:28:55.3851062
solver_20_trains_5_units27,True,6000,00:01:08.1925029
solver_20_trains_5_units10,True,6000,00:01:37.6117933
solver_20_trains_5_units6,True,6000,00:01:26.2900280
solver_20_trains_5_units7,True,6000,00:01:01.4409835
solver_20_trains_5_units18,True,4800,00:16:11.2236861
solver_20_trains_5_units18,True,6000,00:01:06.4478739
solver_20_trains_5_units13,True,6000,00:02:27.1428218
solver_20_trains_5_units25,True,6000,00:01:07.6702896
solver_20_trains_5_units26,True,6000,00:01:26.9523752
solver_20_trains_5_units2,True,6000,00:00:37.2664757
solver_20_trains_5_units30,True,6000,00:01:01.4703254
solver_20_trains_5_units16,True,6000,00:01:36.7529823
solver_20_trains_5_units17,True,6000,00:00:47.3085567
solver_20_trains_5_units11,True,6000,00:01:12.6288236
solver_20_trains_5_units12,True,4800,00:08:16.4405191
solver_20_trains_5_units12,True,6000,00:01:00.0692246
solver_20_trains_5_units14,True,6000,00:06:12.3768273
solver_20_trains_5_units5,True,4800,00:28:32.2743529
solver_20_trains_5_units5,True,6000,00:05:05.5698864
solver_20_trains_5_units6,True,4800,00:27:24.0083872
solver_20_trains_5_units20,True,6000,00:02:01.9166739
solver_20_trains_5_units21,True,4800,00:29:52.4719792
solver_20_trains_5_units21,True,6000,00:00:44.3224705
solver_20_trains_5_units4,True,6000,00:01:48.7476667
solver_20_trains_5_units3,True,4800,00:25:36.5808162
solver_20_trains_5_units3,True,6000,00:00:58.4510313
solver_20_trains_5_units22,True,6000,00:01:21.4349992
solver_20_trains_5_units28,True,6000,00:01:13.1015556
solver_20_trains_5_units23,True,4800,00:18:16.3248684
solver_20_trains_5_units23,True,6000,00:00:59.8959264
solver_20_trains_5_units15,True,6000,00:01:31.9445898
solver_20_trains_5_units9,True,4800,00:15:13.6371773
solver_20_trains_5_units9,True,6000,00:01:21.4960058
solver_20_trains_5_units29,True,6000,00:01:53.6974504
solver_20_trains_5_units1,True,6000,00:00:42.3870769
solver_20_trains_5_units8,True,4800,00:10:53.3147771
solver_20_trains_5_units8,True,6000,00:01:31.0006197
solver_20_trains_5_units24,True,6000,00:01:23.3682868
solver_20_trains_5_units18,True,5760,00:01:30.2551392
solver_20_trains_5_units19,True,5040,00:03:23.2432245
solver_20_trains_5_units19,True,5280,00:01:18.1634778
solver_20_trains_5_units19,True,5520,00:00:52.5643117
solver_20_trains_5_units19,True,5760,00:01:03.4506559
solver_20_trains_5_units26,True,5520,00:01:23.7736619
solver_20_trains_5_units26,True,5760,00:01:05.3496187
solver_20_trains_5_units27,True,5040,00:03:43.6805576
solver_20_trains_5_units27,True,5280,00:00:56.5370854
solver_20_trains_5_units27,True,5520,00:01:02.5706320
solver_20_trains_5_units10,True,5040,00:03:02.0332214
solver_20_trains_5_units10,True,5280,00:01:34.7775335
solver_20_trains_5_units10,True,5520,00:01:23.4408887
solver_20_trains_5_units10,True,5760,00:01:44.8323275
solver_20_trains_5_units11,True,5040,00:02:28.7580387
solver_20_trains_5_units6,True,5280,00:01:46.5574282
solver_20_trains_5_units6,True,5520,00:01:44.4928168
solver_20_trains_5_units6,True,5760,00:01:35.0313111
solver_20_trains_5_units7,True,5280,00:01:16.2962874
solver_20_trains_5_units17,True,5520,00:00:49.1468912
solver_20_trains_5_units17,True,5760,00:01:16.8485044
solver_20_trains_5_units18,True,5040,00:10:17.7109380
solver_20_trains_5_units18,True,5280,00:03:31.6443906
solver_20_trains_5_units18,True,5520,00:01:24.3990409
solver_20_trains_5_units12,True,5520,00:01:23.5668497
solver_20_trains_5_units12,True,5760,00:01:48.6523771
solver_20_trains_5_units13,True,5040,00:07:42.8927902
solver_20_trains_5_units13,True,5280,00:01:25.2197802
solver_20_trains_5_units13,True,5520,00:06:14.9145113
solver_20_trains_5_units25,True,5280,00:01:37.1099440
solver_20_trains_5_units25,True,5520,00:01:25.1808785
solver_20_trains_5_units25,True,5760,00:01:00.2507163
solver_20_trains_5_units26,True,5040,00:06:18.4757864
solver_20_trains_5_units2,True,5280,00:02:07.5884125
solver_20_trains_5_units2,True,5520,00:01:37.8319316
solver_20_trains_5_units2,True,5760,00:01:11.2195256
solver_20_trains_5_units30,True,5040,00:02:12.4472142
solver_20_trains_5_units30,True,5280,00:01:25.5224456
solver_20_trains_5_units16,True,5280,00:01:36.9237964
solver_20_trains_5_units16,True,5520,00:01:44.0478755
solver_20_trains_5_units16,True,5760,00:00:53.2055615
solver_20_trains_5_units17,True,5040,00:20:33.8225190
solver_20_trains_5_units11,True,5280,00:03:41.0908930
solver_20_trains_5_units11,True,5520,00:00:49.7767193
solver_20_trains_5_units11,True,5760,00:00:27.2709400
solver_20_trains_5_units12,True,5040,00:20:03.7871108
solver_20_trains_5_units12,True,5280,00:01:30.9399115
solver_20_trains_5_units13,True,5760,00:01:09.8396133
solver_20_trains_5_units14,True,5040,00:24:55.4164510
solver_20_trains_5_units14,True,5280,00:06:54.5471267
solver_20_trains_5_units14,True,5760,00:02:05.0582045
solver_20_trains_5_units5,True,5040,00:05:20.4413372
solver_20_trains_5_units5,True,5520,00:04:06.1511792
solver_20_trains_5_units5,True,5760,00:10:49.7416358
solver_20_trains_5_units6,True,5040,00:01:52.2714184
solver_20_trains_5_units20,True,5280,00:01:56.9210309
solver_20_trains_5_units20,True,5520,00:01:30.8701747
solver_20_trains_5_units20,True,5760,00:01:28.9138592
solver_20_trains_5_units21,True,5040,00:07:59.0486296
solver_20_trains_5_units21,True,5280,00:05:38.8128999
solver_20_trains_5_units3,True,5760,00:01:34.1099462
solver_20_trains_5_units4,True,5040,00:01:55.9993433
solver_20_trains_5_units4,True,5280,00:01:57.6059839
solver_20_trains_5_units4,True,5520,00:01:24.6104618
solver_20_trains_5_units4,True,5760,00:01:56.7509068
solver_20_trains_5_units30,True,5520,00:01:26.0784761
solver_20_trains_5_units30,True,5760,00:01:43.3556807
solver_20_trains_5_units3,True,5040,00:04:41.8421345
solver_20_trains_5_units3,True,5280,00:01:53.9306898
solver_20_trains_5_units3,True,5520,00:01:48.0240047
solver_20_trains_5_units21,True,5520,00:01:02.7396857
solver_20_trains_5_units21,True,5760,00:01:48.6363360
solver_20_trains_5_units22,True,5040,00:05:43.1565475
solver_20_trains_5_units22,True,5520,00:04:54.0698249
solver_20_trains_5_units27,True,5760,00:01:09.5381433
solver_20_trains_5_units28,True,5280,00:01:36.7102885
solver_20_trains_5_units28,True,5520,00:01:13.9812672
solver_20_trains_5_units28,True,5760,00:01:31.8224074
solver_20_trains_5_units22,True,5760,00:02:29.4721470
solver_20_trains_5_units23,True,5040,00:06:22.8677200
solver_20_trains_5_units23,True,5280,00:01:51.1566657
solver_20_trains_5_units23,True,5520,00:01:10.3502775
solver_20_trains_5_units23,True,5760,00:01:30.4398265
solver_20_trains_5_units15,True,5040,00:06:47.4739510
solver_20_trains_5_units15,True,5280,00:28:54.9413751
solver_20_trains_5_units15,True,5520,00:01:51.1766215
solver_20_trains_5_units15,True,5760,00:01:10.7370217
solver_20_trains_5_units8,True,5760,00:02:15.5669753
solver_20_trains_5_units9,True,5280,00:06:27.1497434
solver_20_trains_5_units9,True,5520,00:02:07.3954617
solver_20_trains_5_units9,True,5760,00:00:33.4602827
solver_20_trains_5_units29,True,5040,00:07:04.8970866
solver_20_trains_5_units29,True,5280,00:01:53.3090697
solver_20_trains_5_units29,True,5520,00:01:43.9564936
solver_20_trains_5_units29,True,5760,00:01:05.8020602
solver_20_trains_5_units2,True,5040,00:05:56.8666514
solver_20_trains_5_units1,True,5040,00:02:31.3328512
solver_20_trains_5_units1,True,5280,00:03:17.5971241
solver_20_trains_5_units1,True,5520,00:01:28.4972412
solver_20_trains_5_units1,True,5760,00:01:12.3478313
solver_20_trains_5_units20,True,5040,00:07:28.0537365
solver_20_trains_5_units7,True,5520,00:01:41.3947653
solver_20_trains_5_units7,True,5760,00:01:46.0419086
solver_20_trains_5_units8,True,5040,00:16:49.5285954
solver_20_trains_5_units8,True,5280,00:01:33.6237725
solver_20_trains_5_units8,True,5520,00:01:27.8383686
solver_20_trains_5_units24,True,5040,00:01:30.4119834
solver_20_trains_5_units24,True,5280,00:00:46.3741801
solver_20_trains_5_units24,True,5520,00:01:15.4482223
solver_20_trains_5_units24,True,5760,00:00:38.9316209
solver_20_trains_5_units25,True,5040,00:02:14.5937546
