num_trains,type,k,time,time_first_solution,solution_found,num_movements
5,1,0,37.613736152648926,37.613736152648926,True,10
5,1,0,38.11703085899353,38.11703085899353,True,10
5,1,0,43.48031306266785,43.48031306266785,True,10
5,1,0,39.05118417739868,39.05118417739868,True,10
5,1,0,38.55377769470215,38.55377769470215,True,10
5,1,0,36.262059688568115,36.262059688568115,True,10
5,1,0,45.27590751647949,45.27590751647949,True,10
5,1,0,41.28133773803711,41.28133773803711,True,10
5,1,0,40.7302610874176,40.7302610874176,True,10
5,1,0,37.31241750717163,37.31241750717163,True,10
5,1,0,40.79138994216919,40.79138994216919,True,10
5,1,0,40.09960913658142,40.09960913658142,True,10
5,1,0,51.05578351020813,51.05578351020813,True,10
5,1,0,47.627845287323,47.627845287323,True,10
5,1,0,45.64605188369751,45.64605188369751,True,10
5,1,0,45.54303050041199,45.54303050041199,True,10
5,1,0,42.020525217056274,42.020525217056274,True,10
5,1,0,35.550856828689575,35.550856828689575,True,10
5,1,0,42.64381003379822,42.64381003379822,True,10
5,1,0,39.383002042770386,39.383002042770386,True,10
5,1,0,39.72049045562744,39.72049045562744,True,10
5,1,0,44.246747732162476,44.246747732162476,True,10
5,1,0,34.6936399936676,34.6936399936676,True,10
5,1,0,41.304888010025024,41.304888010025024,True,10
5,1,0,40.059065103530884,40.059065103530884,True,10
5,1,0,44.90431356430054,44.90431356430054,True,10
5,1,0,40.14924645423889,40.14924645423889,True,10
5,1,0,39.97738218307495,39.97738218307495,True,10
5,1,0,42.833828926086426,42.833828926086426,True,10
5,1,0,41.13212299346924,41.13212299346924,True,10
5,1/3,0,46.91035294532776,46.91035294532776,True,10
5,1/3,0,41.89203500747681,41.89203500747681,True,10
5,1/3,0,41.543490171432495,41.543490171432495,True,10
5,1/3,0,40.841023206710815,40.841023206710815,True,10
5,1/3,0,41.331448554992676,41.331448554992676,True,10
5,1/3,0,39.167776346206665,39.167776346206665,True,10
5,1/3,0,40.3352837562561,40.3352837562561,True,10
5,1/3,0,43.97827672958374,43.97827672958374,True,10
5,1/3,0,44.344879388809204,44.344879388809204,True,10
5,1/3,0,41.47202229499817,41.47202229499817,True,10
5,1/3,0,43.02572703361511,43.02572703361511,True,10
5,1/3,0,45.438968896865845,45.438968896865845,True,10
5,1/3,0,46.99277710914612,46.99277710914612,True,10
5,1/3,0,40.42952275276184,40.42952275276184,True,10
5,1/3,0,39.45037484169006,39.45037484169006,True,10
5,1/3,0,40.55125975608826,40.55125975608826,True,10
5,1/3,0,45.02698111534119,45.02698111534119,True,10
5,1/3,0,33.60612106323242,33.60612106323242,True,10
5,1/3,0,40.39647436141968,40.39647436141968,True,10
5,1/3,0,38.65636467933655,38.65636467933655,True,10
5,1/3,0,39.07251572608948,39.07251572608948,True,10
5,1/3,0,44.57618689537048,44.57618689537048,True,10
5,1/3,0,45.46459078788757,45.46459078788757,True,10
5,1/3,0,41.7952721118927,41.7952721118927,True,10
5,1/3,0,40.93392014503479,40.93392014503479,True,10
5,1/3,0,42.9889178276062,42.9889178276062,True,10
5,1/3,0,42.01589870452881,42.01589870452881,True,10
5,1/3,0,40.18711066246033,40.18711066246033,True,10
5,1/3,0,38.148019552230835,38.148019552230835,True,10
5,1/3,0,40.624818563461304,40.624818563461304,True,10
5,num_trains,0,30.242984771728516,30.242984771728516,True,10
5,num_trains,0,32.968688011169434,32.968688011169434,True,10
5,num_trains,0,28.090250968933105,28.090250968933105,True,10
5,num_trains,0,31.131004095077515,31.131004095077515,True,10
5,num_trains,0,31.720799446105957,31.720799446105957,True,10
5,num_trains,0,30.916698932647705,30.916698932647705,True,10
5,num_trains,0,31.566185235977173,31.566185235977173,True,10
5,num_trains,0,33.617095947265625,33.617095947265625,True,10
5,num_trains,0,32.267362117767334,32.267362117767334,True,10
5,num_trains,0,35.57528352737427,35.57528352737427,True,10
5,num_trains,0,29.03770399093628,29.03770399093628,True,10
5,num_trains,0,35.33327126502991,35.33327126502991,True,10
5,num_trains,0,30.993199586868286,30.993199586868286,True,10
5,num_trains,0,32.170257329940796,32.170257329940796,True,10
5,num_trains,0,30.15639591217041,30.15639591217041,True,10
5,num_trains,0,34.157657861709595,34.157657861709595,True,10
5,num_trains,0,33.26062083244324,33.26062083244324,True,10
5,num_trains,0,28.735055685043335,28.735055685043335,True,10
5,num_trains,0,31.841310024261475,31.841310024261475,True,10
5,num_trains,0,32.20522594451904,32.20522594451904,True,10
5,num_trains,0,32.84018158912659,32.84018158912659,True,10
5,num_trains,0,32.92055678367615,32.92055678367615,True,10
5,num_trains,0,31.326929569244385,31.326929569244385,True,10
5,num_trains,0,31.67006802558899,31.67006802558899,True,10
5,num_trains,0,32.752575635910034,32.752575635910034,True,10
5,num_trains,0,37.44698166847229,37.44698166847229,True,10
5,num_trains,0,37.533671379089355,37.533671379089355,True,10
5,num_trains,0,30.31311821937561,30.31311821937561,True,10
5,num_trains,0,31.42647933959961,31.42647933959961,True,10
5,num_trains,0,31.02487826347351,31.02487826347351,True,10
10,1,0,81.9652373790741,81.9652373790741,True,22
10,1,0,86.96107888221741,86.96107888221741,True,22
10,1,0,89.6773612499237,89.6773612499237,True,22
10,1,0,88.78716897964478,88.78716897964478,True,22
10,1,0,88.49550986289978,88.49550986289978,True,22
10,1,0,81.54255533218384,81.54255533218384,True,22
10,1,0,75.1275486946106,75.1275486946106,True,22
10,1,0,79.21658563613892,79.21658563613892,True,22
10,1,0,77.87608218193054,77.87608218193054,True,22
10,1,0,119.20876359939575,119.20876359939575,True,22
10,1,0,99.51788115501404,99.51788115501404,True,22
10,1,0,112.20960187911987,112.20960187911987,True,22
10,1,0,86.50878500938416,86.50878500938416,True,22
10,1,1,132.56854438781738,132.56854438781738,True,22
10,1,1,127.70403742790222,127.70403742790222,True,22
10,1,0,86.38022208213806,86.38022208213806,True,22
10,1,0,73.96588635444641,73.96588635444641,True,22
10,1,0,87.65065336227417,87.65065336227417,True,22
10,1,0,78.25477409362793,78.25477409362793,True,22
10,1,0,87.04983711242676,87.04983711242676,True,22
10,1,0,83.44721698760986,83.44721698760986,True,22
10,1,0,104.87134146690369,104.87134146690369,True,22
10,1,0,85.32260727882385,85.32260727882385,True,22
10,1,1,157.29904174804688,157.29904174804688,True,22
10,1,0,82.90193819999695,82.90193819999695,True,22
10,1,0,86.50003409385681,86.50003409385681,True,22
10,1,0,77.46229243278503,77.46229243278503,True,22
10,1,0,104.76342248916626,104.76342248916626,True,22
10,1,1,149.7569499015808,149.7569499015808,True,24
10,1,3,249.31818842887878,249.31818842887878,True,26
10,5,0,32.41884970664978,32.41884970664978,True,0
10,5,0,32.97216820716858,32.97216820716858,True,0
10,5,0,31.89735221862793,31.89735221862793,True,0
10,5,0,31.326966762542725,31.326966762542725,True,0
10,5,0,30.91667079925537,30.91667079925537,True,0
10,5,0,31.07534098625183,31.07534098625183,True,0
10,5,0,31.631789207458496,31.631789207458496,True,0
10,5,0,31.262682914733887,31.262682914733887,True,0
10,5,0,31.040619611740112,31.040619611740112,True,0
10,5,0,31.95711064338684,31.95711064338684,True,0
10,5,0,31.149609088897705,31.149609088897705,True,0
10,5,0,31.10409188270569,31.10409188270569,True,0
10,5,0,30.647346019744873,30.647346019744873,True,0
10,5,0,31.164129734039307,31.164129734039307,True,0
10,5,0,32.10037183761597,32.10037183761597,True,0
10,5,0,31.619699716567993,31.619699716567993,True,0
10,5,0,31.924731016159058,31.924731016159058,True,0
10,5,0,31.26384687423706,31.26384687423706,True,0
10,5,0,30.213846683502197,30.213846683502197,True,0
10,5,0,30.054455041885376,30.054455041885376,True,0
10,5,0,30.26537561416626,30.26537561416626,True,0
10,5,0,30.808514833450317,30.808514833450317,True,0
10,5,0,32.039198875427246,32.039198875427246,True,0
10,5,0,29.102599143981934,29.102599143981934,True,0
10,5,0,32.869683265686035,32.869683265686035,True,0
10,5,0,34.66498589515686,34.66498589515686,True,0
10,5,0,33.73970866203308,33.73970866203308,True,0
10,5,0,33.329004526138306,33.329004526138306,True,0
10,5,0,33.94806790351868,33.94806790351868,True,0
10,5,0,32.635106325149536,32.635106325149536,True,0
10,1/3,0,92.99363374710083,92.99363374710083,True,22
10,1/3,0,82.76995921134949,82.76995921134949,True,22
10,1/3,0,83.42392563819885,83.42392563819885,True,22
10,1/3,1,149.33046555519104,149.33046555519104,True,22
10,1/3,0,100.23336601257324,100.23336601257324,True,22
10,1/3,0,96.00580716133118,96.00580716133118,True,22
10,1/3,0,79.27404713630676,79.27404713630676,True,22
10,1/3,3,211.67106890678406,211.67106890678406,True,24
10,1/3,0,77.0985631942749,77.0985631942749,True,22
10,1/3,0,83.65776801109314,83.65776801109314,True,22
10,1/3,0,78.0655288696289,78.0655288696289,True,22
10,1/3,0,77.11407995223999,77.11407995223999,True,22
10,1/3,0,89.11375713348389,89.11375713348389,True,22
10,1/3,0,91.733389377594,91.733389377594,True,22
10,1/3,0,94.81558752059937,94.81558752059937,True,22
10,1/3,0,90.58277463912964,90.58277463912964,True,22
10,1/3,0,88.83581876754761,88.83581876754761,True,22
10,1/3,0,86.62824130058289,86.62824130058289,True,22
10,1/3,0,80.52178859710693,80.52178859710693,True,22
10,1/3,0,84.9504668712616,84.9504668712616,True,26
10,1/3,0,80.95569062232971,80.95569062232971,True,22
10,1/3,0,90.1582510471344,90.1582510471344,True,22
10,1/3,0,88.56537795066833,88.56537795066833,True,22
10,1/3,0,95.30270886421204,95.30270886421204,True,22
10,1/3,0,75.65059614181519,75.65059614181519,True,22
10,1/3,0,77.65384602546692,77.65384602546692,True,22
10,1/3,0,79.87633275985718,79.87633275985718,True,22
10,1/3,3,218.8234224319458,218.8234224319458,True,22
10,1/3,0,82.462327003479,82.462327003479,True,22
10,1/3,1,118.63156390190125,118.63156390190125,True,22
10,num_trains,0,69.92912077903748,69.92912077903748,True,24
10,num_trains,0,67.40656805038452,67.40656805038452,True,22
10,num_trains,2,146.23624539375305,146.23624539375305,True,22
10,num_trains,0,63.93942165374756,63.93942165374756,True,22
10,num_trains,0,61.15717792510986,61.15717792510986,True,22
10,num_trains,0,64.1731653213501,64.1731653213501,True,25
10,num_trains,0,67.69483637809753,67.69483637809753,True,24
10,num_trains,0,68.34043502807617,68.34043502807617,True,22
10,num_trains,1,110.8727490901947,110.8727490901947,True,22
10,num_trains,0,65.2764880657196,65.2764880657196,True,22
10,num_trains,1,99.35829401016235,99.35829401016235,True,26
10,num_trains,0,69.97217130661011,69.97217130661011,True,22
10,num_trains,0,67.83570098876953,67.83570098876953,True,22
10,num_trains,0,64.88321876525879,64.88321876525879,True,22
10,num_trains,0,64.35738968849182,64.35738968849182,True,22
10,num_trains,0,68.19428706169128,68.19428706169128,True,26
10,num_trains,0,74.09280705451965,74.09280705451965,True,22
10,num_trains,1,105.1250741481781,105.1250741481781,True,22
10,num_trains,0,67.28081560134888,67.28081560134888,True,22
10,num_trains,0,72.69411182403564,72.69411182403564,True,22
10,num_trains,0,75.4929416179657,75.4929416179657,True,22
10,num_trains,0,63.767661571502686,63.767661571502686,True,22
10,num_trains,0,68.57451319694519,68.57451319694519,True,22
10,num_trains,0,72.60877132415771,72.60877132415771,True,22
10,num_trains,0,73.79685473442078,73.79685473442078,True,22
10,num_trains,1,112.42700457572937,112.42700457572937,True,26
10,num_trains,0,72.74344515800476,72.74344515800476,True,22
10,num_trains,0,63.32346200942993,63.32346200942993,True,22
10,num_trains,0,61.68775773048401,61.68775773048401,True,22
10,num_trains,1,97.32917809486389,97.32917809486389,True,22
15,1,0,148.6057152748108,148.6057152748108,True,44
15,1,1,207.02843499183655,207.02843499183655,True,42
15,1,0,155.80370831489563,155.80370831489563,True,42
15,1,0,166.25063800811768,166.25063800811768,True,42
15,1,0,141.10006141662598,141.10006141662598,True,44
15,1,1,226.5194616317749,226.5194616317749,True,44
15,1,1,223.82270669937134,223.82270669937134,True,42
15,1,1,232.6881365776062,232.6881365776062,True,44
15,1,3,348.69257974624634,348.69257974624634,True,46
15,1,1,251.53220963478088,251.53220963478088,True,46
15,1,1,216.9408140182495,216.9408140182495,True,48
15,1,1,242.50922846794128,242.50922846794128,True,46
15,1,0,152.35064029693604,152.35064029693604,True,44
15,1,1,225.80704808235168,225.80704808235168,True,48
15,1,3,386.38141894340515,386.38141894340515,True,55
15,1,1,269.31959795951843,269.31959795951843,True,44
15,1,0,147.75357341766357,147.75357341766357,True,44
15,1,0,171.25781893730164,171.25781893730164,True,42
15,1,3,386.981951713562,386.981951713562,True,46
15,1,1,219.14890456199646,219.14890456199646,True,46
15,1,1,223.97467350959778,223.97467350959778,True,46
15,1,1,294.8245689868927,294.8245689868927,True,52
15,1,1,254.44943141937256,254.44943141937256,True,46
15,1,3,474.15950989723206,474.15950989723206,True,68
15,1,0,207.06816482543945,207.06816482543945,True,42
15,1,1,295.45739221572876,295.45739221572876,True,44
15,1,0,213.45225977897644,213.45225977897644,True,42
15,1,1,234.14990901947021,234.14990901947021,True,51
15,1,1,224.21178889274597,224.21178889274597,True,48
15,1,1,228.1382167339325,228.1382167339325,True,42
15,5,3,390.62797117233276,390.62797117233276,True,46
15,5,1,205.695472240448,205.695472240448,True,44
15,5,1,221.75891852378845,221.75891852378845,True,44
15,5,1,200.0993618965149,200.0993618965149,True,42
15,5,1,195.88558435440063,195.88558435440063,True,50
15,5,1,189.75820350646973,189.75820350646973,True,49
15,5,1,195.21155858039856,195.21155858039856,True,58
15,5,0,123.26615190505981,123.26615190505981,True,42
15,5,1,197.87209296226501,197.87209296226501,True,53
15,5,1,195.4840817451477,195.4840817451477,True,48
15,5,3,352.7193806171417,352.7193806171417,True,58
15,5,3,359.3022449016571,359.3022449016571,True,46
15,5,0,163.09439873695374,163.09439873695374,True,44
15,5,1,246.0899007320404,246.0899007320404,True,58
15,5,1,241.40210914611816,241.40210914611816,True,55
15,5,2,279.6212899684906,279.6212899684906,True,48
15,5,1,202.15548014640808,202.15548014640808,True,42
15,5,1,198.37135362625122,198.37135362625122,True,44
15,5,1,194.63078832626343,194.63078832626343,True,48
15,5,0,129.67999744415283,129.67999744415283,True,44
15,5,1,182.68407487869263,182.68407487869263,True,50
15,5,0,118.39218282699585,118.39218282699585,True,44
15,5,1,191.3526952266693,191.3526952266693,True,44
15,5,0,120.05217814445496,120.05217814445496,True,42
15,5,1,216.741516828537,216.741516828537,True,44
15,5,2,285.5167374610901,285.5167374610901,True,50
15,5,1,196.39648056030273,196.39648056030273,True,50
15,5,0,127.37060976028442,127.37060976028442,True,46
15,5,1,222.0166618824005,222.0166618824005,True,52
15,5,0,133.16255617141724,133.16255617141724,True,48
15,num_trains,2,208.28789806365967,208.28789806365967,True,46
15,num_trains,2,220.85640406608582,220.85640406608582,True,50
15,num_trains,1,159.60543847084045,159.60543847084045,True,49
15,num_trains,3,295.45843029022217,295.45843029022217,True,53
15,num_trains,1,178.04461669921875,178.04461669921875,True,57
15,num_trains,3,298.01478910446167,298.01478910446167,True,48
15,num_trains,3,323.5161907672882,323.5161907672882,True,52
15,num_trains,1,169.47654056549072,169.47654056549072,True,60
15,num_trains,0,106.21443343162537,106.21443343162537,True,44
15,num_trains,2,227.18370842933655,227.18370842933655,True,44
15,num_trains,1,161.37582969665527,161.37582969665527,True,54
15,num_trains,1,159.94495129585266,159.94495129585266,True,54
15,num_trains,0,117.78085899353027,117.78085899353027,True,48
15,num_trains,1,196.0817666053772,196.0817666053772,True,51
15,num_trains,3,325.69784474372864,325.69784474372864,True,54
15,num_trains,0,102.0633590221405,102.0633590221405,True,50
15,num_trains,1,164.72177457809448,164.72177457809448,True,54
15,num_trains,1,171.02745127677917,171.02745127677917,True,42
15,num_trains,3,288.0775179862976,288.0775179862976,True,52
15,num_trains,2,216.58765077590942,216.58765077590942,True,52
15,num_trains,1,163.47617268562317,163.47617268562317,True,48
15,num_trains,1,162.78446912765503,162.78446912765503,True,56
15,num_trains,1,155.45368552207947,155.45368552207947,True,58
15,num_trains,0,103.69641375541687,103.69641375541687,True,44
15,num_trains,3,261.3014552593231,261.3014552593231,True,46
15,num_trains,4,326.4475111961365,326.4475111961365,True,54
15,num_trains,1,154.11528038978577,154.11528038978577,True,52
15,num_trains,2,214.17109727859497,214.17109727859497,True,58
15,num_trains,1,156.898601770401,156.898601770401,True,52
15,num_trains,1,157.81131744384766,157.81131744384766,True,54
20,1,2,390.36465215682983,390.36465215682983,True,75
20,1,1,309.53905868530273,309.53905868530273,True,80
20,1,2,377.51948499679565,377.51948499679565,True,80
20,1,2,438.15831565856934,438.15831565856934,True,91
20,1,3,526.6165709495544,526.6165709495544,True,86
20,1,3,505.12270879745483,505.12270879745483,True,85
20,1,2,421.3254623413086,421.3254623413086,True,78
20,1,3,572.8661172389984,572.8661172389984,True,78
20,1,3,505.2958183288574,505.2958183288574,True,73
20,1,2,481.4884502887726,481.4884502887726,True,76
20,1,1,348.9390187263489,348.9390187263489,True,92
20,1,2,410.34659028053284,410.34659028053284,True,78
20,1,1,345.5661952495575,345.5661952495575,True,74
20,1,1,334.04876136779785,334.04876136779785,True,76
20,1,4,671.9948315620422,671.9948315620422,True,86
20,1,1,286.75214886665344,286.75214886665344,True,70
20,1,3,466.03555560112,466.03555560112,True,74
20,1,1,274.92539405822754,274.92539405822754,True,74
20,1,2,490.0622718334198,490.0622718334198,True,74
20,1,1,331.7597346305847,331.7597346305847,True,74
20,1,1,343.6757740974426,343.6757740974426,True,76
20,1,0,223.83132243156433,223.83132243156433,True,68
20,1,1,330.6163830757141,330.6163830757141,True,75
20,1,7,942.3403058052063,942.3403058052063,True,80
20,1,2,453.0406939983368,453.0406939983368,True,88
20,1,1,350.6197667121887,350.6197667121887,True,79
20,1,1,337.0948030948639,337.0948030948639,True,68
20,1,1,316.5060667991638,316.5060667991638,True,72
20,1,1,351.53721594810486,351.53721594810486,True,74
20,1,5,713.2281155586243,713.2281155586243,True,80
20,5,4,661.5505368709564,661.5505368709564,True,76
20,5,1,309.1183428764343,309.1183428764343,True,84
20,5,2,440.13569140434265,440.13569140434265,True,88
20,5,1,313.60395765304565,313.60395765304565,True,83
20,5,2,410.536536693573,410.536536693573,True,85
20,5,2,424.94422364234924,424.94422364234924,True,96
20,5,1,385.3341965675354,385.3341965675354,True,84
20,5,1,382.38071036338806,382.38071036338806,True,75
20,5,2,503.11741399765015,503.11741399765015,True,91
20,5,1,305.6870503425598,305.6870503425598,True,81
20,5,3,461.2297115325928,461.2297115325928,True,74
20,5,1,302.51773142814636,302.51773142814636,True,68
20,5,1,305.07959270477295,305.07959270477295,True,76
20,5,1,322.6891736984253,322.6891736984253,True,94
20,5,1,294.00855779647827,294.00855779647827,True,78
20,5,1,291.0426936149597,291.0426936149597,True,81
20,5,8,880.5414881706238,880.5414881706238,True,76
20,5,4,544.8552448749542,544.8552448749542,True,82
20,5,1,305.71098041534424,305.71098041534424,True,80
20,5,1,285.69520473480225,285.69520473480225,True,74
20,5,1,302.78010416030884,302.78010416030884,True,72
20,5,1,301.48884177207947,301.48884177207947,True,81
20,5,1,301.5832643508911,301.5832643508911,True,80
20,5,1,287.69641637802124,287.69641637802124,True,72
20,5,1,327.2231640815735,327.2231640815735,True,89
20,5,1,320.00937724113464,320.00937724113464,True,68
20,5,3,493.98208689689636,493.98208689689636,True,80
20,5,1,301.9719364643097,301.9719364643097,True,88
20,5,1,299.55996346473694,299.55996346473694,True,76
20,5,2,387.0176920890808,387.0176920890808,True,72
20,1/3,5,727.5675160884857,727.5675160884857,True,74
20,1/3,1,315.6767842769623,315.6767842769623,True,83
20,1/3,1,331.1552846431732,331.1552846431732,True,74
20,1/3,1,303.639906167984,303.639906167984,True,80
20,1/3,1,323.2081377506256,323.2081377506256,True,72
20,1/3,1,297.28790044784546,297.28790044784546,True,72
20,1/3,1,281.34783911705017,281.34783911705017,True,72
20,1/3,2,399.40564727783203,399.40564727783203,True,78
20,1/3,0,199.87612056732178,199.87612056732178,True,71
20,1/3,2,409.51133155822754,409.51133155822754,True,80
20,1/3,2,383.4317865371704,383.4317865371704,True,72
20,1/3,2,425.4264917373657,425.4264917373657,True,82
20,1/3,1,300.14344573020935,300.14344573020935,True,85
20,1/3,0,186.06657314300537,186.06657314300537,True,88
20,1/3,3,534.117020368576,534.117020368576,True,94
20,1/3,4,551.150541305542,551.150541305542,True,80
20,1/3,1,290.5638678073883,290.5638678073883,True,82
20,1/3,1,334.0453338623047,334.0453338623047,True,102
20,1/3,1,299.14846992492676,299.14846992492676,True,69
20,1/3,1,295.6526765823364,295.6526765823364,True,72
20,1/3,0,192.87728095054626,192.87728095054626,True,72
20,1/3,1,291.7491264343262,291.7491264343262,True,70
20,1/3,3,507.9397323131561,507.9397323131561,True,82
20,1/3,1,320.8217258453369,320.8217258453369,True,78
20,1/3,2,423.9833481311798,423.9833481311798,True,80
20,1/3,5,886.653475522995,886.653475522995,True,82
20,1/3,2,483.50786900520325,483.50786900520325,True,72
20,1/3,2,439.1773431301117,439.1773431301117,True,86
20,1/3,1,283.42747378349304,283.42747378349304,True,76
20,1/3,3,541.0455071926117,541.0455071926117,True,85
20,num_trains,2,301.347439289093,301.347439289093,True,98
20,num_trains,2,317.00804018974304,317.00804018974304,True,82
20,num_trains,2,290.9539911746979,290.9539911746979,True,90
20,num_trains,1,211.92156100273132,211.92156100273132,True,98
20,num_trains,2,311.4339849948883,311.4339849948883,True,104
20,num_trains,1,224.17484831809998,224.17484831809998,True,78
20,num_trains,1,230.02839016914368,230.02839016914368,True,93
20,num_trains,1,231.53646397590637,231.53646397590637,True,83
20,num_trains,1,230.47865414619446,230.47865414619446,True,80
20,num_trains,2,300.14859533309937,300.14859533309937,True,84
20,num_trains,1,215.83390307426453,215.83390307426453,True,90
20,num_trains,1,213.58890986442566,213.58890986442566,True,99
20,num_trains,1,220.08202695846558,220.08202695846558,True,95
20,num_trains,1,216.3872354030609,216.3872354030609,True,83
20,num_trains,1,224.42638754844666,224.42638754844666,True,92
20,num_trains,1,213.50641989707947,213.50641989707947,True,87
20,num_trains,2,278.2271406650543,278.2271406650543,True,90
20,num_trains,1,208.48929953575134,208.48929953575134,True,79
20,num_trains,3,376.5616354942322,376.5616354942322,True,83
20,num_trains,2,300.729074716568,300.729074716568,True,94
20,num_trains,1,199.9654631614685,199.9654631614685,True,80
20,num_trains,1,210.2823202610016,210.2823202610016,True,86
20,num_trains,1,210.51520943641663,210.51520943641663,True,89
20,num_trains,1,216.0295217037201,216.0295217037201,True,92
20,num_trains,2,330.4616701602936,330.4616701602936,True,68
20,num_trains,3,425.0770924091339,425.0770924091339,True,86
20,num_trains,1,226.2406086921692,226.2406086921692,True,80
20,num_trains,1,215.38352870941162,215.38352870941162,True,93
20,num_trains,1,212.6513111591339,212.6513111591339,True,105
20,num_trains,1,215.7552843093872,215.7552843093872,True,97
25,1,4,816.1948597431183,816.1948597431183,True,130
25,1,1,446.82803201675415,446.82803201675415,True,124
25,1,1,399.9754946231842,399.9754946231842,True,108
25,1,3,693.4873225688934,693.4873225688934,True,110
25,1,2,633.2669970989227,633.2669970989227,True,124
25,1,1,442.61393117904663,442.61393117904663,True,106
25,1,2,599.6799335479736,599.6799335479736,True,113
25,1,4,877.6749835014343,877.6749835014343,True,117
25,1,3,760.2671897411346,760.2671897411346,True,120
25,1,6,1105.8955402374268,1105.8955402374268,True,108
25,1,4,847.5271103382111,847.5271103382111,True,119
25,1,2,541.6466374397278,541.6466374397278,True,104
25,1,2,710.96679520607,710.96679520607,True,122
25,1,24,3714.804486513138,3714.804486513138,False,102
25,1,20,2885.226320505142,2885.226320505142,True,106
25,1,13,1754.8397598266602,1754.8397598266602,True,120
25,1,9,1288.6267116069794,1288.6267116069794,True,120
25,1,4,815.816225528717,815.816225528717,True,116
25,1,2,630.1538059711456,630.1538059711456,True,129
25,1,3,739.5226328372955,739.5226328372955,True,119
25,1,1,463.64839482307434,463.64839482307434,True,116
25,1,4,767.0961678028107,767.0961678028107,True,122
25,1,5,880.0819725990295,880.0819725990295,True,113
25,1,1,412.9755208492279,412.9755208492279,True,111
25,1,5,940.9970715045929,940.9970715045929,True,124
25,1,1,396.69451427459717,396.69451427459717,True,109
25,1,2,542.6623930931091,542.6623930931091,True,139
25,1,3,668.2670650482178,668.2670650482178,True,134
25,1,1,391.9499077796936,391.9499077796936,True,104
25,1,3,660.5227353572845,660.5227353572845,True,112
25,5,2,488.6418812274933,488.6418812274933,True,116
25,5,2,459.4846773147583,459.4846773147583,True,120
25,5,7,970.72248005867,970.72248005867,True,104
25,5,1,352.8339948654175,352.8339948654175,True,141
25,5,2,479.04343152046204,479.04343152046204,True,120
25,5,3,609.0003621578217,609.0003621578217,True,110
25,5,2,496.00148844718933,496.00148844718933,True,114
25,5,3,633.3623776435852,633.3623776435852,True,119
25,5,2,529.7716352939606,529.7716352939606,True,132
25,5,1,334.0127968788147,334.0127968788147,True,118
25,5,2,497.44299840927124,497.44299840927124,True,135
25,5,1,364.5361156463623,364.5361156463623,True,113
25,5,2,539.7163553237915,539.7163553237915,True,139
25,5,1,396.10712218284607,396.10712218284607,True,105
25,5,2,465.89295291900635,465.89295291900635,True,112
25,5,1,408.69008898735046,408.69008898735046,True,115
25,5,2,517.6436870098114,517.6436870098114,True,125
25,5,2,497.9193060398102,497.9193060398102,True,120
25,5,2,553.2159221172333,553.2159221172333,True,114
25,5,2,568.194625377655,568.194625377655,True,103
25,5,1,425.5248444080353,425.5248444080353,True,126
25,5,1,371.3887782096863,371.3887782096863,True,121
25,5,5,814.5848526954651,814.5848526954651,True,120
25,5,2,508.87938165664673,508.87938165664673,True,106
25,5,3,609.5865468978882,609.5865468978882,True,122
25,5,2,526.5596466064453,526.5596466064453,True,112
25,5,4,688.7213606834412,688.7213606834412,True,110
25,5,3,666.112467288971,666.112467288971,True,115
25,5,4,799.2970168590546,799.2970168590546,True,126
25,5,2,536.4599032402039,536.4599032402039,True,105
25,1/3,2,588.2596945762634,588.2596945762634,True,106
25,1/3,2,540.9958696365356,540.9958696365356,True,138
25,1/3,2,622.8913505077362,622.8913505077362,True,142
25,1/3,4,783.6262648105621,783.6262648105621,True,137
25,1/3,2,529.2544198036194,529.2544198036194,True,139
25,1/3,2,511.02130222320557,511.02130222320557,True,134
25,1/3,2,504.1945581436157,504.1945581436157,True,121
25,1/3,3,587.2607643604279,587.2607643604279,True,123
25,1/3,2,459.59748005867004,459.59748005867004,True,109
25,1/3,11,1320.8471026420593,1320.8471026420593,True,107
25,1/3,3,544.8559491634369,544.8559491634369,True,136
25,1/3,3,518.9948194026947,518.9948194026947,True,117
25,1/3,1,381.6281154155731,381.6281154155731,True,128
25,1/3,4,748.3726654052734,748.3726654052734,True,122
25,1/3,2,509.3037712574005,509.3037712574005,True,111
25,1/3,2,538.1868388652802,538.1868388652802,True,137
25,1/3,2,550.7043359279633,550.7043359279633,True,118
25,1/3,3,689.5479378700256,689.5479378700256,True,142
25,1/3,1,330.68283915519714,330.68283915519714,True,113
25,1/3,1,317.95666694641113,317.95666694641113,True,128
25,1/3,1,328.7354369163513,328.7354369163513,True,114
25,1/3,30,3649.45605969429,3649.45605969429,False,121
25,1/3,2,466.5878322124481,466.5878322124481,True,122
25,1/3,1,366.0788779258728,366.0788779258728,True,112
25,1/3,3,739.391350030899,739.391350030899,True,138
25,1/3,2,571.3235957622528,571.3235957622528,True,123
25,1/3,1,462.540075302124,462.540075302124,True,112
25,1/3,8,1080.6670548915863,1080.6670548915863,True,114
25,1/3,2,458.55923223495483,458.55923223495483,True,121
25,1/3,5,806.5079703330994,806.5079703330994,True,121
25,num_trains,1,269.6724874973297,269.6724874973297,True,114
25,num_trains,1,263.0883255004883,263.0883255004883,True,126
25,num_trains,4,593.514607667923,593.514607667923,True,130
25,num_trains,1,286.672963142395,286.672963142395,True,120
25,num_trains,1,273.88398146629333,273.88398146629333,True,129
25,num_trains,6,798.3671281337738,798.3671281337738,True,116
25,num_trains,4,542.6138134002686,542.6138134002686,True,142
25,num_trains,3,445.7174036502838,445.7174036502838,True,136
25,num_trains,2,348.4895236492157,348.4895236492157,True,140
25,num_trains,2,448.79140615463257,448.79140615463257,True,167
25,num_trains,2,443.03179144859314,443.03179144859314,True,127
25,num_trains,28,3708.9265360832214,3708.9265360832214,False,123
25,num_trains,1,281.522155046463,281.522155046463,True,134
25,num_trains,3,519.2810955047607,519.2810955047607,True,132
25,num_trains,1,295.9533863067627,295.9533863067627,True,135
25,num_trains,1,301.1921832561493,301.1921832561493,True,126
25,num_trains,2,422.2384901046753,422.2384901046753,True,114
25,num_trains,1,288.41614842414856,288.41614842414856,True,157
25,num_trains,1,263.81552720069885,263.81552720069885,True,125
25,num_trains,2,344.5521397590637,344.5521397590637,True,120
25,num_trains,3,445.8870849609375,445.8870849609375,True,137
25,num_trains,1,293.4590644836426,293.4590644836426,True,125
25,num_trains,1,289.0062258243561,289.0062258243561,True,117
25,num_trains,2,415.9215211868286,415.9215211868286,True,113
25,num_trains,2,437.5939211845398,437.5939211845398,True,128
25,num_trains,1,297.3372395038605,297.3372395038605,True,143
25,num_trains,1,311.1803467273712,311.1803467273712,True,136
25,num_trains,31,3673.0113067626953,3673.0113067626953,False,127
25,num_trains,1,314.8017556667328,314.8017556667328,True,136
25,num_trains,1,297.0878326892853,297.0878326892853,True,129
26,1,5,1103.0262036323547,1103.0262036323547,True,137
26,1,2,609.2070214748383,609.2070214748383,True,118
26,1,1,482.7804424762726,482.7804424762726,True,110
26,1,4,1069.3254766464233,1069.3254766464233,True,127
26,1,24,3614.135387659073,3614.135387659073,False,107
26,1,3,802.6233015060425,802.6233015060425,True,135
26,1,1,421.4063718318939,421.4063718318939,True,112
26,1,4,764.2445130348206,764.2445130348206,True,127
26,1,16,2258.2724413871765,2258.2724413871765,True,132
26,1,5,1137.8504626750946,1137.8504626750946,True,142
26,1,6,1294.904727935791,1294.904727935791,True,126
26,1,2,755.3693737983704,755.3693737983704,True,132
26,1,6,1031.5436644554138,1031.5436644554138,True,123
26,1,5,993.992614030838,993.992614030838,True,129
26,1,3,708.9626748561859,708.9626748561859,True,122
26,1,1,553.7580995559692,553.7580995559692,True,118
26,1,2,650.5252017974854,650.5252017974854,True,116
26,1,1,539.2265372276306,539.2265372276306,True,113
26,1,5,1108.1615283489227,1108.1615283489227,True,152
26,1,9,1461.5274832248688,1461.5274832248688,True,122
26,1,2,653.2836508750916,653.2836508750916,True,131
26,1,3,711.8221890926361,711.8221890926361,True,137
26,1,4,1032.728619813919,1032.728619813919,True,118
26,1,2,753.0557312965393,753.0557312965393,True,135
26,1,2,616.2973902225494,616.2973902225494,True,139
26,1,9,1331.9472601413727,1331.9472601413727,True,124
26,1,5,1012.3992216587067,1012.3992216587067,True,128
26,1,1,459.6058340072632,459.6058340072632,True,122
26,1,3,705.4847342967987,705.4847342967987,True,134
26,1,1,418.2032058238983,418.2032058238983,True,120
26,5,1,397.0560624599457,397.0560624599457,True,136
26,5,2,504.55779457092285,504.55779457092285,True,121
26,5,14,1796.335590839386,1796.335590839386,True,116
26,5,4,804.0751292705536,804.0751292705536,True,130
26,5,2,521.074019908905,521.074019908905,True,120
26,5,7,1175.190780878067,1175.190780878067,True,135
26,5,3,675.8871822357178,675.8871822357178,True,125
26,5,1,423.7611620426178,423.7611620426178,True,126
26,5,1,422.94838881492615,422.94838881492615,True,110
26,5,3,646.9122755527496,646.9122755527496,True,124
26,5,7,1161.7827048301697,1161.7827048301697,True,120
26,5,2,538.769270658493,538.769270658493,True,122
26,5,4,757.2311794757843,757.2311794757843,True,130
26,5,5,888.9889304637909,888.9889304637909,True,133
26,5,2,482.7152740955353,482.7152740955353,True,129
26,5,2,595.944816827774,595.944816827774,True,129
26,5,1,448.94650626182556,448.94650626182556,True,118
26,5,1,487.6888818740845,487.6888818740845,True,122
26,5,2,559.0349225997925,559.0349225997925,True,136
26,5,1,449.6647810935974,449.6647810935974,True,110
26,5,4,805.3309373855591,805.3309373855591,True,122
26,5,1,509.3957574367523,509.3957574367523,True,126
26,5,3,822.6713953018188,822.6713953018188,True,141
26,5,1,491.2993857860565,491.2993857860565,True,128
26,5,3,607.0222651958466,607.0222651958466,True,123
26,5,2,481.59240436553955,481.59240436553955,True,117
26,5,3,579.8981604576111,579.8981604576111,True,114
26,5,3,742.4220283031464,742.4220283031464,True,137
26,5,7,1284.2334895133972,1284.2334895133972,True,133
26,5,1,464.58652925491333,464.58652925491333,True,138
26,1/3,2,530.7944309711456,530.7944309711456,True,137
26,1/3,5,899.9828684329987,899.9828684329987,True,128
26,1/3,2,529.0060486793518,529.0060486793518,True,128
26,1/3,4,697.3079907894135,697.3079907894135,True,137
26,1/3,2,458.4674606323242,458.4674606323242,True,153
26,1/3,4,639.1802091598511,639.1802091598511,True,132
26,1/3,1,345.45630383491516,345.45630383491516,True,118
26,1/3,1,348.66892886161804,348.66892886161804,True,121
26,1/3,27,3644.279065847397,3644.279065847397,False,125
26,1/3,3,629.9681534767151,629.9681534767151,True,143
26,1/3,4,733.954071521759,733.954071521759,True,134
26,1/3,4,743.8736741542816,743.8736741542816,True,123
26,1/3,3,747.64355301857,747.64355301857,True,158
26,1/3,1,491.48570013046265,491.48570013046265,True,127
26,1/3,1,497.26192355155945,497.26192355155945,True,125
26,1/3,3,601.3609595298767,601.3609595298767,True,158
26,1/3,1,333.16366362571716,333.16366362571716,True,138
26,1/3,1,355.21260166168213,355.21260166168213,True,123
26,1/3,1,385.20742988586426,385.20742988586426,True,123
26,1/3,5,890.5235524177551,890.5235524177551,True,147
26,1/3,3,631.413489818573,631.413489818573,True,121
26,1/3,1,363.8031210899353,363.8031210899353,True,136
26,1/3,4,674.6245446205139,674.6245446205139,True,143
26,1/3,1,345.2403485774994,345.2403485774994,True,137
26,1/3,29,3616.004345178604,3616.004345178604,False,118
26,1/3,2,493.1370952129364,493.1370952129364,True,141
26,1/3,2,510.14483428001404,510.14483428001404,True,138
26,1/3,2,543.4338917732239,543.4338917732239,True,131
26,1/3,4,783.0117454528809,783.0117454528809,True,122
26,1/3,6,1021.3536100387573,1021.3536100387573,True,132
26,num_trains,3,610.9159791469574,610.9159791469574,True,140
26,num_trains,1,341.92578983306885,341.92578983306885,True,129
26,num_trains,3,604.6201331615448,604.6201331615448,True,121
26,num_trains,2,486.3502552509308,486.3502552509308,True,168
26,num_trains,2,447.824072599411,447.824072599411,True,143
26,num_trains,1,316.9766948223114,316.9766948223114,True,136
26,num_trains,3,529.773425579071,529.773425579071,True,150
26,num_trains,1,302.03528332710266,302.03528332710266,True,147
26,num_trains,3,537.2633082866669,537.2633082866669,True,136
26,num_trains,4,590.0706844329834,590.0706844329834,True,137
26,num_trains,3,485.50836205482483,485.50836205482483,True,141
26,num_trains,6,789.3969371318817,789.3969371318817,True,148
26,num_trains,1,299.38769793510437,299.38769793510437,True,169
26,num_trains,1,299.8531823158264,299.8531823158264,True,140
26,num_trains,5,736.2008900642395,736.2008900642395,True,136
26,num_trains,3,452.2124779224396,452.2124779224396,True,163
26,num_trains,4,563.8150918483734,563.8150918483734,True,135
26,num_trains,1,265.3386628627777,265.3386628627777,True,121
26,num_trains,3,582.6006870269775,582.6006870269775,True,134
26,num_trains,7,1096.267179965973,1096.267179965973,True,135
26,num_trains,1,310.6730556488037,310.6730556488037,True,139
26,num_trains,3,582.7417144775391,582.7417144775391,True,169
26,num_trains,3,568.1587784290314,568.1587784290314,True,146
26,num_trains,1,316.3445174694061,316.3445174694061,True,141
26,num_trains,4,597.418096780777,597.418096780777,True,142
26,num_trains,3,508.5973222255707,508.5973222255707,True,139
26,num_trains,2,397.62263560295105,397.62263560295105,True,155
26,num_trains,1,259.80868554115295,259.80868554115295,True,130
26,num_trains,2,383.5973582267761,383.5973582267761,True,132
26,num_trains,2,374.83118987083435,374.83118987083435,True,135
27,1,26,3689.394605398178,3689.394605398178,False,121
27,1,7,1313.8229713439941,1313.8229713439941,True,130
27,1,3,922.4827575683594,922.4827575683594,True,147
27,1,2,585.6192047595978,585.6192047595978,True,136
27,1,2,574.245454788208,574.245454788208,True,133
27,1,15,2152.445874452591,2152.445874452591,True,141
27,1,4,986.625524520874,986.625524520874,True,138
27,1,26,3625.8604776859283,3625.8604776859283,False,128
27,1,1,566.2996199131012,566.2996199131012,True,126
27,1,1,474.9412693977356,474.9412693977356,True,123
27,1,1,482.74971175193787,482.74971175193787,True,127
27,1,9,1529.1632781028748,1529.1632781028748,True,125
27,1,7,1602.543526649475,1602.543526649475,True,133
27,1,4,1129.4051430225372,1129.4051430225372,True,139
27,1,2,895.8877656459808,895.8877656459808,True,133
27,1,30,3671.3112437725067,3671.3112437725067,False,122
27,1,6,1097.116247177124,1097.116247177124,True,137
27,1,4,907.4902729988098,907.4902729988098,True,132
27,1,6,1035.0459988117218,1035.0459988117218,True,128
27,1,29,3627.8759174346924,3627.8759174346924,False,120
27,1,5,933.4671075344086,933.4671075344086,True,124
27,1,4,958.6124863624573,958.6124863624573,True,142
27,1,2,698.9328634738922,698.9328634738922,True,135
27,1,4,994.3826875686646,994.3826875686646,True,125
27,1,8,1560.8420491218567,1560.8420491218567,True,151
27,1,16,2205.138172149658,2205.138172149658,True,129
27,1,11,1661.0914933681488,1661.0914933681488,True,127
27,1,26,3637.9165279865265,3637.9165279865265,False,133
27,1,4,844.9151649475098,844.9151649475098,True,114
27,1,17,2561.828416109085,2561.828416109085,True,143
27,5,8,1742.6468777656555,1742.6468777656555,True,138
27,5,1,655.7128486633301,655.7128486633301,True,124
27,5,2,850.6107661724091,850.6107661724091,True,139
27,5,3,751.2966396808624,751.2966396808624,True,147
27,5,2,680.1282691955566,680.1282691955566,True,157
27,5,25,3673.7212545871735,3673.7212545871735,False,125
27,5,28,3681.0756397247314,3681.0756397247314,False,139
27,5,1,425.03713846206665,425.03713846206665,True,126
27,5,1,425.81528902053833,425.81528902053833,True,131
27,5,2,516.2992725372314,516.2992725372314,True,122
27,5,27,3708.266492843628,3708.266492843628,False,120
27,5,2,540.5034358501434,540.5034358501434,True,141
27,5,2,553.2581255435944,553.2581255435944,True,137
27,5,1,424.12924695014954,424.12924695014954,True,152
27,5,1,421.14815616607666,421.14815616607666,True,165
27,5,7,1147.6332483291626,1147.6332483291626,True,147
27,5,2,529.9238562583923,529.9238562583923,True,138
27,5,3,693.4893598556519,693.4893598556519,True,149
27,5,2,509.3589754104614,509.3589754104614,True,142
27,5,4,761.3266954421997,761.3266954421997,True,157
27,5,1,399.9175841808319,399.9175841808319,True,156
27,5,25,3253.7340104579926,3253.7340104579926,True,145
27,5,3,607.0942192077637,607.0942192077637,True,143
27,5,4,695.548255443573,695.548255443573,True,152
27,5,1,449.0910406112671,449.0910406112671,True,142
27,5,2,565.7063121795654,565.7063121795654,True,134
27,5,1,439.12513160705566,439.12513160705566,True,124
27,5,1,405.3478147983551,405.3478147983551,True,142
27,5,2,488.42648363113403,488.42648363113403,True,130
27,5,4,704.493686914444,704.493686914444,True,150
27,1/3,2,501.85972452163696,501.85972452163696,True,137
27,1/3,5,914.4722678661346,914.4722678661346,True,143
27,1/3,2,510.5584239959717,510.5584239959717,True,165
27,1/3,3,616.9444422721863,616.9444422721863,True,154
27,1/3,2,484.66470527648926,484.66470527648926,True,139
27,1/3,2,510.7777247428894,510.7777247428894,True,128
27,1/3,28,3667.600247859955,3667.600247859955,False,123
27,1/3,2,513.0799758434296,513.0799758434296,True,169
27,1/3,2,462.1157183647156,462.1157183647156,True,146
27,1/3,6,878.1310513019562,878.1310513019562,True,133
27,1/3,7,946.0941030979156,946.0941030979156,True,135
27,1/3,2,448.40421509742737,448.40421509742737,True,129
27,1/3,3,622.3261234760284,622.3261234760284,True,141
27,1/3,2,455.13202476501465,455.13202476501465,True,140
27,1/3,2,499.74961495399475,499.74961495399475,True,132
27,1/3,1,370.9088623523712,370.9088623523712,True,140
27,1/3,6,940.141676902771,940.141676902771,True,146
27,1/3,2,513.2329161167145,513.2329161167145,True,147
27,1/3,8,1260.5965070724487,1260.5965070724487,True,130
27,1/3,4,803.3161420822144,803.3161420822144,True,149
27,1/3,28,3650.4343197345734,3650.4343197345734,False,121
27,1/3,2,483.87302923202515,483.87302923202515,True,131
27,1/3,2,469.8028893470764,469.8028893470764,True,153
27,1/3,2,454.9408850669861,454.9408850669861,True,127
27,1/3,1,356.8455047607422,356.8455047607422,True,123
27,1/3,10,1461.0430850982666,1461.0430850982666,True,136
27,1/3,1,376.83266854286194,376.83266854286194,True,132
27,1/3,7,1219.9928946495056,1219.9928946495056,True,137
27,1/3,4,820.3558533191681,820.3558533191681,True,148
27,1/3,1,456.5384759902954,456.5384759902954,True,138
27,num_trains,9,1293.9937682151794,1293.9937682151794,True,165
27,num_trains,4,642.8448240756989,642.8448240756989,True,160
27,num_trains,15,2032.9757907390594,2032.9757907390594,True,141
27,num_trains,3,498.77350664138794,498.77350664138794,True,160
27,num_trains,10,1283.8844957351685,1283.8844957351685,True,148
27,num_trains,4,626.9776618480682,626.9776618480682,True,165
27,num_trains,4,619.9344041347504,619.9344041347504,True,137
27,num_trains,2,414.7318513393402,414.7318513393402,True,154
27,num_trains,3,515.4299671649933,515.4299671649933,True,157
27,num_trains,2,400.1946630477905,400.1946630477905,True,166
27,num_trains,4,636.1472373008728,636.1472373008728,True,139
27,num_trains,1,303.8417661190033,303.8417661190033,True,173
27,num_trains,2,413.3984079360962,413.3984079360962,True,148
27,num_trains,2,413.9890847206116,413.9890847206116,True,187
27,num_trains,5,775.9635751247406,775.9635751247406,True,154
27,num_trains,2,396.34123635292053,396.34123635292053,True,159
27,num_trains,1,286.782146692276,286.782146692276,True,157
27,num_trains,2,403.196706533432,403.196706533432,True,166
27,num_trains,7,977.2686560153961,977.2686560153961,True,143
27,num_trains,1,286.374098777771,286.374098777771,True,161
27,num_trains,5,725.5557436943054,725.5557436943054,True,157
27,num_trains,2,420.0664622783661,420.0664622783661,True,143
27,num_trains,6,878.8111078739166,878.8111078739166,True,146
27,num_trains,1,297.2192814350128,297.2192814350128,True,157
27,num_trains,3,552.8027634620667,552.8027634620667,True,162
27,num_trains,2,434.1280801296234,434.1280801296234,True,130
27,num_trains,1,311.4588112831116,311.4588112831116,True,156
27,num_trains,2,468.2643127441406,468.2643127441406,True,154
27,num_trains,2,464.18819522857666,464.18819522857666,True,148
27,num_trains,2,477.343337059021,477.343337059021,True,167
28,1,4,925.3832869529724,925.3832869529724,True,133
28,1,5,1056.1765584945679,1056.1765584945679,True,135
28,1,6,1194.8209404945374,1194.8209404945374,True,138
28,1,3,704.7555301189423,704.7555301189423,True,136
28,1,4,869.5389487743378,869.5389487743378,True,143
28,1,7,1251.0326783657074,1251.0326783657074,True,139
28,1,3,705.2016332149506,705.2016332149506,True,154
28,1,6,1172.0671968460083,1172.0671968460083,True,152
28,1,5,1028.864651441574,1028.864651441574,True,142
28,1,3,740.7805216312408,740.7805216312408,True,138
28,1,16,2239.916648387909,2239.916648387909,True,133
28,1,3,745.6834228038788,745.6834228038788,True,138
28,1,2,671.8655161857605,671.8655161857605,True,138
28,1,18,3195.953555583954,3195.953555583954,True,145
28,1,21,3705.3264768123627,3705.3264768123627,False,124
28,1,1,495.25780868530273,495.25780868530273,True,140
28,1,3,766.4316370487213,766.4316370487213,True,164
28,1,7,1245.7151861190796,1245.7151861190796,True,148
28,1,4,932.1571044921875,932.1571044921875,True,143
28,1,9,1511.9656765460968,1511.9656765460968,True,138
28,1,23,3626.8001832962036,3626.8001832962036,False,149
28,1,6,1084.833538532257,1084.833538532257,True,132
28,1,5,1069.5389320850372,1069.5389320850372,True,147
28,1,27,3639.6779992580414,3639.6779992580414,False,139
28,1,2,633.952399969101,633.952399969101,True,156
28,1,28,3664.593074798584,3664.593074798584,False,126
28,1,5,958.9806470870972,958.9806470870972,True,166
28,1,2,557.0769159793854,557.0769159793854,True,142
28,1,3,780.2849736213684,780.2849736213684,True,161
28,1,5,948.5134434700012,948.5134434700012,True,166
28,5,28,3697.4017124176025,3697.4017124176025,False,126
28,5,4,845.4370226860046,845.4370226860046,True,158
28,5,4,815.7282786369324,815.7282786369324,True,154
28,5,2,565.5429196357727,565.5429196357727,True,153
28,5,1,396.3660452365875,396.3660452365875,True,142
28,5,5,882.6800198554993,882.6800198554993,True,139
28,5,1,565.0391573905945,565.0391573905945,True,150
28,5,7,1335.1814262866974,1335.1814262866974,True,138
28,5,1,518.3994410037994,518.3994410037994,True,145
28,5,1,464.0122163295746,464.0122163295746,True,134
28,5,6,1092.6980826854706,1092.6980826854706,True,134
28,5,2,585.0120961666107,585.0120961666107,True,134
28,5,3,673.4249532222748,673.4249532222748,True,146
28,5,4,775.1857488155365,775.1857488155365,True,132
28,5,6,1111.9156193733215,1111.9156193733215,True,155
28,5,14,1897.3177516460419,1897.3177516460419,True,152
28,5,6,976.773579120636,976.773579120636,True,140
28,5,2,534.0219147205353,534.0219147205353,True,149
28,5,2,1054.865199804306,1054.865199804306,True,148
28,5,2,1061.6826827526093,1061.6826827526093,True,139
28,5,2,1033.1524829864502,1033.1524829864502,True,156
28,5,9,1309.6879751682281,1309.6879751682281,True,142
28,5,3,646.968786239624,646.968786239624,True,156
28,5,1,382.33995389938354,382.33995389938354,True,134
28,5,4,781.2986884117126,781.2986884117126,True,156
28,5,3,635.69642329216,635.69642329216,True,154
28,5,2,513.5865113735199,513.5865113735199,True,152
28,5,3,661.1141712665558,661.1141712665558,True,150
28,5,2,524.3297071456909,524.3297071456909,True,126
28,5,3,685.8091456890106,685.8091456890106,True,175
28,1/3,10,1431.2400798797607,1431.2400798797607,True,142
28,1/3,1,397.2271647453308,397.2271647453308,True,145
28,1/3,5,908.6303412914276,908.6303412914276,True,172
28,1/3,5,1215.7622611522675,1215.7622611522675,True,160
28,1/3,7,1396.9681885242462,1396.9681885242462,True,149
28,1/3,5,937.1957714557648,937.1957714557648,True,145
28,1/3,6,1087.891697883606,1087.891697883606,True,137
28,1/3,1,454.9020164012909,454.9020164012909,True,157
28,1/3,10,1633.965107679367,1633.965107679367,True,146
28,1/3,3,647.1027076244354,647.1027076244354,True,149
28,1/3,5,812.4694113731384,812.4694113731384,True,137
28,1/3,1,375.3523602485657,375.3523602485657,True,153
28,1/3,3,803.049455165863,803.049455165863,True,159
28,1/3,1,498.21121549606323,498.21121549606323,True,137
28,1/3,4,965.9883811473846,965.9883811473846,True,154
28,1/3,2,521.5910003185272,521.5910003185272,True,165
28,1/3,2,507.1634051799774,507.1634051799774,True,146
28,1/3,7,1125.5323040485382,1125.5323040485382,True,161
28,1/3,5,817.9335498809814,817.9335498809814,True,152
28,1/3,6,953.8140470981598,953.8140470981598,True,147
28,1/3,3,588.0135419368744,588.0135419368744,True,153
28,1/3,5,862.423201084137,862.423201084137,True,132
28,1/3,1,389.75724148750305,389.75724148750305,True,136
28,1/3,3,635.3794329166412,635.3794329166412,True,158
28,1/3,24,3698.861890077591,3698.861890077591,False,140
28,1/3,1,516.75648188591,516.75648188591,True,144
28,1/3,5,1021.5157029628754,1021.5157029628754,True,146
28,1/3,2,498.2427854537964,498.2427854537964,True,163
28,1/3,2,513.1151893138885,513.1151893138885,True,174
28,1/3,1,362.3224096298218,362.3224096298218,True,149
28,num_trains,6,900.175874710083,900.175874710083,True,166
28,num_trains,2,407.05480217933655,407.05480217933655,True,179
28,num_trains,2,406.3463599681854,406.3463599681854,True,180
28,num_trains,1,302.93558263778687,302.93558263778687,True,168
28,num_trains,2,415.92738127708435,415.92738127708435,True,164
28,num_trains,6,851.6284580230713,851.6284580230713,True,167
28,num_trains,3,590.8046061992645,590.8046061992645,True,175
28,num_trains,5,876.5575621128082,876.5575621128082,True,160
28,num_trains,2,456.5709345340729,456.5709345340729,True,168
28,num_trains,4,673.3911256790161,673.3911256790161,True,161
28,num_trains,2,439.21255803108215,439.21255803108215,True,147
28,num_trains,27,3691.2184586524963,3691.2184586524963,False,139
28,num_trains,2,453.2260823249817,453.2260823249817,True,179
28,num_trains,2,487.4375436306,487.4375436306,True,147
28,num_trains,24,3669.2087297439575,3669.2087297439575,False,155
28,num_trains,2,392.8283534049988,392.8283534049988,True,163
28,num_trains,5,749.2444019317627,749.2444019317627,True,151
28,num_trains,3,527.4671893119812,527.4671893119812,True,183
28,num_trains,1,292.5636742115021,292.5636742115021,True,168
28,num_trains,2,399.11052560806274,399.11052560806274,True,175
28,num_trains,33,3665.0108394622803,3665.0108394622803,False,161
28,num_trains,2,404.1566758155823,404.1566758155823,True,169
28,num_trains,3,513.0370600223541,513.0370600223541,True,187
28,num_trains,3,508.62281370162964,508.62281370162964,True,186
28,num_trains,2,417.0960302352905,417.0960302352905,True,172
28,num_trains,1,312.7339153289795,312.7339153289795,True,163
28,num_trains,4,652.957859992981,652.957859992981,True,143
28,num_trains,3,566.8980643749237,566.8980643749237,True,166
28,num_trains,2,450.92111706733704,450.92111706733704,True,171
28,num_trains,2,453.04209208488464,453.04209208488464,True,162
29,1,4,967.9818179607391,967.9818179607391,True,166
29,1,5,1094.710203886032,1094.710203886032,True,162
29,1,12,1909.7969167232513,1909.7969167232513,True,155
29,1,7,1326.1210868358612,1326.1210868358612,True,141
29,1,3,908.6539916992188,908.6539916992188,True,174
29,1,3,793.276873588562,793.276873588562,True,169
29,1,11,1674.3031418323517,1674.3031418323517,True,159
29,1,2,633.6680948734283,633.6680948734283,True,153
29,1,3,757.4484577178955,757.4484577178955,True,158
29,1,3,853.4333665370941,853.4333665370941,True,168
29,1,10,1645.1110637187958,1645.1110637187958,True,161
29,1,2,687.1084864139557,687.1084864139557,True,171
29,1,5,1041.5399618148804,1041.5399618148804,True,161
29,1,1,528.3677637577057,528.3677637577057,True,152
29,1,9,1661.848488330841,1661.848488330841,True,158
29,1,26,3700.753254175186,3700.753254175186,False,141
29,1,3,809.933137178421,809.933137178421,True,145
29,1,1,546.2685596942902,546.2685596942902,True,152
29,1,12,1953.8832654953003,1953.8832654953003,True,146
29,1,4,1015.3783340454102,1015.3783340454102,True,150
29,1,22,3666.451548576355,3666.451548576355,False,156
29,1,2,717.2427308559418,717.2427308559418,True,142
29,1,26,3661.3465762138367,3661.3465762138367,False,135
29,1,4,991.7064113616943,991.7064113616943,True,144
29,1,26,3692.7288422584534,3692.7288422584534,False,137
29,1,22,3678.5365993976593,3678.5365993976593,False,147
29,1,22,3658.6379358768463,3658.6379358768463,False,153
29,1,7,1327.7534713745117,1327.7534713745117,True,155
29,1,23,3612.6152646541595,3612.6152646541595,False,150
29,1,7,1338.4845325946808,1338.4845325946808,True,151
29,5,4,825.6819713115692,825.6819713115692,True,165
29,5,2,611.190691947937,611.190691947937,True,151
29,5,5,993.533665895462,993.533665895462,True,169
29,5,9,1417.2874801158905,1417.2874801158905,True,176
29,5,3,704.4532904624939,704.4532904624939,True,164
29,5,2,574.1421177387238,574.1421177387238,True,168
29,5,2,620.0718412399292,620.0718412399292,True,162
29,5,4,825.7573335170746,825.7573335170746,True,149
29,5,2,601.5249907970428,601.5249907970428,True,175
29,5,5,928.0590417385101,928.0590417385101,True,158
29,5,1,444.54581570625305,444.54581570625305,True,140
29,5,1,447.6983599662781,447.6983599662781,True,157
29,5,1,464.61061358451843,464.61061358451843,True,152
29,5,3,724.3211948871613,724.3211948871613,True,138
29,5,4,785.3423182964325,785.3423182964325,True,153
29,5,4,1018.6327984333038,1018.6327984333038,True,154
29,5,9,1400.7647309303284,1400.7647309303284,True,151
29,5,2,595.441171169281,595.441171169281,True,158
29,5,2,534.4173612594604,534.4173612594604,True,163
29,5,3,690.6385934352875,690.6385934352875,True,162
29,5,1,424.75380635261536,424.75380635261536,True,144
29,5,2,575.3788151741028,575.3788151741028,True,158
29,5,4,840.982381105423,840.982381105423,True,172
29,5,5,947.5411052703857,947.5411052703857,True,182
29,5,2,613.9756517410278,613.9756517410278,True,154
29,5,3,706.0742559432983,706.0742559432983,True,157
29,5,4,809.6781768798828,809.6781768798828,True,149
29,5,1,780.0446791648865,780.0446791648865,True,146
29,5,2,1047.263384103775,1047.263384103775,True,176
29,5,5,1748.148827791214,1748.148827791214,True,141
29,1/3,2,639.871426820755,639.871426820755,True,159
29,1/3,1,465.76942777633667,465.76942777633667,True,151
29,1/3,25,3715.836033344269,3715.836033344269,False,146
29,1/3,3,662.9164307117462,662.9164307117462,True,167
29,1/3,3,658.1477530002594,658.1477530002594,True,177
29,1/3,7,1208.7285945415497,1208.7285945415497,True,169
29,1/3,3,700.5801630020142,700.5801630020142,True,147
29,1/3,6,1097.354095697403,1097.354095697403,True,172
29,1/3,1,447.9892566204071,447.9892566204071,True,164
29,1/3,3,668.8261709213257,668.8261709213257,True,171
29,1/3,27,3712.721467733383,3712.721467733383,False,171
29,1/3,27,3620.201997756958,3620.201997756958,False,157
29,1/3,4,799.3176198005676,799.3176198005676,True,154
29,1/3,1,412.24322056770325,412.24322056770325,True,145
29,1/3,3,677.4811952114105,677.4811952114105,True,146
29,1/3,18,2915.966320991516,2915.966320991516,True,157
29,1/3,3,780.7015132904053,780.7015132904053,True,148
29,1/3,7,1302.2304015159607,1302.2304015159607,True,153
29,1/3,2,535.2960450649261,535.2960450649261,True,145
29,1/3,7,1206.2163569927216,1206.2163569927216,True,173
29,1/3,2,526.2380316257477,526.2380316257477,True,174
29,1/3,2,534.1112515926361,534.1112515926361,True,162
29,1/3,4,825.2710499763489,825.2710499763489,True,162
29,1/3,7,1228.8284530639648,1228.8284530639648,True,156
29,1/3,2,556.2629251480103,556.2629251480103,True,182
29,1/3,4,760.1511218547821,760.1511218547821,True,161
29,1/3,1,387.11111283302307,387.11111283302307,True,152
29,1/3,3,647.0825099945068,647.0825099945068,True,157
29,1/3,2,506.22976326942444,506.22976326942444,True,145
29,1/3,1,433.2333767414093,433.2333767414093,True,157
29,num_trains,4,707.967346906662,707.967346906662,True,187
29,num_trains,1,336.9778587818146,336.9778587818146,True,174
29,num_trains,3,581.213292837143,581.213292837143,True,186
29,num_trains,30,3638.813529729843,3638.813529729843,False,158
29,num_trains,5,765.5527982711792,765.5527982711792,True,196
29,num_trains,6,899.7774703502655,899.7774703502655,True,175
29,num_trains,6,913.5207147598267,913.5207147598267,True,175
29,num_trains,6,885.6857180595398,885.6857180595398,True,178
29,num_trains,1,315.17100715637207,315.17100715637207,True,163
29,num_trains,6,881.6311142444611,881.6311142444611,True,170
29,num_trains,1,308.55720806121826,308.55720806121826,True,182
29,num_trains,2,419.90401339530945,419.90401339530945,True,184
29,num_trains,2,520.2131841182709,520.2131841182709,True,181
29,num_trains,24,3698.6028728485107,3698.6028728485107,False,144
29,num_trains,3,634.3245184421539,634.3245184421539,True,210
29,num_trains,2,473.3632655143738,473.3632655143738,True,189
29,num_trains,2,478.38874673843384,478.38874673843384,True,180
29,num_trains,3,594.0486011505127,594.0486011505127,True,182
29,num_trains,2,424.58751010894775,424.58751010894775,True,187
29,num_trains,6,889.2350029945374,889.2350029945374,True,183
29,num_trains,7,1031.128045797348,1031.128045797348,True,192
29,num_trains,1,341.47104382514954,341.47104382514954,True,153
29,num_trains,6,981.0604269504547,981.0604269504547,True,172
29,num_trains,1,349.28148770332336,349.28148770332336,True,179
29,num_trains,2,457.7172236442566,457.7172236442566,True,190
29,num_trains,3,601.8729972839355,601.8729972839355,True,193
29,num_trains,3,569.0960960388184,569.0960960388184,True,181
29,num_trains,3,536.4773845672607,536.4773845672607,True,157
29,num_trains,2,412.73234963417053,412.73234963417053,True,183
29,num_trains,1,311.2721371650696,311.2721371650696,True,157
30,1,17,2506.7335205078125,2506.7335205078125,True,164
30,1,23,3600.78959107399,3600.78959107399,False,163
30,1,5,1128.263400554657,1128.263400554657,True,162
30,1,2,632.8626625537872,632.8626625537872,True,156
30,1,1,530.80934715271,530.80934715271,True,171
30,1,9,1671.0559182167053,1671.0559182167053,True,159
30,1,6,1405.4723000526428,1405.4723000526428,True,158
30,1,7,1174.527171611786,1174.527171611786,True,181
30,1,6,1109.099860906601,1109.099860906601,True,183
30,1,4,896.3079347610474,896.3079347610474,True,177
30,1,7,1489.3004486560822,1489.3004486560822,True,167
30,1,3,795.6848714351654,795.6848714351654,True,173
30,1,25,3644.2100727558136,3644.2100727558136,False,162
30,1,5,1037.83349609375,1037.83349609375,True,179
30,1,27,3707.0389358997345,3707.0389358997345,False,169
30,1,5,959.8527536392212,959.8527536392212,True,178
30,1,1,530.9970664978027,530.9970664978027,True,155
30,1,7,1131.7928895950317,1131.7928895950317,True,152
30,1,10,1635.8852214813232,1635.8852214813232,True,162
30,1,21,3176.72452378273,3176.72452378273,True,164
30,1,27,3612.146711587906,3612.146711587906,False,146
30,1,14,2075.759446144104,2075.759446144104,True,193
30,1,21,2792.1795926094055,2792.1795926094055,True,149
30,1,5,1042.3838243484497,1042.3838243484497,True,173
30,1,15,2381.766720056534,2381.766720056534,True,159
30,1,25,3674.122960329056,3674.122960329056,False,160
30,1,3,840.0864400863647,840.0864400863647,True,174
30,1,1,522.7754590511322,522.7754590511322,True,156
30,1,4,973.7827851772308,973.7827851772308,True,185
30,1,23,3715.2316665649414,3715.2316665649414,False,158
30,5,3,1312.346242427826,1312.346242427826,True,165
30,5,3,1103.1352961063385,1103.1352961063385,True,172
30,5,2,1001.2487840652466,1001.2487840652466,True,156
30,5,19,3767.5784170627594,3767.5784170627594,False,159
30,5,21,3667.292989730835,3667.292989730835,False,156
30,5,4,1141.8893687725067,1141.8893687725067,True,172
30,5,13,3634.552435398102,3634.552435398102,False,163
30,5,5,998.621533870697,998.621533870697,True,163
30,5,25,3237.3377227783203,3237.3377227783203,True,152
30,5,2,600.5061538219452,600.5061538219452,True,176
30,5,1,442.45852422714233,442.45852422714233,True,170
30,5,19,2609.7855429649353,2609.7855429649353,True,163
30,5,3,723.6681144237518,723.6681144237518,True,182
30,5,3,678.496556520462,678.496556520462,True,165
30,5,6,1056.8753187656403,1056.8753187656403,True,168
30,5,2,591.5409166812897,591.5409166812897,True,174
30,5,27,3614.548587322235,3614.548587322235,False,164
30,5,22,2979.027753829956,2979.027753829956,True,162
30,5,13,2065.083871126175,2065.083871126175,True,166
30,5,3,718.702906370163,718.702906370163,True,153
30,5,8,1365.3829531669617,1365.3829531669617,True,166
30,5,4,891.1659283638,891.1659283638,True,158
30,5,19,2549.705293416977,2549.705293416977,True,186
30,5,4,828.0954234600067,828.0954234600067,True,178
30,5,3,928.1698009967804,928.1698009967804,True,163
30,5,3,810.4391310214996,810.4391310214996,True,174
30,5,2,671.4069716930389,671.4069716930389,True,159
30,5,3,1238.37189412117,1238.37189412117,True,202
30,5,2,952.6735215187073,952.6735215187073,True,162
30,5,7,1835.2993609905243,1835.2993609905243,True,166
30,1/3,2,523.0793039798737,523.0793039798737,True,161
30,1/3,4,808.5786457061768,808.5786457061768,True,169
30,1/3,7,1144.5375008583069,1144.5375008583069,True,184
30,1/3,5,868.3245539665222,868.3245539665222,True,169
30,1/3,2,498.6843070983887,498.6843070983887,True,178
30,1/3,28,3682.7352652549744,3682.7352652549744,False,159
30,1/3,6,1066.1426365375519,1066.1426365375519,True,157
30,1/3,6,1044.5108938217163,1044.5108938217163,True,165
30,1/3,1,394.10239839553833,394.10239839553833,True,160
30,1/3,3,788.7539999485016,788.7539999485016,True,175
30,1/3,3,794.0323493480682,794.0323493480682,True,170
30,1/3,8,1591.7339253425598,1591.7339253425598,True,168
30,1/3,2,549.0081295967102,549.0081295967102,True,153
30,1/3,3,662.9352700710297,662.9352700710297,True,161
30,1/3,10,1463.9379954338074,1463.9379954338074,True,167
30,1/3,9,1380.5785658359528,1380.5785658359528,True,165
30,1/3,3,647.6499967575073,647.6499967575073,True,185
30,1/3,2,511.1501536369324,511.1501536369324,True,165
30,1/3,1,410.0148091316223,410.0148091316223,True,167
30,1/3,14,1944.6123929023743,1944.6123929023743,True,157
30,1/3,5,855.0134854316711,855.0134854316711,True,180
30,1/3,10,1608.7230744361877,1608.7230744361877,True,163
30,1/3,5,943.2625892162323,943.2625892162323,True,174
30,1/3,6,1044.2006800174713,1044.2006800174713,True,173
30,1/3,8,1241.1179704666138,1241.1179704666138,True,197
30,1/3,1,404.18350529670715,404.18350529670715,True,160
30,1/3,6,983.7676780223846,983.7676780223846,True,197
30,1/3,1,555.9012703895569,555.9012703895569,True,168
30,1/3,24,3651.568279504776,3651.568279504776,False,152
30,1/3,2,678.7197358608246,678.7197358608246,True,184
30,num_trains,3,588.5416858196259,588.5416858196259,True,189
30,num_trains,8,1176.1543588638306,1176.1543588638306,True,182
30,num_trains,28,3657.2928376197815,3657.2928376197815,False,188
30,num_trains,3,607.2672049999237,607.2672049999237,True,194
30,num_trains,5,886.2794857025146,886.2794857025146,True,191
30,num_trains,7,1199.1181750297546,1199.1181750297546,True,175
30,num_trains,3,594.642989397049,594.642989397049,True,201
30,num_trains,17,2443.131196498871,2443.131196498871,True,173
30,num_trains,5,850.8815107345581,850.8815107345581,True,181
30,num_trains,5,866.5670104026794,866.5670104026794,True,191
30,num_trains,9,1347.425785779953,1347.425785779953,True,180
30,num_trains,6,993.090213060379,993.090213060379,True,177
30,num_trains,8,1261.20574092865,1261.20574092865,True,167
30,num_trains,1,335.97375559806824,335.97375559806824,True,189
30,num_trains,27,3696.256119251251,3696.256119251251,False,188
30,num_trains,5,869.9617831707001,869.9617831707001,True,206
30,num_trains,5,853.3422346115112,853.3422346115112,True,182
30,num_trains,25,3625.794724702835,3625.794724702835,False,157
30,num_trains,3,712.5318789482117,712.5318789482117,True,185
30,num_trains,2,538.5552000999451,538.5552000999451,True,167
30,num_trains,21,3739.61678981781,3739.61678981781,False,173
30,num_trains,5,833.578173160553,833.578173160553,True,168
30,num_trains,29,3620.0191757678986,3620.0191757678986,False,190
30,num_trains,29,3617.5833921432495,3617.5833921432495,False,179
30,num_trains,2,434.6891496181488,434.6891496181488,True,197
30,num_trains,14,1852.1181600093842,1852.1181600093842,True,170
30,num_trains,3,565.0939297676086,565.0939297676086,True,199
30,num_trains,8,1272.912010192871,1272.912010192871,True,174
30,num_trains,3,545.2326347827911,545.2326347827911,True,207
30,num_trains,28,3604.987797021866,3604.987797021866,False,171
31,1,24,3483.0968956947327,3483.0968956947327,True,164
31,1,4,927.0675191879272,927.0675191879272,True,180
31,1,8,1412.2002363204956,1412.2002363204956,True,182
31,1,25,3709.3479783535004,3709.3479783535004,False,176
31,1,8,1298.0458116531372,1298.0458116531372,True,162
31,1,6,1093.3792796134949,1093.3792796134949,True,171
31,1,11,1813.2167167663574,1813.2167167663574,True,179
31,1,11,1736.8962659835815,1736.8962659835815,True,194
31,1,13,2113.976620197296,2113.976620197296,True,196
31,1,4,911.6725890636444,911.6725890636444,True,170
31,1,7,1262.2567098140717,1262.2567098140717,True,187
31,1,2,651.6985168457031,651.6985168457031,True,170
31,1,12,2387.595016002655,2387.595016002655,True,181
31,1,2,776.5290343761444,776.5290343761444,True,175
31,1,3,978.1835081577301,978.1835081577301,True,167
31,1,20,3739.564155101776,3739.564155101776,False,158
31,1,19,3624.1791706085205,3624.1791706085205,False,173
31,1,9,2100.2457191944122,2100.2457191944122,True,180
31,1,9,1523.3072879314423,1523.3072879314423,True,181
31,1,4,874.8320515155792,874.8320515155792,True,159
31,1,11,1802.8516578674316,1802.8516578674316,True,178
31,1,6,1260.1728155612946,1260.1728155612946,True,157
31,1,25,3683.6953399181366,3683.6953399181366,False,170
31,1,2,718.8704407215118,718.8704407215118,True,174
31,1,26,3703.9085059165955,3703.9085059165955,False,181
31,1,9,1536.1947345733643,1536.1947345733643,True,182
31,1,5,1027.0926306247711,1027.0926306247711,True,174
31,1,3,859.261501789093,859.261501789093,True,194
31,1,5,1112.3192970752716,1112.3192970752716,True,182
31,1,6,1229.7535955905914,1229.7535955905914,True,164
31,5,4,892.5792043209076,892.5792043209076,True,194
31,5,5,1034.9221889972687,1034.9221889972687,True,205
31,5,25,3626.59912276268,3626.59912276268,False,208
31,5,3,750.8206443786621,750.8206443786621,True,176
31,5,13,2052.749105453491,2052.749105453491,True,161
31,5,4,846.3753020763397,846.3753020763397,True,162
31,5,20,3657.215222597122,3657.215222597122,False,171
31,5,5,1125.3944396972656,1125.3944396972656,True,175
31,5,3,860.8494853973389,860.8494853973389,True,195
31,5,21,3663.5661334991455,3663.5661334991455,False,173
31,5,5,1166.0258507728577,1166.0258507728577,True,170
31,5,8,1742.1050539016724,1742.1050539016724,True,176
31,5,26,3608.2829084396362,3608.2829084396362,False,154
31,5,3,729.0263538360596,729.0263538360596,True,170
31,5,4,855.1173429489136,855.1173429489136,True,176
31,5,3,767.7854058742523,767.7854058742523,True,190
31,5,25,3643.855033636093,3643.855033636093,False,153
31,5,6,1259.1579174995422,1259.1579174995422,True,172
31,5,3,703.4169845581055,703.4169845581055,True,180
31,5,4,824.5702259540558,824.5702259540558,True,186
31,5,9,1441.4662425518036,1441.4662425518036,True,167
31,5,3,744.2515015602112,744.2515015602112,True,184
31,5,2,653.9056980609894,653.9056980609894,True,171
31,5,12,1826.8153774738312,1826.8153774738312,True,171
31,5,3,747.9777908325195,747.9777908325195,True,195
31,5,5,1030.795691728592,1030.795691728592,True,173
31,5,25,3673.412154197693,3673.412154197693,False,168
31,5,19,3647.2047924995422,3647.2047924995422,False,162
31,5,9,2214.4227225780487,2214.4227225780487,True,177
31,5,8,1787.5668740272522,1787.5668740272522,True,183
31,1/3,2,605.8452167510986,605.8452167510986,True,191
31,1/3,24,3680.613669395447,3680.613669395447,False,197
31,1/3,3,694.1508829593658,694.1508829593658,True,157
31,1/3,10,1514.212933063507,1514.212933063507,True,190
31,1/3,11,1662.9255321025848,1662.9255321025848,True,191
31,1/3,10,1589.4029059410095,1589.4029059410095,True,196
31,1/3,8,1293.1428890228271,1293.1428890228271,True,176
31,1/3,27,3700.30756855011,3700.30756855011,False,167
31,1/3,3,644.4394764900208,644.4394764900208,True,189
31,1/3,13,1800.224303483963,1800.224303483963,True,171
31,1/3,16,2280.3377051353455,2280.3377051353455,True,180
31,1/3,8,2135.840012550354,2135.840012550354,True,209
31,1/3,26,3649.2275145053864,3649.2275145053864,False,174
31,1/3,8,1324.3791844844818,1324.3791844844818,True,174
31,1/3,3,706.9669616222382,706.9669616222382,True,186
31,1/3,22,2860.6133575439453,2860.6133575439453,True,196
31,1/3,3,679.6162881851196,679.6162881851196,True,174
31,1/3,1,408.142778635025,408.142778635025,True,161
31,1/3,29,3706.329725265503,3706.329725265503,False,180
31,1/3,6,1008.9510917663574,1008.9510917663574,True,188
31,1/3,4,746.3007528781891,746.3007528781891,True,179
31,1/3,6,1023.4595849514008,1023.4595849514008,True,201
31,1/3,3,656.1980957984924,656.1980957984924,True,188
31,1/3,9,1361.2524027824402,1361.2524027824402,True,166
31,1/3,4,969.4606766700745,969.4606766700745,True,176
31,1/3,7,1370.3009266853333,1370.3009266853333,True,172
31,1/3,22,3731.667729616165,3731.667729616165,False,179
31,1/3,6,1132.1447169780731,1132.1447169780731,True,201
31,1/3,5,996.0949292182922,996.0949292182922,True,192
31,1/3,2,581.8928253650665,581.8928253650665,True,194
31,num_trains,7,1003.5519757270813,1003.5519757270813,True,197
31,num_trains,29,3684.262844324112,3684.262844324112,False,192
31,num_trains,29,3636.865070581436,3636.865070581436,False,191
31,num_trains,12,1740.6301498413086,1740.6301498413086,True,200
31,num_trains,7,1100.8101119995117,1100.8101119995117,True,191
31,num_trains,6,1001.8579912185669,1001.8579912185669,True,185
31,num_trains,14,1880.6865179538727,1880.6865179538727,True,198
31,num_trains,28,3618.672172307968,3618.672172307968,False,195
31,num_trains,28,3711.4620821475983,3711.4620821475983,False,176
31,num_trains,28,3636.1903500556946,3636.1903500556946,False,179
31,num_trains,29,3669.5533645153046,3669.5533645153046,False,187
31,num_trains,28,3638.7846240997314,3638.7846240997314,False,178
31,num_trains,25,3173.046865463257,3173.046865463257,True,180
31,num_trains,9,1305.3719618320465,1305.3719618320465,True,189
31,num_trains,6,933.8583419322968,933.8583419322968,True,190
31,num_trains,20,3638.638109445572,3638.638109445572,False,196
31,num_trains,22,3676.529413461685,3676.529413461685,False,202
31,num_trains,2,570.3173391819,570.3173391819,True,185
31,num_trains,16,2217.7229120731354,2217.7229120731354,True,186
31,num_trains,7,1020.5305407047272,1020.5305407047272,True,187
31,num_trains,2,451.3795521259308,451.3795521259308,True,188
31,num_trains,27,3660.232974767685,3660.232974767685,False,197
31,num_trains,3,584.4784700870514,584.4784700870514,True,184
31,num_trains,8,1164.1396622657776,1164.1396622657776,True,210
31,num_trains,2,489.82770013809204,489.82770013809204,True,176
31,num_trains,14,2029.4385352134705,2029.4385352134705,True,199
31,num_trains,26,3616.3411872386932,3616.3411872386932,False,198
31,num_trains,9,1651.638302564621,1651.638302564621,True,202
31,num_trains,6,1112.8236277103424,1112.8236277103424,True,225
31,num_trains,7,1213.7695066928864,1213.7695066928864,True,175
32,1,11,1807.1984617710114,1807.1984617710114,True,189
32,1,15,2408.149638414383,2408.149638414383,True,176
32,1,27,3688.0576798915863,3688.0576798915863,False,173
32,1,21,3152.8135058879852,3152.8135058879852,True,181
32,1,5,1033.02973985672,1033.02973985672,True,177
32,1,27,3715.6979784965515,3715.6979784965515,False,161
32,1,25,3602.780109643936,3602.780109643936,False,161
32,1,3,763.9329006671906,763.9329006671906,True,180
32,1,6,1117.1184306144714,1117.1184306144714,True,177
32,1,26,3655.5449624061584,3655.5449624061584,False,175
32,1,15,2242.7526211738586,2242.7526211738586,True,167
32,1,5,1049.0806076526642,1049.0806076526642,True,196
32,1,27,3688.9669065475464,3688.9669065475464,False,187
32,1,8,1374.9489493370056,1374.9489493370056,True,164
32,1,14,2030.4790966510773,2030.4790966510773,True,189
32,1,5,1093.731892824173,1093.731892824173,True,192
32,1,24,3610.432643175125,3610.432643175125,False,177
32,1,5,1081.6952500343323,1081.6952500343323,True,178
32,1,24,3727.3426966667175,3727.3426966667175,False,166
32,1,21,3652.2253181934357,3652.2253181934357,False,188
32,1,23,3698.2224864959717,3698.2224864959717,False,171
32,1,2,727.7667820453644,727.7667820453644,True,173
32,1,25,3611.8103301525116,3611.8103301525116,False,170
32,1,24,3710.365043401718,3710.365043401718,False,159
32,1,10,2180.3776681423187,2180.3776681423187,True,188
32,1,14,2686.802127599716,2686.802127599716,True,179
32,1,2,865.001362323761,865.001362323761,True,171
32,1,5,1139.6049447059631,1139.6049447059631,True,193
32,1,3,844.5230050086975,844.5230050086975,True,200
32,1,5,1054.2348327636719,1054.2348327636719,True,196
32,5,24,3340.974915742874,3340.974915742874,True,189
32,5,25,3601.803926229477,3601.803926229477,False,195
32,5,25,3723.2322890758514,3723.2322890758514,False,176
32,5,25,3646.769082546234,3646.769082546234,False,188
32,5,9,1469.8853101730347,1469.8853101730347,True,192
32,5,27,3706.135502099991,3706.135502099991,False,181
32,5,12,1955.2294118404388,1955.2294118404388,True,182
32,5,8,1404.9377779960632,1404.9377779960632,True,208
32,5,11,1792.661866426468,1792.661866426468,True,210
32,5,26,3611.610365152359,3611.610365152359,False,169
32,5,27,3703.265751838684,3703.265751838684,False,174
32,5,27,3691.080019235611,3691.080019235611,False,185
32,5,28,3624.5465099811554,3624.5465099811554,False,167
32,5,7,1213.9895927906036,1213.9895927906036,True,170
32,5,16,2327.648941040039,2327.648941040039,True,183
32,5,4,883.3567621707916,883.3567621707916,True,184
32,5,11,1782.8005769252777,1782.8005769252777,True,203
32,5,16,2367.0999867916107,2367.0999867916107,True,187
32,5,23,3712.0342581272125,3712.0342581272125,False,185
32,5,8,1637.4353954792023,1637.4353954792023,True,181
32,5,8,1645.0257623195648,1645.0257623195648,True,209
32,5,12,1805.9970350265503,1805.9970350265503,True,182
32,5,27,3712.90407204628,3712.90407204628,False,173
32,5,27,3646.3284702301025,3646.3284702301025,False,183
32,5,26,3624.375459432602,3624.375459432602,False,182
32,5,21,3425.017509698868,3425.017509698868,True,179
32,5,24,3659.4331057071686,3659.4331057071686,False,181
32,5,25,3675.2401690483093,3675.2401690483093,False,173
32,5,8,1382.3343591690063,1382.3343591690063,True,191
32,5,26,3705.1648786067963,3705.1648786067963,False,168
32,1/3,25,3640.1192240715027,3640.1192240715027,False,201
32,1/3,18,2630.9035511016846,2630.9035511016846,True,219
32,1/3,14,2084.6552245616913,2084.6552245616913,True,190
32,1/3,13,1983.5385766029358,1983.5385766029358,True,207
32,1/3,15,2133.394809484482,2133.394809484482,True,177
32,1/3,27,3689.253334760666,3689.253334760666,False,217
32,1/3,30,3715.6395246982574,3715.6395246982574,False,187
32,1/3,29,3687.1293416023254,3687.1293416023254,False,191
32,1/3,13,1783.070892572403,1783.070892572403,True,213
32,1/3,26,3679.585878133774,3679.585878133774,False,203
32,1/3,6,1045.9143800735474,1045.9143800735474,True,218
32,1/3,2,534.7716617584229,534.7716617584229,True,198
32,1/3,26,3684.077476501465,3684.077476501465,False,201
32,1/3,3,665.929850101471,665.929850101471,True,185
32,1/3,27,3609.713531255722,3609.713531255722,False,196
32,1/3,23,3722.6450402736664,3722.6450402736664,False,184
32,1/3,16,2657.265813112259,2657.265813112259,True,172
32,1/3,20,3639.500095844269,3639.500095844269,False,186
32,1/3,6,1042.7401471138,1042.7401471138,True,203
32,1/3,9,1380.433952331543,1380.433952331543,True,193
32,1/3,6,1028.6989052295685,1028.6989052295685,True,175
32,1/3,23,3703.9161343574524,3703.9161343574524,False,181
32,1/3,26,3675.439676761627,3675.439676761627,False,188
32,1/3,4,860.2582290172577,860.2582290172577,True,201
32,1/3,24,3622.2355060577393,3622.2355060577393,False,200
32,1/3,4,783.5985999107361,783.5985999107361,True,176
32,1/3,2,551.1624610424042,551.1624610424042,True,194
32,1/3,14,2228.8193035125732,2228.8193035125732,True,202
32,1/3,8,1330.4072651863098,1330.4072651863098,True,174
32,1/3,2,539.2671453952789,539.2671453952789,True,172
32,num_trains,30,3666.86363196373,3666.86363196373,False,215
32,num_trains,29,3680.8050589561462,3680.8050589561462,False,198
32,num_trains,4,653.9886116981506,653.9886116981506,True,223
32,num_trains,23,3750.669680595398,3750.669680595398,False,209
32,num_trains,18,2945.960307121277,2945.960307121277,True,207
32,num_trains,24,3678.645804643631,3678.645804643631,False,230
32,num_trains,5,791.3399727344513,791.3399727344513,True,224
32,num_trains,7,1036.9654381275177,1036.9654381275177,True,201
32,num_trains,28,3655.4099650382996,3655.4099650382996,False,186
32,num_trains,7,1071.8479743003845,1071.8479743003845,True,189
32,num_trains,28,3695.4267284870148,3695.4267284870148,False,220
32,num_trains,18,2492.591025352478,2492.591025352478,True,199
32,num_trains,2,456.3789105415344,456.3789105415344,True,227
32,num_trains,27,3648.8678834438324,3648.8678834438324,False,217
32,num_trains,29,3717.9408395290375,3717.9408395290375,False,209
32,num_trains,28,3650.0525708198547,3650.0525708198547,False,193
32,num_trains,19,2443.106955766678,2443.106955766678,True,212
32,num_trains,29,3628.704505443573,3628.704505443573,False,223
32,num_trains,12,1604.7578785419464,1604.7578785419464,True,209
32,num_trains,25,3187.0944402217865,3187.0944402217865,True,203
32,num_trains,13,1714.3334786891937,1714.3334786891937,True,202
32,num_trains,27,3729.803081512451,3729.803081512451,False,209
32,num_trains,16,2274.4235100746155,2274.4235100746155,True,194
32,num_trains,26,3333.379998445511,3333.379998445511,True,204
32,num_trains,28,3630.986487388611,3630.986487388611,False,203
32,num_trains,29,3711.926962852478,3711.926962852478,False,209
32,num_trains,29,3689.392808675766,3689.392808675766,False,204
32,num_trains,28,3614.3597288131714,3614.3597288131714,False,226
32,num_trains,29,3654.7629384994507,3654.7629384994507,False,208
32,num_trains,29,3697.3368599414825,3697.3368599414825,False,214
33,1,23,3699.3862059116364,3699.3862059116364,False,204
33,1,23,3665.557889699936,3665.557889699936,False,191
33,1,24,3731.6656816005707,3731.6656816005707,False,201
33,1,24,3703.158356189728,3703.158356189728,False,172
33,1,16,2644.5185837745667,2644.5185837745667,True,205
33,1,5,1096.5538184642792,1096.5538184642792,True,205
33,1,22,3455.2985093593597,3455.2985093593597,True,185
33,1,22,3685.3070282936096,3685.3070282936096,False,198
33,1,24,3616.804864883423,3616.804864883423,False,181
33,1,4,1162.0723073482513,1162.0723073482513,True,187
33,1,21,3689.228537082672,3689.228537082672,False,208
33,1,20,3632.171705007553,3632.171705007553,False,180
33,1,11,1912.117934703827,1912.117934703827,True,198
33,1,10,1758.6094596385956,1758.6094596385956,True,192
33,1,2,716.8113720417023,716.8113720417023,True,177
33,1,5,1236.1449646949768,1236.1449646949768,True,193
33,1,23,3638.901216983795,3638.901216983795,False,181
33,1,22,3609.812559604645,3609.812559604645,False,194
33,1,24,3610.9188175201416,3610.9188175201416,False,216
33,1,8,1451.3321080207825,1451.3321080207825,True,198
33,1,25,3717.1012568473816,3717.1012568473816,False,193
33,1,24,3655.4274785518646,3655.4274785518646,False,189
33,1,23,3699.5095908641815,3699.5095908641815,False,192
33,1,26,3682.7575759887695,3682.7575759887695,False,184
33,1,23,3640.2156240940094,3640.2156240940094,False,185
33,1,17,2927.5507020950317,2927.5507020950317,True,204
33,1,22,3665.6567661762238,3665.6567661762238,False,186
33,1,26,3680.2380731105804,3680.2380731105804,False,196
33,1,27,3707.1603100299835,3707.1603100299835,False,183
33,1,13,2213.414239168167,2213.414239168167,True,195
33,5,16,2755.6018731594086,2755.6018731594086,True,183
33,5,23,3614.983682870865,3614.983682870865,False,203
33,5,23,3700.919965982437,3700.919965982437,False,217
33,5,21,3667.408439874649,3667.408439874649,False,223
33,5,19,3313.6004164218903,3313.6004164218903,True,186
33,5,21,3662.8867688179016,3662.8867688179016,False,205
33,5,7,1352.8967454433441,1352.8967454433441,True,194
33,5,15,2260.1809542179108,2260.1809542179108,True,205
33,5,27,3600.865569829941,3600.865569829941,False,183
33,5,22,3698.406062602997,3698.406062602997,False,216
33,5,24,3674.7794573307037,3674.7794573307037,False,191
33,5,24,3642.5673315525055,3642.5673315525055,False,199
33,5,24,3621.4836506843567,3621.4836506843567,False,209
33,5,26,3724.6126289367676,3724.6126289367676,False,185
33,5,26,3699.6979699134827,3699.6979699134827,False,179
33,5,21,3649.622540473938,3649.622540473938,False,178
33,5,22,3668.9054131507874,3668.9054131507874,False,176
33,5,22,3657.5465116500854,3657.5465116500854,False,214
33,5,23,3609.1682987213135,3609.1682987213135,False,195
33,5,26,3607.4280161857605,3607.4280161857605,False,189
33,5,23,3634.5757529735565,3634.5757529735565,False,217
33,5,21,3299.3356125354767,3299.3356125354767,True,204
33,5,24,3695.874944448471,3695.874944448471,False,201
33,5,24,3654.291615009308,3654.291615009308,False,182
33,5,10,1721.0650131702423,1721.0650131702423,True,215
33,5,25,3677.1064369678497,3677.1064369678497,False,196
33,5,27,3684.1830112934113,3684.1830112934113,False,183
33,5,24,3627.7920396327972,3627.7920396327972,False,190
33,5,22,3622.9614577293396,3622.9614577293396,False,200
33,5,21,3662.938315629959,3662.938315629959,False,191
33,1/3,25,3721.995304584503,3721.995304584503,False,223
33,1/3,28,3662.8107838630676,3662.8107838630676,False,204
33,1/3,25,3716.3466815948486,3716.3466815948486,False,207
33,1/3,2,585.6881854534149,585.6881854534149,True,193
33,1/3,26,3696.814721107483,3696.814721107483,False,220
33,1/3,25,3673.5942203998566,3673.5942203998566,False,217
33,1/3,23,3649.410402774811,3649.410402774811,False,213
33,1/3,27,3677.7872474193573,3677.7872474193573,False,195
33,1/3,26,3663.505330324173,3663.505330324173,False,185
33,1/3,25,3681.341165304184,3681.341165304184,False,200
33,1/3,24,3630.2519991397858,3630.2519991397858,False,207
33,1/3,3,665.6732978820801,665.6732978820801,True,190
33,1/3,25,3717.5075702667236,3717.5075702667236,False,197
33,1/3,26,3612.1438086032867,3612.1438086032867,False,193
33,1/3,23,3606.962612390518,3606.962612390518,False,211
33,1/3,25,3641.858229160309,3641.858229160309,False,209
33,1/3,26,3645.4363934993744,3645.4363934993744,False,208
33,1/3,26,3628.7734966278076,3628.7734966278076,False,204
33,1/3,9,1628.9284415245056,1628.9284415245056,True,195
33,1/3,22,3627.199112176895,3627.199112176895,False,197
33,1/3,25,3695.956300973892,3695.956300973892,False,196
33,1/3,8,1425.459261417389,1425.459261417389,True,186
33,1/3,27,3728.8858318328857,3728.8858318328857,False,206
33,1/3,3,761.874100446701,761.874100446701,True,208
33,1/3,25,3649.115275144577,3649.115275144577,False,218
33,1/3,25,3623.220493078232,3623.220493078232,False,191
33,1/3,27,3678.276653766632,3678.276653766632,False,195
33,1/3,23,3228.320011615753,3228.320011615753,True,181
33,1/3,24,3629.975679397583,3629.975679397583,False,194
33,1/3,27,3644.6044869422913,3644.6044869422913,False,190
33,num_trains,26,3651.5219922065735,3651.5219922065735,False,216
33,num_trains,26,3664.357356786728,3664.357356786728,False,215
33,num_trains,27,3694.6779284477234,3694.6779284477234,False,210
33,num_trains,2,524.5844557285309,524.5844557285309,True,224
33,num_trains,24,3623.721428871155,3623.721428871155,False,232
33,num_trains,25,3741.9502577781677,3741.9502577781677,False,234
33,num_trains,26,3710.2994434833527,3710.2994434833527,False,236
33,num_trains,25,3628.1441192626953,3628.1441192626953,False,239
33,num_trains,27,3619.095952272415,3619.095952272415,False,229
33,num_trains,27,3685.5533759593964,3685.5533759593964,False,216
33,num_trains,28,3630.921434879303,3630.921434879303,False,218
33,num_trains,27,3642.1537635326385,3642.1537635326385,False,219
33,num_trains,28,3706.7203977108,3706.7203977108,False,202
33,num_trains,27,3719.682640314102,3719.682640314102,False,208
33,num_trains,27,3619.8409416675568,3619.8409416675568,False,206
33,num_trains,27,3705.2176461219788,3705.2176461219788,False,219
33,num_trains,28,3686.3367145061493,3686.3367145061493,False,217
33,num_trains,27,3685.8380415439606,3685.8380415439606,False,202
33,num_trains,26,3655.611640930176,3655.611640930176,False,213
33,num_trains,27,3677.8177812099457,3677.8177812099457,False,203
33,num_trains,26,3679.9438195228577,3679.9438195228577,False,199
33,num_trains,27,3631.3073687553406,3631.3073687553406,False,206
33,num_trains,28,3671.2384312152863,3671.2384312152863,False,239
33,num_trains,28,3699.2304122447968,3699.2304122447968,False,225
33,num_trains,28,3699.2385573387146,3699.2385573387146,False,202
33,num_trains,29,3623.2818808555603,3623.2818808555603,False,225
33,num_trains,28,3609.250151157379,3609.250151157379,False,224
33,num_trains,26,3710.1729032993317,3710.1729032993317,False,203
33,num_trains,28,3603.091153383255,3603.091153383255,False,212
33,num_trains,28,3689.895339012146,3689.895339012146,False,239
