rho,num_trains,k,time,time_first_solution,solution_found,num_movements
0.01,30,6,1827.6948821544647,1827.6948821544647,False,197
0.01,30,8,1964.9978952407837,1964.9978952407837,False,206
0.01,30,7,1853.435831785202,1853.435831785202,False,240
0.01,30,8,1904.3449029922485,1904.3449029922485,False,180
0.01,30,6,1814.3922855854034,1814.3922855854034,False,224
0.01,30,6,1860.3106203079224,1860.3106203079224,False,169
0.01,30,6,1975.5286452770233,1975.5286452770233,False,212
0.01,30,6,1902.1928234100342,1902.1928234100342,False,213
0.01,30,6,1996.5006012916565,1996.5006012916565,False,198
0.01,30,6,1984.3851027488708,1984.3851027488708,False,211
0.01,30,6,1904.6281468868256,1904.6281468868256,False,173
0.01,30,7,1851.8858935832977,1851.8858935832977,False,219
0.01,30,6,1892.2736296653748,1892.2736296653748,False,212
0.01,30,6,1876.291258096695,1876.291258096695,False,197
0.01,30,7,1834.0609414577484,1834.0609414577484,False,197
0.01,30,7,1910.884530544281,1910.884530544281,False,189
0.01,30,6,1888.0794320106506,1888.0794320106506,False,187
0.01,30,5,1850.2512583732605,1850.2512583732605,False,195
0.01,30,5,1936.7877733707428,1936.7877733707428,False,172
0.01,30,7,1820.3123724460602,1820.3123724460602,False,168
0.01,30,4,2028.5927362442017,2028.5927362442017,False,210
0.01,30,6,1967.4227933883667,1967.4227933883667,False,203
0.01,30,7,1913.9018292427063,1913.9018292427063,False,202
0.01,30,7,1915.1644117832184,1915.1644117832184,False,217
0.01,30,7,1890.8077454566956,1890.8077454566956,False,182
0.01,30,7,1899.89199924469,1899.89199924469,False,186
0.01,30,7,1914.2603018283844,1914.2603018283844,False,187
0.01,30,6,1912.344036102295,1912.344036102295,False,198
0.01,30,8,1972.1412770748138,1972.1412770748138,False,207
0.01,30,5,1807.7161393165588,1807.7161393165588,False,207
0.1,30,9,1868.1585907936096,1868.1585907936096,False,182
0.1,30,6,1384.669329404831,1384.669329404831,True,166
0.1,30,10,1869.3102314472198,1869.3102314472198,False,199
0.1,30,11,1878.1852326393127,1878.1852326393127,False,195
0.1,30,6,1160.8084480762482,1160.8084480762482,True,181
0.1,30,10,1796.2140169143677,1796.2140169143677,True,148
0.1,30,10,1947.2690303325653,1947.2690303325653,False,151
0.1,30,8,1930.1173412799835,1930.1173412799835,False,182
0.1,30,6,1729.8122782707214,1729.8122782707214,True,186
0.1,30,5,1192.969253063202,1192.969253063202,True,162
0.1,30,8,1946.0839521884918,1946.0839521884918,False,203
0.1,30,6,1191.8934893608093,1191.8934893608093,True,158
0.1,30,10,1841.5496010780334,1841.5496010780334,False,173
0.1,30,9,1908.1691768169403,1908.1691768169403,False,158
0.1,30,10,1914.5493943691254,1914.5493943691254,False,167
0.1,30,8,1986.5384125709534,1986.5384125709534,False,153
0.1,30,9,1707.062115907669,1707.062115907669,True,166
0.1,30,10,1820.295644044876,1820.295644044876,False,178
0.1,30,8,1858.7081847190857,1858.7081847190857,False,166
0.1,30,7,1579.006028175354,1579.006028175354,True,163
0.1,30,10,1866.1745190620422,1866.1745190620422,False,165
0.1,30,8,1922.7590878009796,1922.7590878009796,False,197
0.1,30,9,1948.5905158519745,1948.5905158519745,False,157
0.1,30,10,1870.7728621959686,1870.7728621959686,False,163
0.1,30,9,1925.522701740265,1925.522701740265,False,155
0.1,30,11,1813.030395269394,1813.030395269394,False,163
0.1,30,10,1853.5233702659607,1853.5233702659607,False,158
0.1,30,11,1873.1813769340515,1873.1813769340515,False,157
0.1,30,10,1897.5548775196075,1897.5548775196075,False,184
0.1,30,8,1851.5376031398773,1851.5376031398773,False,179
0.5,30,6,1138.5918312072754,1138.5918312072754,True,180
0.5,30,6,1179.1382369995117,1179.1382369995117,True,187
0.5,30,13,1880.5461065769196,1880.5461065769196,False,171
0.5,30,14,1897.493968486786,1897.493968486786,False,176
0.5,30,3,637.2599654197693,637.2599654197693,True,171
0.5,30,4,727.1585047245026,727.1585047245026,True,167
0.5,30,4,853.9068911075592,853.9068911075592,True,164
0.5,30,3,626.4932718276978,626.4932718276978,True,147
0.5,30,8,1457.627509355545,1457.627509355545,True,173
0.5,30,9,1323.2180128097534,1323.2180128097534,True,170
0.5,30,6,1293.9550154209137,1293.9550154209137,True,177
0.5,30,4,880.1234996318817,880.1234996318817,True,158
0.5,30,12,1825.139351606369,1825.139351606369,False,161
0.5,30,5,1051.9539799690247,1051.9539799690247,True,176
0.5,30,4,746.2058546543121,746.2058546543121,True,164
0.5,30,4,842.0728695392609,842.0728695392609,True,163
0.5,30,5,981.0796136856079,981.0796136856079,True,155
0.5,30,4,740.0813889503479,740.0813889503479,True,181
0.5,30,6,979.9108519554138,979.9108519554138,True,165
0.5,30,10,1631.953076839447,1631.953076839447,True,154
0.5,30,5,1026.225734949112,1026.225734949112,True,159
0.5,30,5,900.2891767024994,900.2891767024994,True,165
0.5,30,6,1242.2224667072296,1242.2224667072296,True,168
0.5,30,5,963.9739911556244,963.9739911556244,True,157
0.5,30,4,784.7659208774567,784.7659208774567,True,172
0.5,30,5,840.898533821106,840.898533821106,True,166
0.5,30,5,845.1149356365204,845.1149356365204,True,159
0.5,30,12,1920.5872592926025,1920.5872592926025,False,172
0.5,30,5,934.7044842243195,934.7044842243195,True,166
0.5,30,4,854.5411727428436,854.5411727428436,True,175
1,30,5,949.2013349533081,949.2013349533081,True,188
1,30,2,592.8715794086456,592.8715794086456,True,180
1,30,7,1142.4126679897308,1142.4126679897308,True,181
1,30,2,501.1123547554016,501.1123547554016,True,157
1,30,2,498.6009793281555,498.6009793281555,True,158
1,30,10,1695.5887281894684,1695.5887281894684,True,154
1,30,2,510.3705937862396,510.3705937862396,True,135
1,30,3,686.9829504489899,686.9829504489899,True,183
1,30,5,1048.9910821914673,1048.9910821914673,True,156
1,30,3,708.6189770698547,708.6189770698547,True,158
1,30,4,895.1040177345276,895.1040177345276,True,173
1,30,5,1092.8361446857452,1092.8361446857452,True,165
1,30,7,1193.5442056655884,1193.5442056655884,True,176
1,30,6,1029.7997207641602,1029.7997207641602,True,175
1,30,8,1338.3737211227417,1338.3737211227417,True,162
1,30,4,862.7283504009247,862.7283504009247,True,156
1,30,9,1315.2869617938995,1315.2869617938995,True,156
1,30,4,810.6357471942902,810.6357471942902,True,156
1,30,10,1392.5011496543884,1392.5011496543884,True,172
1,30,12,1852.868548154831,1852.868548154831,False,155
1,30,13,1806.663519859314,1806.663519859314,False,172
1,30,5,1042.993094444275,1042.993094444275,True,164
1,30,2,591.8267562389374,591.8267562389374,True,172
1,30,4,805.3177008628845,805.3177008628845,True,188
1,30,3,771.0976567268372,771.0976567268372,True,170
1,30,6,955.20521235466,955.20521235466,True,159
1,30,7,1130.4254217147827,1130.4254217147827,True,154
1,30,10,1830.2008607387543,1830.2008607387543,False,163
1,30,3,642.7233333587646,642.7233333587646,True,165
1,30,2,615.224207162857,615.224207162857,True,178
1.5,30,5,920.3233716487885,920.3233716487885,True,164
1.5,30,4,889.2845947742462,889.2845947742462,True,179
1.5,30,13,1868.3423118591309,1868.3423118591309,False,173
1.5,30,2,519.3089079856873,519.3089079856873,True,163
1.5,30,3,647.8548395633698,647.8548395633698,True,171
1.5,30,4,855.1370656490326,855.1370656490326,True,157
1.5,30,4,861.1428990364075,861.1428990364075,True,179
1.5,30,3,672.8919627666473,672.8919627666473,True,173
1.5,30,8,1452.1981031894684,1452.1981031894684,True,164
1.5,30,2,577.6674020290375,577.6674020290375,True,156
1.5,30,5,1020.3184509277344,1020.3184509277344,True,169
1.5,30,2,598.0549640655518,598.0549640655518,True,179
1.5,30,12,1805.1061372756958,1805.1061372756958,False,160
1.5,30,2,581.4434657096863,581.4434657096863,True,163
1.5,30,5,884.3901097774506,884.3901097774506,True,151
1.5,30,5,950.5992703437805,950.5992703437805,True,149
1.5,30,2,547.3585634231567,547.3585634231567,True,162
1.5,30,2,496.257283449173,496.257283449173,True,183
1.5,30,3,773.3774816989899,773.3774816989899,True,166
1.5,30,12,1806.6628303527832,1806.6628303527832,False,152
1.5,30,4,797.1022646427155,797.1022646427155,True,172
1.5,30,2,650.193342924118,650.193342924118,True,162
1.5,30,2,585.710268497467,585.710268497467,True,164
1.5,30,14,1869.1245486736298,1869.1245486736298,False,160
1.5,30,12,1846.3489089012146,1846.3489089012146,False,166
1.5,30,9,1249.7159473896027,1249.7159473896027,True,164
1.5,30,1,388.67102432250977,388.67102432250977,True,152
1.5,30,2,589.3866238594055,589.3866238594055,True,179
1.5,30,3,752.2213954925537,752.2213954925537,True,174
1.5,30,4,757.1056652069092,757.1056652069092,True,173
2,30,6,1038.0946969985962,1038.0946969985962,True,165
2,30,12,1900.561241388321,1900.561241388321,False,162
2,30,4,871.3313145637512,871.3313145637512,True,178
2,30,2,507.28459787368774,507.28459787368774,True,157
2,30,2,519.8902812004089,519.8902812004089,True,153
2,30,4,740.8967297077179,740.8967297077179,True,160
2,30,2,576.5542044639587,576.5542044639587,True,150
2,30,5,879.756918668747,879.756918668747,True,162
2,30,11,1881.2391743659973,1881.2391743659973,False,175
2,30,6,984.2066040039062,984.2066040039062,True,165
2,30,11,1813.0006754398346,1813.0006754398346,False,169
2,30,1,453.9836759567261,453.9836759567261,True,162
2,30,11,1818.6266102790833,1818.6266102790833,False,181
2,30,12,1711.0536437034607,1711.0536437034607,True,166
2,30,2,515.6128656864166,515.6128656864166,True,164
2,30,5,1057.5459020137787,1057.5459020137787,True,160
2,30,5,914.9178328514099,914.9178328514099,True,164
2,30,5,851.5033411979675,851.5033411979675,True,172
2,30,6,1025.8956010341644,1025.8956010341644,True,147
2,30,13,1888.3423945903778,1888.3423945903778,False,165
2,30,5,843.8042585849762,843.8042585849762,True,165
2,30,11,1861.0679388046265,1861.0679388046265,False,164
2,30,4,750.0715625286102,750.0715625286102,True,170
2,30,7,1447.708218574524,1447.708218574524,True,153
2,30,12,1832.2235598564148,1832.2235598564148,False,150
2,30,12,1813.8175148963928,1813.8175148963928,False,157
2,30,1,404.0103600025177,404.0103600025177,True,179
2,30,1,378.0266680717468,378.0266680717468,True,141
2,30,1,469.69355511665344,469.69355511665344,True,162
2,30,5,1059.6882684230804,1059.6882684230804,True,178
3,30,2,592.5194978713989,592.5194978713989,True,181
3,30,5,914.8591825962067,914.8591825962067,True,163
3,30,6,903.8828077316284,903.8828077316284,True,149
3,30,1,406.99496364593506,406.99496364593506,True,149
3,30,12,1549.1709690093994,1549.1709690093994,True,164
3,30,4,768.1490845680237,768.1490845680237,True,151
3,30,2,536.0448408126831,536.0448408126831,True,168
3,30,11,1820.4860808849335,1820.4860808849335,False,171
3,30,4,737.5633814334869,737.5633814334869,True,159
3,30,10,1907.8381443023682,1907.8381443023682,False,156
3,30,2,574.0616643428802,574.0616643428802,True,177
3,30,12,1874.4730019569397,1874.4730019569397,False,145
3,30,5,974.0670347213745,974.0670347213745,True,164
3,30,14,1880.7967190742493,1880.7967190742493,False,158
3,30,1,386.988605260849,386.988605260849,True,162
3,30,1,452.67854261398315,452.67854261398315,True,165
3,30,14,1866.697463274002,1866.697463274002,False,152
3,30,6,1031.546935081482,1031.546935081482,True,167
3,30,6,1064.4375309944153,1064.4375309944153,True,167
3,30,9,1209.7858772277832,1209.7858772277832,True,165
3,30,5,972.5319247245789,972.5319247245789,True,150
3,30,2,605.1087129116058,605.1087129116058,True,169
3,30,3,643.6657600402832,643.6657600402832,True,164
3,30,4,784.4696056842804,784.4696056842804,True,169
3,30,1,379.9878931045532,379.9878931045532,True,166
3,30,1,383.90467977523804,383.90467977523804,True,150
3,30,2,530.326461315155,530.326461315155,True,173
3,30,5,956.4986391067505,956.4986391067505,True,183
3,30,2,555.0143551826477,555.0143551826477,True,149
3,30,11,1734.8504660129547,1734.8504660129547,True,147
