num_trains,type,time,time_first_solution,solution_found,num_movements
5,1,2.8511218,2.56,True,10
5,1,2.7372445,2.4,True,10
5,1,2.5543811,2.29,True,10
5,1,2.5747564,2.31,True,10
5,1,2.5437535,2.28,True,10
5,1,2.5626855,2.29,True,10
5,1,2.6329077,2.37,True,10
5,1,2.5665683,2.29,True,10
5,1,2.4737334,2.23,True,10
5,1,2.5744022,2.32,True,10
5,1,2.6410954,2.32,True,10
5,1,2.6110045,2.33,True,10
5,1,2.5647491,2.33,True,10
5,1,2.5612382,2.3,True,10
5,1,2.5761741,2.27,True,10
5,1,2.8497355,2.56,True,10
5,1,2.6330559,2.31,True,10
5,1,2.5747564,2.28,True,10
5,1,2.5590528,2.27,True,10
5,1,2.5878092,2.32,True,10
5,1,2.8622025,2.56,True,10
5,1,2.6133029,2.29,True,10
5,1,2.5872931,2.26,True,10
5,1,2.5437094,2.27,True,10
5,1,2.6080682,2.32,True,10
5,1,2.5398362,2.26,True,10
5,1,2.5421753,2.27,True,10
5,1,2.5987057,2.28,True,10
5,1,2.5600791,2.35,True,10
5,1,2.5789238,2.31,True,10
5,1/3,2.6358541,2.27,True,10
5,1/3,2.5913929,2.34,True,10
5,1/3,2.622568,2.22,True,10
5,1/3,2.5818432,2.35,True,10
5,1/3,2.6166019,2.45,True,10
5,1/3,2.6411198,2.35,True,10
5,1/3,2.5853363,2.35,True,10
5,1/3,2.6112355,2.36,True,10
5,1/3,2.4846997,2.31,True,10
5,1/3,2.5702683,2.32,True,10
5,1/3,2.5392453,2.23,True,10
5,1/3,2.5987777,2.3,True,10
5,1/3,2.6017958,2.34,True,10
5,1/3,2.594468,2.35,True,10
5,1/3,2.6070704,2.44,True,10
5,1/3,2.5640028,2.35,True,10
5,1/3,2.638165,2.38,True,10
5,1/3,2.6173927,2.41,True,10
5,1/3,2.5833934,2.36,True,10
5,1/3,2.5598235,2.36,True,10
5,1/3,2.441375,2.31,True,10
5,1/3,2.4865276,2.23,True,10
5,1/3,2.5133328,2.31,True,10
5,1/3,2.518514,2.29,True,10
5,1/3,2.5437302,2.18,True,10
5,1/3,2.5691792,2.34,True,10
5,1/3,2.6862767,2.37,True,10
5,1/3,2.5922721,2.38,True,10
5,1/3,2.5932078,2.34,True,10
5,1/3,2.5687145,2.31,True,10
5,num_trains,1.2129702,1.2129702,True,10
5,num_trains,0.8247948,0.41,True,10
5,num_trains,0.8688083,0.42,True,10
5,num_trains,0.8617122,0.8617122,True,10
5,num_trains,0.9088045,0.59,True,10
5,num_trains,1.089317,0.66,True,10
5,num_trains,0.9584575,0.64,True,10
5,num_trains,0.873355,0.873355,True,10
5,num_trains,0.8722995,0.8722995,True,10
5,num_trains,0.8707469,0.8707469,True,10
5,num_trains,1.1111767,0.61,True,10
5,num_trains,0.9302581,0.47,True,10
5,num_trains,0.8525559,0.43,True,10
5,num_trains,0.8520661,0.42,True,10
5,num_trains,0.868376,0.57,True,10
5,num_trains,1.1146428,0.8,True,10
5,num_trains,0.9432202,0.55,True,10
5,num_trains,0.8962994,0.56,True,10
5,num_trains,0.8986742,0.45,True,10
5,num_trains,0.8590722,0.52,True,10
5,num_trains,0.9915827,0.67,True,10
5,num_trains,0.8611245,0.8611245,True,10
5,num_trains,0.8786678,0.55,True,10
5,num_trains,1.0277569,0.66,True,10
5,num_trains,0.8401629,0.8401629,True,10
5,num_trains,0.8104395,0.5,True,10
5,num_trains,0.8389383,0.8389383,True,10
5,num_trains,0.8343998,0.52,True,10
5,num_trains,0.8205388,0.46,True,10
5,num_trains,0.8413838,0.43,True,10
10,1,3.557874,3.03,True,20
10,1,3.219574,2.75,True,20
10,1,3.6036758,3.12,True,20
10,1,3.1246525,2.7,True,20
10,1,3.2330567,2.71,True,20
10,1,3.7804429,3.09,True,20
10,1,3.322966,2.82,True,20
10,1,3.3205783,2.73,True,20
10,1,3.4118257,2.91,True,20
10,1,3.4366154,2.9,True,20
10,1,3.1616438,2.68,True,20
10,1,3.1127935,2.65,True,20
10,1,3.0879034,2.64,True,20
10,1,3.1896748,2.74,True,20
10,1,3.0640571,2.55,True,20
10,1,3.3194946,2.81,True,20
10,1,3.2517549,2.71,True,20
10,1,3.2540485,2.73,True,20
10,1,3.4275046,2.69,True,20
10,1,3.3447103,2.65,True,20
10,1,3.1985174,2.66,True,20
10,1,3.1329699,2.62,True,20
10,1,3.2220941,2.7,True,20
10,1,3.3176844,2.76,True,20
10,1,3.2659378,2.74,True,20
10,1,3.2409857,2.75,True,20
10,1,3.2627719,2.6,True,20
10,1,3.0482613,2.59,True,20
10,1,3.1575781,2.6,True,20
10,1,3.1390755,2.69,True,20
10,5,3.3258489,2.92,True,20
10,5,3.3144934,2.73,True,20
10,5,3.1463052,2.69,True,20
10,5,3.3630061,2.76,True,20
10,5,3.1990667,2.78,True,20
10,5,3.4665333,2.86,True,20
10,5,3.4455957,2.91,True,20
10,5,3.5339329,2.92,True,20
10,5,3.3502674,2.9,True,20
10,5,3.3757747,2.88,True,20
10,5,3.3594838,2.92,True,20
10,5,3.4685347,2.88,True,20
10,5,3.3594849,2.76,True,20
10,5,3.4627488,2.91,True,20
10,5,3.2342067,2.79,True,20
10,5,3.4233487,3.03,True,20
10,5,3.5388145,2.73,True,20
10,5,3.1803126,2.71,True,20
10,5,3.4186658,2.98,True,20
10,5,2.6260728,2.2,True,20
10,5,3.3543367,2.89,True,20
10,5,3.2886317,2.82,True,20
10,5,3.1798084,2.76,True,20
10,5,3.2595679,2.71,True,20
10,5,3.1591888,2.75,True,20
10,5,3.9774141,2.96,True,20
10,5,3.1667791,2.71,True,20
10,5,2.8698632,2.37,True,20
10,5,3.2949253,2.87,True,20
10,5,3.0859847,2.62,True,20
10,1/3,3.5605284,2.81,True,20
10,1/3,3.5820452,2.85,True,20
10,1/3,3.8312789,2.86,True,20
10,1/3,3.4553367,2.98,True,20
10,1/3,3.4891713,2.8,True,20
10,1/3,3.30066,2.7,True,20
10,1/3,3.2303948,2.64,True,20
10,1/3,3.3866548,2.78,True,20
10,1/3,3.3231301,2.81,True,20
10,1/3,3.1458037,2.68,True,20
10,1/3,3.1155281,2.59,True,20
10,1/3,3.1131441,2.69,True,20
10,1/3,3.2638173,2.82,True,20
10,1/3,3.1091231,2.66,True,20
10,1/3,3.1124999,2.65,True,20
10,1/3,3.6066115,3.05,True,20
10,1/3,3.3417091,2.74,True,20
10,1/3,3.2894157,2.79,True,20
10,1/3,3.3388166,2.81,True,20
10,1/3,3.3494906,2.77,True,20
10,1/3,3.2950275,2.82,True,20
10,1/3,3.2435256,2.74,True,20
10,1/3,3.2536451,2.77,True,20
10,1/3,3.2139685,2.77,True,20
10,1/3,3.2107789,2.77,True,20
10,1/3,3.3458741,2.89,True,20
10,1/3,3.2969537,2.84,True,20
10,1/3,3.0919387,2.62,True,20
10,1/3,3.1038701,2.7,True,20
10,1/3,3.4449965,2.86,True,20
10,num_trains,1.9191764,1.42,True,20
10,num_trains,1.6772996,0.54,True,20
10,num_trains,1.8948818,0.54,True,20
10,num_trains,1.7552222,0.73,True,20
10,num_trains,3.043362,3.043362,True,20
10,num_trains,2.4088832,1.31,True,20
10,num_trains,1.7362507,0.66,True,20
10,num_trains,1.8494434,0.77,True,20
10,num_trains,1.5902311,0.57,True,20
10,num_trains,1.966566,0.83,True,20
10,num_trains,5.9307407,2.15,True,20
10,num_trains,1.9320402,0.68,True,20
10,num_trains,2.4474386,0.55,True,20
10,num_trains,1.8423061,0.76,True,20
10,num_trains,2.5067945,0.9,True,20
10,num_trains,2.6062285,1.41,True,20
10,num_trains,2.1728503,0.77,True,20
10,num_trains,2.1482335,0.77,True,20
10,num_trains,1.8841525,0.91,True,20
10,num_trains,2.0174061,0.75,True,20
10,num_trains,2.6327074,1.21,True,20
10,num_trains,1.8615917,0.83,True,20
10,num_trains,1.8879848,0.64,True,20
10,num_trains,1.8327278,0.83,True,20
10,num_trains,1.5229319,0.58,True,20
10,num_trains,2.3058291,1.51,True,20
10,num_trains,1.5735472,0.42,True,20
10,num_trains,4.3137663,1.68,True,21
10,num_trains,2.159446,0.83,True,20
10,num_trains,1.7645834,0.74,True,20
15,1,9.9028661,4.54,True,31
15,1,8.6205901,3.6,True,30
15,1,9.5408582,3.73,True,31
15,1,11.5926975,5.76,True,30
15,1,8.5688018,3.62,True,30
15,1,10.6350227,4.9,True,30
15,1,9.7378841,4.02,True,31
15,1,8.3975037,3.62,True,30
15,1,9.1769353,3.71,True,30
15,1,9.1174392,3.94,True,31
15,1,8.7497348,3.68,True,30
15,1,9.5904515,3.64,True,31
15,1,8.5469121,3.66,True,30
15,1,9.3499345,3.59,True,30
15,1,10.6036432,4.55,True,31
15,1,10.4537296,5.17,True,31
15,1,10.4806059,4.09,True,31
15,1,10.5476164,4.11,True,31
15,1,9.5420779,3.07,True,30
15,1,10.3032083,4.11,True,31
15,1,13.3817822,5.74,True,30
15,1,9.5686365,3.89,True,30
15,1,9.0748766,2.98,True,30
15,1,10.959557,4.27,True,31
15,1,11.7178624,5.43,True,30
15,1,8.249298,3.17,True,30
15,1,8.1991273,3.13,True,30
15,1,9.5931563,3.55,True,30
15,1,9.1240209,3.29,True,30
15,1,10.4841454,3.62,True,31
15,1/3,9.2470424,3.94,True,30
15,1/3,9.2525015,4.2,True,30
15,1/3,10.8869947,5.5,True,30
15,1/3,9.532879,4.96,True,30
15,1/3,8.94023,4.36,True,30
15,1/3,7.9782452,3.41,True,30
15,1/3,9.7221242,5.14,True,30
15,1/3,10.3863,5.11,True,30
15,1/3,10.6500135,5.37,True,30
15,1/3,11.1472195,5.18,True,31
15,1/3,8.3686799,3.44,True,30
15,1/3,10.2518168,4.68,True,30
15,1/3,9.0511774,4.1,True,30
15,1/3,12.2611509,4.82,True,30
15,1/3,9.3641823,5.41,True,30
15,1/3,8.4184949,3.93,True,30
15,1/3,8.0831733,3.51,True,30
15,1/3,11.5339208,4.99,True,30
15,1/3,8.7510739,4.66,True,30
15,1/3,10.2788456,4.8,True,30
15,1/3,11.8216854,7.69,True,30
15,1/3,7.2147938,3.23,True,30
15,1/3,10.3859657,4.34,True,30
15,1/3,8.9278467,3.57,True,30
15,1/3,9.1584093,4.75,True,30
15,1/3,12.4470643,7.18,True,30
15,1/3,11.4977518,5.78,True,30
15,1/3,10.1382323,5.24,True,30
15,1/3,8.7949978,4.16,True,30
15,1/3,8.5115662,4.7,True,30
15,num_trains,3.3627874,0.69,True,30
15,num_trains,3.3481991,0.87,True,30
15,num_trains,3.3071577,0.77,True,30
15,num_trains,4.4424997,0.98,True,30
15,num_trains,4.0953424,0.84,True,30
15,num_trains,4.0645937,1.11,True,30
15,num_trains,4.0772671,1.17,True,30
15,num_trains,4.3525224,1.96,True,31
15,num_trains,4.2502111,0.89,True,30
15,num_trains,4.6076013,1.43,True,30
15,num_trains,3.3479757,0.96,True,30
15,num_trains,4.8108336,1.66,True,30
15,num_trains,3.7400274,0.92,True,30
15,num_trains,4.9547764,1.43,True,30
15,num_trains,5.5387694,1.47,True,30
15,num_trains,5.3885057,1.37,True,30
15,num_trains,4.4529,1.28,True,30
15,num_trains,3.6801637,1.3,True,30
15,num_trains,2.586145,0.84,True,30
15,num_trains,4.2581415,1.39,True,30
15,num_trains,4.5991921,0.86,True,30
15,num_trains,2.9709807,1.13,True,30
15,num_trains,3.2547967,0.66,True,30
15,num_trains,2.6735998,1.24,True,30
15,num_trains,2.2610943,0.73,True,30
15,num_trains,4.2605125,0.89,True,30
15,num_trains,3.1571866,0.69,True,30
15,num_trains,3.1805969,0.89,True,30
15,num_trains,3.3532011,0.78,True,30
15,num_trains,3.5353214,0.86,True,30
20,1,14.9762447,4.62,True,40
20,1,12.3398827,4.12,True,40
20,1,14.7423276,4.09,True,40
20,1,14.0723591,4.1,True,40
20,1,12.1308092,4.11,True,40
20,1,16.626354,8.63,True,40
20,1,14.7789994,4.45,True,40
20,1,12.9293462,4.39,True,40
20,1,13.7250034,4.35,True,40
20,1,12.9550655,4.65,True,40
20,1,15.5205038,8.28,True,40
20,1,10.9152108,3.56,True,40
20,1,10.8402152,3.52,True,40
20,1,12.1062811,4.12,True,40
20,1,14.6329553,4.15,True,40
20,1,16.5361723,8.57,True,40
20,1,13.935927,4.31,True,40
20,1,12.6771912,4.41,True,40
20,1,12.7670715,4.39,True,40
20,1,13.7454038,4.41,True,40
20,1,14.6846163,7.33,True,40
20,1,12.7358175,4.06,True,40
20,1,14.0640218,4.09,True,40
20,1,13.0171069,4.03,True,40
20,1,13.5481092,4.0,True,40
20,1,12.323881,4.43,True,40
20,1,11.7180295,4.1,True,40
20,1,12.4588755,4.07,True,40
20,1,12.0810441,4.04,True,40
20,1,14.333558,4.02,True,40
20,5,11.4101765,4.3,True,40
20,5,11.0374166,4.4,True,40
20,5,11.5571411,5.17,True,40
20,5,9.896431,3.95,True,40
20,5,12.0364995,4.37,True,40
20,5,10.2836144,4.6,True,40
20,5,12.0398345,4.37,True,40
20,5,10.1889141,3.61,True,40
20,5,10.0651711,4.38,True,40
20,5,13.1950163,4.81,True,40
20,5,10.4049018,3.63,True,40
20,5,10.45925,4.29,True,40
20,5,10.3629676,3.93,True,40
20,5,11.6609712,4.92,True,40
20,5,11.4512662,4.81,True,40
20,5,11.4411064,3.88,True,40
20,5,11.6058827,4.08,True,40
20,5,10.4895318,4.52,True,40
20,5,12.4705237,4.87,True,40
20,5,13.862334,5.21,True,40
20,5,12.142094,5.28,True,40
20,5,11.9928632,4.63,True,40
20,5,11.2345124,4.23,True,40
20,5,14.2667916,4.66,True,40
20,5,11.6240127,5.09,True,40
20,5,14.504265,3.83,True,40
20,5,11.490232,4.01,True,40
20,5,11.1244357,3.24,True,40
20,5,11.6351327,5.08,True,40
20,5,11.4989378,4.1,True,40
20,1/3,10.7847393,5.14,True,40
20,1/3,13.3448851,5.38,True,40
20,1/3,10.1783472,4.83,True,40
20,1/3,11.0098033,4.54,True,40
20,1/3,11.9378343,5.16,True,40
20,1/3,11.5327432,3.92,True,40
20,1/3,10.2970134,4.05,True,40
20,1/3,10.2640983,4.05,True,40
20,1/3,11.2334035,4.56,True,40
20,1/3,11.2464151,3.61,True,40
20,1/3,12.1379479,3.87,True,40
20,1/3,11.6875017,4.71,True,40
20,1/3,11.7121146,4.19,True,40
20,1/3,13.5190938,9.46,True,40
20,1/3,12.6511142,4.25,True,40
20,1/3,12.6295188,6.68,True,40
20,1/3,10.6986583,5.45,True,40
20,1/3,10.845016,5.09,True,40
20,1/3,10.14138,4.9,True,40
20,1/3,12.6631014,4.31,True,40
20,1/3,11.3706968,4.42,True,40
20,1/3,11.4415389,4.62,True,40
20,1/3,12.2473784,4.59,True,40
20,1/3,11.4718798,3.85,True,40
20,1/3,11.3565038,5.36,True,40
20,1/3,14.1388782,7.07,True,40
20,1/3,12.0199543,4.69,True,40
20,1/3,10.7717963,4.57,True,40
20,1/3,14.3058489,7.19,True,40
20,1/3,11.7366357,4.91,True,40
20,num_trains,9.0656543,2.03,True,40
20,num_trains,7.7632349,1.58,True,40
20,num_trains,8.5240121,1.48,True,40
20,num_trains,9.7308113,2.26,True,40
20,num_trains,9.6626052,2.57,True,40
20,num_trains,8.2434759,1.41,True,40
20,num_trains,7.8773274,1.5,True,40
20,num_trains,9.3848088,2.54,True,40
20,num_trains,10.2400411,3.21,True,40
20,num_trains,7.6484625,2.84,True,40
20,num_trains,10.1870734,1.66,True,40
20,num_trains,9.2890311,3.93,True,40
20,num_trains,10.8826255,4.71,True,41
20,num_trains,9.5414713,6.47,True,41
20,num_trains,9.3788541,2.24,True,40
20,num_trains,9.3471076,2.78,True,42
20,num_trains,10.5221094,2.79,True,41
20,num_trains,12.1732515,10.64,True,40
20,num_trains,8.8807283,2.46,True,40
20,num_trains,8.8120955,1.62,True,40
20,num_trains,8.5426976,1.92,True,40
20,num_trains,11.5121864,4.49,True,41
20,num_trains,8.8259664,1.33,True,40
20,num_trains,8.621404,2.44,True,40
20,num_trains,9.7305517,3.86,True,40
20,num_trains,8.6328123,2.12,True,40
20,num_trains,8.6963202,1.01,True,40
20,num_trains,6.9693914,1.27,True,40
20,num_trains,8.1344233,1.44,True,40
20,num_trains,8.2188425,1.27,True,40
25,1,17.7377616,10.13,True,50
25,1,19.0264251,11.41,True,50
25,1,17.4529293,8.32,True,50
25,1,19.8549622,12.5,True,50
25,1,18.3592911,10.2,True,51
25,1,16.3029413,7.49,True,50
25,1,22.3552066,15.16,True,51
25,1,24.1804247,22.43,True,50
25,1,22.0817214,14.2,True,51
25,1,18.1296901,11.81,True,50
25,1,17.1651113,8.18,True,50
25,1,21.5060813,10.58,True,51
25,1,20.2393739,15.01,True,50
25,1,17.5361007,10.53,True,50
25,1,17.9077201,11.19,True,50
25,1,19.592946,12.38,True,51
25,1,19.7720175,11.41,True,50
25,1,16.1603607,7.84,True,50
25,1,22.8453164,12.25,True,50
25,1,18.22792,11.39,True,50
25,1,21.4888565,14.76,True,51
25,1,16.9004924,8.82,True,50
25,1,16.5360675,7.08,True,50
25,1,18.293481,9.06,True,51
25,1,22.2597015,14.06,True,50
25,1,17.3444472,9.86,True,51
25,1,21.8688396,16.23,True,51
25,1,17.8249345,10.42,True,51
25,1,17.5371643,8.02,True,50
25,1,15.6445636,6.57,True,50
25,5,14.8226174,7.01,True,50
25,5,18.9628968,11.16,True,50
25,5,18.3503694,13.55,True,50
25,5,15.7004923,8.69,True,50
25,5,17.7164929,9.12,True,50
25,5,15.7441033,7.74,True,50
25,5,18.9290058,9.78,True,50
25,5,15.106533,8.37,True,50
25,5,19.467827,15.16,True,50
25,5,18.8894762,11.93,True,50
25,5,17.406972,12.19,True,51
25,5,16.3093488,5.4,True,50
25,5,18.058006,13.87,True,50
25,5,19.9295962,14.05,True,50
25,5,14.9139873,9.1,True,50
25,5,19.6939684,10.38,True,50
25,5,17.8518924,8.67,True,51
25,5,16.1436002,10.34,True,50
25,5,16.599356,11.83,True,50
25,5,17.843629,11.6,True,50
25,5,13.8453388,6.31,True,50
25,5,26.5741686,26.5741686,True,51
25,5,18.6787622,10.92,True,51
25,5,15.3758712,5.99,True,50
25,5,21.3364724,13.48,True,50
25,5,15.0168618,8.58,True,50
25,5,15.3631948,9.65,True,50
25,5,17.7626886,13.17,True,50
25,5,20.3681102,16.66,True,50
25,5,16.4366792,8.66,True,50
25,1/3,17.9830384,8.59,True,50
25,1/3,14.3836086,9.38,True,50
25,1/3,16.0655594,4.96,True,50
25,1/3,16.9235112,12.26,True,50
25,1/3,14.7634863,10.28,True,50
25,1/3,14.856154,7.07,True,50
25,1/3,20.6024033,20.1,True,50
25,1/3,14.2264608,8.9,True,50
25,1/3,14.8803939,7.35,True,50
25,1/3,14.2922374,4.89,True,50
25,1/3,17.5329899,13.39,True,51
25,1/3,16.5383591,10.27,True,51
25,1/3,20.7714618,15.76,True,51
25,1/3,14.3186278,8.26,True,50
25,1/3,16.2405342,6.78,True,50
25,1/3,14.0501116,8.66,True,50
25,1/3,17.9495598,13.87,True,50
25,1/3,15.6241821,12.21,True,51
25,1/3,17.9521495,13.62,True,50
25,1/3,12.6843032,5.87,True,50
25,1/3,15.1652108,7.35,True,50
25,1/3,16.8614352,12.7,True,51
25,1/3,14.6979687,6.7,True,50
25,1/3,21.6615468,17.66,True,51
25,1/3,14.2710195,7.68,True,50
25,1/3,16.7784187,9.16,True,50
25,1/3,17.761205,9.03,True,51
25,1/3,15.1115608,6.36,True,50
25,1/3,20.9041945,19.11,True,50
25,1/3,18.9375804,10.14,True,50
25,num_trains,12.7383641,6.13,True,50
25,num_trains,14.9757008,10.43,True,50
25,num_trains,13.8866966,8.51,True,50
25,num_trains,19.2580426,19.2580426,True,50
25,num_trains,19.7500291,19.7500291,True,51
25,num_trains,14.045186,7.03,True,51
25,num_trains,51.0902251,51.0902251,True,53
25,num_trains,10.4345328,4.88,True,50
25,num_trains,13.5852003,7.42,True,51
25,num_trains,10.411183,2.75,True,50
25,num_trains,13.9652938,13.6,True,50
25,num_trains,13.5539421,6.7,True,51
25,num_trains,18.6119635,11.81,True,51
25,num_trains,18.7412919,9.11,True,50
25,num_trains,17.5001287,17.5001287,True,52
25,num_trains,13.2855144,4.07,True,50
25,num_trains,16.2803389,10.04,True,51
25,num_trains,15.5391187,8.51,True,50
25,num_trains,12.5530154,6.0,True,50
25,num_trains,14.6659786,9.92,True,51
25,num_trains,15.9459068,13.51,True,51
25,num_trains,11.4698504,2.33,True,51
25,num_trains,12.1837412,4.81,True,50
25,num_trains,28.813656,28.813656,True,53
25,num_trains,13.2630958,8.57,True,51
25,num_trains,12.3555204,3.8,True,50
25,num_trains,10.7160417,1.89,True,50
25,num_trains,15.4193223,11.0,True,51
25,num_trains,18.5044378,18.5044378,True,52
25,num_trains,14.8247873,7.67,True,51
26,1,21.6011738,13.59,True,52
26,1,20.5206318,9.47,True,52
26,1,20.268791,7.72,True,52
26,1,20.406876,10.35,True,52
26,1,20.9560019,8.5,True,52
26,1,19.7054831,8.31,True,52
26,1,21.4440199,13.36,True,52
26,1,18.2223305,7.31,True,52
26,1,21.3292536,7.54,True,53
26,1,18.6634075,10.66,True,52
26,1,19.4931605,9.46,True,52
26,1,21.1238805,10.55,True,52
26,1,22.3008512,10.46,True,52
26,1,22.8895933,16.18,True,52
26,1,23.8713791,17.45,True,52
26,1,21.6877958,12.7,True,52
26,1,18.4760941,9.44,True,52
26,1,21.417401,12.69,True,52
26,1,21.5871921,11.44,True,53
26,1,20.1331936,8.75,True,52
26,1,21.1900131,14.05,True,52
26,1,18.3106362,10.21,True,52
26,1,18.9646838,10.89,True,52
26,1,17.6087945,8.29,True,52
26,1,21.556014,13.43,True,52
26,1,21.3504238,10.09,True,52
26,1,20.282942,12.02,True,52
26,1,21.9363889,9.81,True,52
26,1,21.9694749,9.65,True,53
26,1,23.5222977,13.19,True,52
26,5,17.4074391,12.16,True,53
26,5,18.1628541,9.86,True,52
26,5,16.3710282,7.68,True,52
26,5,20.1575845,12.05,True,53
26,5,18.7544768,11.08,True,52
26,5,19.5644427,9.39,True,52
26,5,21.3203667,10.65,True,53
26,5,20.373418,9.0,True,52
26,5,20.2181314,8.87,True,52
26,5,21.5043768,10.3,True,53
26,5,19.1260106,9.05,True,52
26,5,17.6238968,6.66,True,52
26,5,21.8549354,16.66,True,53
26,5,19.6799133,13.14,True,52
26,5,19.1954107,7.21,True,52
26,5,19.0072425,11.64,True,52
26,5,24.8370785,20.88,True,55
26,5,19.7685223,10.16,True,52
26,5,17.7592963,10.05,True,53
26,5,17.0778145,8.72,True,52
26,5,18.1592733,9.32,True,52
26,5,15.9047127,8.58,True,52
26,5,17.6067277,12.91,True,52
26,5,17.772343,9.93,True,53
26,5,16.0078777,9.28,True,52
26,5,21.0701286,13.44,True,54
26,5,16.4551343,9.45,True,52
26,5,19.9230639,9.2,True,52
26,5,14.8325883,5.54,True,52
26,5,29.1964796,29.1964796,True,52
26,1/3,18.5897139,9.7,True,52
26,1/3,24.8046644,21.23,True,52
26,1/3,24.2754301,17.75,True,54
26,1/3,30.6258642,30.6258642,True,52
26,1/3,23.3317352,15.88,True,52
26,1/3,20.85811,16.01,True,54
26,1/3,18.5796531,10.41,True,52
26,1/3,19.7313079,10.53,True,52
26,1/3,22.054687,17.54,True,53
26,1/3,21.128275,17.25,True,53
26,1/3,20.0170635,17.41,True,52
26,1/3,18.1127553,9.13,True,52
26,1/3,18.9251328,10.61,True,52
26,1/3,21.1488027,13.39,True,52
26,1/3,20.1156611,13.0,True,52
26,1/3,24.0232762,19.3,True,53
26,1/3,17.9092148,9.53,True,53
26,1/3,19.6219614,12.57,True,53
26,1/3,16.9400511,10.7,True,52
26,1/3,17.3536974,6.46,True,52
26,1/3,19.4528712,8.07,True,52
26,1/3,17.0354015,9.31,True,52
26,1/3,15.8126849,8.31,True,52
26,1/3,19.7221207,13.15,True,52
26,1/3,38.9346198,38.9346198,True,52
26,1/3,22.8896788,12.17,True,54
26,1/3,17.8438178,7.02,True,52
26,1/3,19.3047898,8.2,True,52
26,1/3,20.9738668,9.92,True,52
26,1/3,19.5781974,10.92,True,52
26,num_trains,11.5816032,1.84,True,52
26,num_trains,16.4739329,16.4739329,True,52
26,num_trains,12.6217354,5.8,True,52
26,num_trains,18.692098,13.96,True,54
26,num_trains,13.7128572,6.83,True,52
26,num_trains,15.0594497,9.14,True,52
26,num_trains,11.8669102,4.82,True,52
26,num_trains,13.6221561,6.38,True,52
26,num_trains,15.7134807,8.3,True,53
26,num_trains,13.5103545,6.57,True,52
26,num_trains,17.1276525,17.1276525,True,52
26,num_trains,14.8301849,8.54,True,52
26,num_trains,18.8658312,11.46,True,55
26,num_trains,14.7764804,7.7,True,52
26,num_trains,16.6820935,10.35,True,54
26,num_trains,14.5379433,10.93,True,52
26,num_trains,17.6851576,10.73,True,55
26,num_trains,13.4755328,4.27,True,53
26,num_trains,12.5521859,7.55,True,53
26,num_trains,12.9517336,4.14,True,52
26,num_trains,11.3575536,4.27,True,52
26,num_trains,13.5839281,9.25,True,52
26,num_trains,17.537414,14.64,True,52
26,num_trains,11.1563279,2.53,True,52
26,num_trains,39.6423494,39.6423494,True,53
26,num_trains,13.6030975,6.69,True,54
26,num_trains,18.0772851,10.01,True,55
26,num_trains,43.6815865,43.6815865,True,56
26,num_trains,18.6937224,18.6937224,True,52
26,num_trains,19.1690556,12.47,True,54
27,1,25.252143,10.44,True,54
27,1,23.171566,9.43,True,54
27,1,24.1654162,11.05,True,54
27,1,25.6577028,10.07,True,55
27,1,22.3885187,10.65,True,54
27,1,20.8971364,9.61,True,54
27,1,19.4524233,8.17,True,54
27,1,24.7155759,14.73,True,55
27,1,20.7026777,16.63,True,54
27,1,21.8106421,11.49,True,54
27,1,22.5611947,10.85,True,54
27,1,23.4394911,10.71,True,54
27,1,23.7122215,11.0,True,54
27,1,24.5168772,18.57,True,54
27,1,20.3851338,10.9,True,54
27,1,22.7912238,11.54,True,55
27,1,21.7669648,11.2,True,54
27,1,22.8126828,11.54,True,54
27,1,25.7929202,19.03,True,55
27,1,25.1340393,19.05,True,54
27,1,21.8125221,10.45,True,54
27,1,22.7590671,12.57,True,56
27,1,20.8839117,9.94,True,54
27,1,20.9825691,10.88,True,54
27,1,19.8866791,9.74,True,54
27,1,19.573813,8.81,True,54
27,1,19.4350462,9.9,True,54
27,1,22.2584007,9.15,True,54
27,1,23.0945296,11.03,True,55
27,1,19.6126979,9.82,True,54
27,5,20.0466632,10.87,True,54
27,5,27.310346,25.39,True,55
27,5,21.5536591,11.68,True,54
27,5,21.3857278,11.77,True,54
27,5,16.5331974,9.02,True,54
27,5,18.9250732,14.66,True,54
27,5,18.0713736,13.14,True,54
27,5,20.5310873,11.12,True,56
27,5,22.3086214,14.44,True,56
27,5,18.9611377,9.64,True,55
27,5,17.6789747,10.45,True,54
27,5,25.8771218,22.29,True,55
27,5,17.0225513,5.26,True,54
27,5,17.8959346,9.31,True,54
27,5,17.9708614,13.78,True,54
27,5,18.7743384,8.46,True,54
27,5,20.0600478,11.34,True,55
27,5,19.4762746,10.36,True,54
27,5,19.4254232,6.65,True,54
27,5,17.299163,7.61,True,54
27,5,18.5268129,9.54,True,54
27,5,25.382356,18.06,True,54
27,5,35.8471703,35.8471703,True,55
27,5,17.9346322,9.46,True,54
27,5,21.1355391,12.03,True,54
27,5,19.4433169,12.41,True,54
27,5,17.6174987,9.55,True,55
27,5,19.1834543,10.8,True,55
27,5,20.1962994,13.96,True,55
27,5,19.3573097,11.05,True,55
27,1/3,17.5905371,10.54,True,54
27,1/3,24.7263065,24.7263065,True,55
27,1/3,19.6519041,10.09,True,54
27,1/3,18.3566826,10.74,True,54
27,1/3,19.4413358,12.93,True,55
27,1/3,18.5696408,11.27,True,56
27,1/3,23.7356201,17.71,True,55
27,1/3,16.6029813,12.89,True,54
27,1/3,18.6072928,13.21,True,54
27,1/3,18.5088061,8.82,True,55
27,1/3,24.1915017,13.44,True,57
27,1/3,20.6370091,15.39,True,55
27,1/3,19.0363038,13.61,True,55
27,1/3,26.0864336,21.71,True,57
27,1/3,27.0112895,24.32,True,57
27,1/3,20.9383456,15.14,True,55
27,1/3,21.2887837,14.3,True,54
27,1/3,18.2247808,7.73,True,54
27,1/3,16.8530964,8.93,True,54
27,1/3,20.4969515,12.5,True,55
27,1/3,22.1040116,13.71,True,57
27,1/3,19.3521073,9.54,True,54
27,1/3,20.1165259,13.32,True,54
27,1/3,17.7656029,11.58,True,54
27,1/3,17.6602966,11.59,True,54
27,1/3,23.3649347,13.46,True,56
27,1/3,20.7094039,12.92,True,54
27,1/3,23.4795365,12.7,True,55
27,1/3,19.6652508,11.78,True,54
27,1/3,28.71448,19.93,True,54
27,num_trains,19.439945,19.439945,True,54
27,num_trains,15.3955267,13.3,True,55
27,num_trains,15.1693938,10.74,True,55
27,num_trains,25.586586,25.586586,True,59
27,num_trains,14.6590693,11.38,True,54
27,num_trains,15.9970104,12.87,True,54
27,num_trains,15.5003923,7.09,True,56
27,num_trains,16.2322066,10.62,True,55
27,num_trains,23.4803886,23.4803886,True,55
27,num_trains,24.6740996,24.6740996,True,57
27,num_trains,38.2300124,38.2300124,True,55
27,num_trains,26.651403,10.97,True,57
27,num_trains,16.1081916,7.29,True,54
27,num_trains,28.3159212,28.3159212,True,55
27,num_trains,38.0014382,38.0014382,True,54
27,num_trains,17.9678225,13.16,True,55
27,num_trains,29.781154,29.781154,True,55
27,num_trains,27.7293711,27.7293711,True,56
27,num_trains,18.3784745,16.95,True,55
27,num_trains,18.5455801,14.46,True,54
27,num_trains,39.1958624,39.1958624,True,58
27,num_trains,15.8066933,6.13,True,58
27,num_trains,20.8507234,20.8507234,True,55
27,num_trains,21.2653892,13.74,True,55
27,num_trains,23.9364755,14.26,True,57
27,num_trains,16.8915918,11.93,True,54
27,num_trains,22.3213888,12.23,True,59
27,num_trains,14.3092274,6.97,True,55
27,num_trains,17.5529904,13.03,True,55
27,num_trains,38.2014862,38.2014862,True,55
28,1,26.4613242,11.64,True,57
28,1,21.5155599,10.33,True,56
28,1,20.604875,9.49,True,56
28,1,20.7090874,10.07,True,56
28,1,24.8692024,14.57,True,57
28,1,24.681167,15.06,True,57
28,1,22.0010422,10.34,True,56
28,1,24.1410316,11.5,True,56
28,1,20.5415458,9.15,True,56
28,1,21.1117114,9.0,True,56
28,1,19.8202006,9.69,True,56
28,1,22.7347215,9.94,True,56
28,1,22.3068255,11.68,True,57
28,1,20.696698,9.39,True,56
28,1,26.1162903,17.55,True,57
28,1,25.8976405,15.36,True,56
28,1,27.8623638,11.39,True,57
28,1,24.6493961,9.32,True,56
28,1,25.8738771,11.18,True,56
28,1,32.069074,20.67,True,56
28,1,25.7399147,15.29,True,57
28,1,21.3319459,10.29,True,56
28,1,20.4298269,9.03,True,56
28,1,21.458356,10.16,True,56
28,1,21.6884422,9.24,True,56
28,1,22.1902121,10.26,True,56
28,1,23.3512837,11.84,True,56
28,1,22.2305818,10.62,True,56
28,1,22.9910325,11.65,True,56
28,1,20.5396041,8.88,True,56
28,5,23.7068056,21.33,True,56
28,5,17.4779525,8.7,True,56
28,5,16.8208163,8.1,True,56
28,5,21.2591836,11.71,True,57
28,5,25.431667,18.45,True,57
28,5,26.3261688,16.67,True,57
28,5,33.9852349,32.77,True,57
28,5,23.8989608,13.24,True,56
28,5,28.8232298,23.57,True,57
28,5,22.8597208,11.85,True,56
28,5,29.3904189,28.07,True,58
28,5,23.7174963,22.6,True,58
28,5,20.4363588,11.24,True,56
28,5,18.8919888,8.55,True,56
28,5,23.0390183,17.8,True,56
28,5,19.6818374,13.12,True,56
28,5,50.9516317,50.9516317,True,57
28,5,24.1829306,16.12,True,56
28,5,22.8813914,13.38,True,56
28,5,31.4675424,23.99,True,57
28,5,27.7214563,13.85,True,57
28,5,51.2032428,51.2032428,True,56
28,5,19.9498198,11.61,True,56
28,5,35.0021032,32.84,True,56
28,5,24.3563135,15.91,True,57
28,5,21.7666303,7.72,True,57
28,5,29.0915386,29.0915386,True,56
28,5,37.9649848,37.9649848,True,56
28,5,19.5743724,11.29,True,56
28,5,25.8013517,18.93,True,59
28,1/3,52.3703531,52.3703531,True,59
28,1/3,50.4561042,50.4561042,True,56
28,1/3,26.5050934,14.05,True,57
28,1/3,21.1123878,10.8,True,56
28,1/3,20.7659327,12.67,True,56
28,1/3,25.6632172,25.11,True,58
28,1/3,19.8243197,14.34,True,57
28,1/3,20.4182324,16.98,True,57
28,1/3,17.8065127,9.26,True,57
28,1/3,20.437247,12.91,True,57
28,1/3,22.2415659,11.77,True,56
28,1/3,25.836433,24.75,True,56
28,1/3,34.741042,33.36,True,58
28,1/3,24.8788579,10.61,True,57
28,1/3,20.9868646,11.2,True,56
28,1/3,21.9784701,11.11,True,56
28,1/3,45.8547764,45.8547764,True,57
28,1/3,19.1064209,11.14,True,56
28,1/3,24.0909682,21.14,True,56
28,1/3,20.5615331,14.19,True,56
28,1/3,29.0403908,29.0403908,True,58
28,1/3,23.1706738,16.0,True,58
28,1/3,26.1434088,26.1434088,True,57
28,1/3,39.7497562,39.7497562,True,56
28,1/3,20.1934932,13.93,True,57
28,1/3,20.959277,12.21,True,57
28,1/3,31.747629,31.747629,True,60
28,1/3,35.7394002,35.7394002,True,56
28,1/3,29.9387247,29.9387247,True,57
28,1/3,19.2859607,10.83,True,56
28,num_trains,22.6136752,22.6136752,True,56
28,num_trains,24.7040306,22.62,True,59
28,num_trains,19.1238774,9.95,True,57
28,num_trains,17.1266641,12.1,True,58
28,num_trains,22.4239322,22.4239322,True,56
28,num_trains,18.0798548,10.52,True,56
28,num_trains,17.561699,13.97,True,56
28,num_trains,17.3098588,12.52,True,57
28,num_trains,15.9673938,5.5,True,58
28,num_trains,16.2262656,11.67,True,56
28,num_trains,24.0100667,24.0100667,True,57
28,num_trains,12.2237201,4.65,True,56
28,num_trains,14.3053627,8.25,True,56
28,num_trains,13.8766218,5.6,True,56
28,num_trains,30.7581246,25.33,True,58
28,num_trains,16.1008051,9.36,True,58
28,num_trains,14.7164811,11.34,True,56
28,num_trains,19.0983811,12.67,True,58
28,num_trains,20.362273,11.77,True,58
28,num_trains,12.1332993,4.94,True,56
28,num_trains,19.3594766,7.44,True,57
28,num_trains,33.7027883,31.46,True,58
28,num_trains,17.8525069,12.53,True,56
28,num_trains,20.3627701,12.56,True,57
28,num_trains,20.1668073,11.51,True,56
28,num_trains,45.8550383,45.8550383,True,59
28,num_trains,13.7944676,5.97,True,56
28,num_trains,17.6982937,12.93,True,56
28,num_trains,23.6845381,13.02,True,58
28,num_trains,17.8223352,9.95,True,57
29,1,27.6532455,13.27,True,58
29,1,29.7623448,18.0,True,58
29,1,29.5606569,17.98,True,58
29,1,27.9215648,12.85,True,58
29,1,32.0036029,15.8,True,58
29,1,25.6688235,16.67,True,58
29,1,23.0346708,10.52,True,58
29,1,25.3448196,16.96,True,59
29,1,30.5130129,14.77,True,60
29,1,25.9012809,16.23,True,59
29,1,25.8395346,17.36,True,58
29,1,25.1661123,12.72,True,59
29,1,25.3487855,15.8,True,58
29,1,23.8293894,13.92,True,58
29,1,48.5192533,48.5192533,True,58
29,1,22.8149002,14.49,True,58
29,1,23.5499073,10.95,True,59
29,1,24.353598,14.88,True,59
29,1,24.073741,15.4,True,58
29,1,20.2143739,8.25,True,58
29,1,28.5056838,18.23,True,59
29,1,31.7422642,21.64,True,58
29,1,25.1149832,15.36,True,58
29,1,26.8575931,13.27,True,59
29,1,25.4056049,12.68,True,58
29,1,23.6855574,20.23,True,58
29,1,22.9119635,10.68,True,58
29,1,20.7779494,10.42,True,58
29,1,21.7938834,12.94,True,58
29,1,28.248024,23.69,True,59
29,5,24.9996639,19.09,True,58
29,5,22.267163,18.24,True,58
29,5,30.5083011,23.23,True,60
29,5,22.1193626,15.93,True,58
29,5,21.2691157,15.07,True,59
29,5,21.5208607,12.22,True,59
29,5,34.7259979,32.77,True,61
29,5,22.861855,13.36,True,58
29,5,19.827462,12.09,True,58
29,5,19.7163823,9.79,True,58
29,5,25.2279604,16.5,True,58
29,5,26.0048153,18.99,True,58
29,5,19.5795252,9.95,True,58
29,5,36.9276867,36.9276867,True,58
29,5,33.8825108,27.74,True,63
29,5,20.2089376,10.79,True,58
29,5,19.6379974,8.73,True,58
29,5,25.12961,14.67,True,59
29,5,22.568933,11.81,True,61
29,5,32.3586286,32.3586286,True,58
29,5,21.7061221,10.9,True,58
29,5,19.9989579,10.71,True,58
29,5,21.3976055,14.47,True,58
29,5,26.5329614,21.02,True,59
29,5,23.7707488,13.53,True,58
29,5,19.3722115,9.57,True,58
29,5,35.2935796,35.2935796,True,59
29,5,24.5624852,15.63,True,59
29,5,24.4806407,14.58,True,59
29,5,24.5885032,11.89,True,58
29,1/3,21.884221,14.18,True,59
29,1/3,23.1174876,14.92,True,58
29,1/3,25.9990364,23.67,True,59
29,1/3,31.2387699,31.2387699,True,58
29,1/3,24.8670216,18.13,True,59
29,1/3,56.1140603,56.1140603,True,58
29,1/3,19.9745769,9.12,True,58
29,1/3,66.80547490000001,66.80547490000001,True,59
29,1/3,28.2678259,21.03,True,59
29,1/3,41.9908075,41.63,True,61
29,1/3,27.3622033,21.87,True,59
29,1/3,22.8177625,20.56,True,60
29,1/3,51.2510029,51.2510029,True,59
29,1/3,65.5555599,65.5555599,True,59
29,1/3,21.156141,9.59,True,59
29,1/3,24.7943613,12.3,True,60
29,1/3,25.6434959,13.21,True,61
29,1/3,31.7428333,24.61,True,59
29,1/3,27.8758014,27.66,True,61
29,1/3,24.2528331,14.31,True,59
29,1/3,23.5544465,16.49,True,60
29,1/3,22.3703527,16.58,True,59
29,1/3,37.6106991,37.6106991,True,59
29,1/3,18.0502407,9.66,True,59
29,1/3,30.0737368,30.0737368,True,59
29,1/3,26.3658562,18.55,True,58
29,1/3,29.0587102,25.45,True,61
29,1/3,26.829906,26.829906,True,58
29,1/3,25.7556816,25.7556816,True,58
29,1/3,22.3146647,11.64,True,58
29,num_trains,17.5209653,14.85,True,59
29,num_trains,16.5589981,8.0,True,60
29,num_trains,15.8339562,9.64,True,59
29,num_trains,15.7220186,7.73,True,61
29,num_trains,17.3281996,12.35,True,59
29,num_trains,33.7010807,33.7010807,True,59
29,num_trains,18.7306197,8.72,True,58
29,num_trains,67.3267755,67.3267755,True,58
29,num_trains,25.5309811,21.25,True,59
29,num_trains,22.4383931,14.34,True,60
29,num_trains,20.0889053,14.82,True,61
29,num_trains,24.0390343,17.03,True,62
29,num_trains,15.7729663,14.46,True,59
29,num_trains,16.2208297,7.84,True,59
29,num_trains,54.5052913,54.5052913,True,61
29,num_trains,37.5301543,37.5301543,True,64
29,num_trains,35.7018707,35.7018707,True,60
29,num_trains,24.77107,12.95,True,59
29,num_trains,25.0326242,24.49,True,59
29,num_trains,28.2950486,23.73,True,61
29,num_trains,56.8084811,56.8084811,True,58
29,num_trains,16.1505261,7.83,True,58
29,num_trains,27.2249744,27.2249744,True,59
29,num_trains,23.9862976,10.46,True,63
29,num_trains,31.2533791,26.07,True,62
29,num_trains,17.3598166,16.81,True,58
29,num_trains,42.4951436,42.4951436,True,58
29,num_trains,18.7639463,12.66,True,59
29,num_trains,18.344604,12.08,True,59
29,num_trains,24.0315974,22.47,True,61
30,1,22.6631001,9.02,True,60
30,1,28.0072263,16.35,True,60
30,1,28.0521427,12.81,True,60
30,1,29.3655109,23.56,True,60
30,1,25.7028286,12.15,True,60
30,1,23.9611748,9.62,True,60
30,1,25.1547871,19.99,True,61
30,1,22.0332439,9.19,True,60
30,1,24.0843979,11.8,True,60
30,1,23.3101367,9.06,True,60
30,1,31.5315682,25.17,True,60
30,1,29.8730584,17.96,True,60
30,1,27.6007878,10.31,True,60
30,1,27.7092273,10.42,True,60
30,1,28.3269808,11.07,True,60
30,1,36.9374101,36.9374101,True,60
30,1,26.9893134,9.79,True,60
30,1,26.3616824,9.3,True,60
30,1,27.1494007,9.6,True,60
30,1,35.0671106,29.37,True,60
30,1,23.8528624,13.63,True,60
30,1,25.3894422,18.88,True,61
30,1,21.6019446,12.4,True,60
30,1,23.6798321,11.02,True,60
30,1,21.8799067,8.8,True,61
30,1,25.0045301,24.0,True,60
30,1,25.7588085,10.85,True,60
30,1,32.0488866,26.05,True,62
30,1,24.8253353,18.16,True,61
30,1,22.6494853,9.1,True,60
30,5,41.6105064,41.6105064,True,60
30,5,25.6231013,18.26,True,61
30,5,26.2498651,13.9,True,61
30,5,28.8266146,17.89,True,63
30,5,49.3633727,49.3633727,True,60
30,5,35.3351073,22.13,True,62
30,5,23.4368559,11.02,True,60
30,5,27.3691578,11.56,True,61
30,5,32.3121994,22.67,True,60
30,5,33.174754,25.75,True,61
30,5,26.488246,17.65,True,61
30,5,19.3385578,11.18,True,60
30,5,33.6426935,33.6426935,True,62
30,5,23.9391852,20.32,True,60
30,5,21.6602928,14.0,True,61
30,5,20.0895711,11.8,True,60
30,5,32.7558199,27.56,True,63
30,5,41.2583536,41.2583536,True,61
30,5,23.526337,11.28,True,61
30,5,20.747864,10.03,True,60
30,5,28.7782185,13.42,True,62
30,5,43.1964162,36.72,True,62
30,5,76.3178229,76.3178229,True,62
30,5,27.3637471,12.71,True,61
30,5,57.5440825,57.5440825,True,62
30,5,20.011629,11.77,True,61
30,5,22.9362138,14.71,True,62
30,5,24.2332517,15.39,True,61
30,5,18.3260036,9.01,True,60
30,5,18.8816747,9.98,True,60
30,1/3,24.0536423,15.05,True,60
30,1/3,23.5820826,12.48,True,62
30,1/3,39.418013,39.418013,True,60
30,1/3,30.8944778,30.8944778,True,61
30,1/3,27.2142253,21.13,True,64
30,1/3,38.6622166,38.39,True,61
30,1/3,54.7627956,54.7627956,True,62
30,1/3,52.711643,52.711643,True,61
30,1/3,53.6673905,53.6673905,True,61
30,1/3,26.735412,14.39,True,61
30,1/3,27.3469518,22.5,True,62
30,1/3,25.1830885,18.34,True,61
30,1/3,21.4507436,11.34,True,61
30,1/3,57.6097972,57.6097972,True,62
30,1/3,65.126903,65.126903,True,62
30,1/3,30.7544844,24.66,True,62
30,1/3,49.6520606,49.6520606,True,60
30,1/3,22.7897851,14.15,True,60
30,1/3,67.9805713,67.9805713,True,62
30,1/3,66.9367949,66.9367949,True,62
30,1/3,31.0973848,21.39,True,61
30,1/3,25.0325589,15.16,True,61
30,1/3,34.7596697,22.37,True,62
30,1/3,27.9419509,15.58,True,61
30,1/3,90.9348775,90.9348775,True,62
30,1/3,23.4185254,13.86,True,60
30,1/3,28.4293281,17.99,True,61
30,1/3,27.4100386,23.45,True,61
30,1/3,24.8762849,19.19,True,62
30,1/3,27.2129975,17.14,True,61
30,num_trains,33.405231,33.405231,True,62
30,num_trains,29.0863304,26.48,True,63
30,num_trains,32.4502653,30.38,True,62
30,num_trains,19.5722648,17.44,True,60
30,num_trains,25.1682251,25.1682251,True,63
30,num_trains,24.1656788,22.07,True,61
30,num_trains,26.5138189,26.5138189,True,61
30,num_trains,60.7364558,60.7364558,True,63
30,num_trains,43.956556,43.956556,True,61
30,num_trains,23.4449935,20.26,True,63
30,num_trains,21.7111275,20.44,True,62
30,num_trains,60.1703836,60.1703836,True,60
30,num_trains,34.0319017,34.0319017,True,62
30,num_trains,21.1054001,19.85,True,62
30,num_trains,36.9499755,36.9499755,True,64
30,num_trains,44.6705221,44.6705221,True,61
30,num_trains,20.5108568,11.39,True,60
30,num_trains,20.1077134,12.48,True,62
30,num_trains,29.5574452,25.8,True,63
30,num_trains,34.8770897,33.75,True,63
30,num_trains,26.2267519,26.2267519,True,60
30,num_trains,45.7167866,45.7167866,True,60
30,num_trains,21.1490159,13.89,True,61
30,num_trains,22.3617501,21.0,True,63
30,num_trains,77.302591,77.302591,True,66
30,num_trains,34.4835629,34.4835629,True,61
30,num_trains,32.8622007,32.8622007,True,61
30,num_trains,34.4340382,34.4340382,True,61
30,num_trains,22.0177063,9.76,True,62
30,num_trains,15.4787935,5.58,True,61
31,1,34.9236899,19.87,True,65
31,1,25.033431,17.26,True,63
31,1,32.8926852,19.77,True,64
31,1,32.0782239,29.11,True,63
31,1,27.978922,16.92,True,63
31,1,35.702528,35.23,True,62
31,1,31.5126624,17.58,True,64
31,1,37.556417,37.556417,True,64
31,1,30.5054764,14.92,True,62
31,1,59.0870089,59.0870089,True,63
31,1,67.0341001,67.0341001,True,62
31,1,25.843977,12.21,True,62
31,1,28.4423595,18.41,True,63
31,1,72.01060340000001,72.01060340000001,True,64
31,1,58.8629281,58.8629281,True,63
31,1,35.0231585,27.08,True,62
31,1,56.6204136,56.6204136,True,63
31,1,22.8837332,14.71,True,62
31,1,28.5956206,13.65,True,64
31,1,26.9849101,13.58,True,62
31,1,79.5698506,79.5698506,True,64
31,1,39.543387,29.79,True,63
31,1,38.0773227,26.95,True,63
31,1,42.0045586,26.71,True,65
31,1,32.8650312,19.35,True,62
31,1,23.9986445,15.08,True,62
31,1,38.699976,38.699976,True,64
31,1,34.2911928,20.98,True,65
31,1,32.0304476,15.75,True,66
31,1,36.2823263,36.2823263,True,62
31,5,31.3879072,26.77,True,62
31,5,24.9733799,11.62,True,62
31,5,21.7766483,12.42,True,62
31,5,39.5623387,39.5623387,True,62
31,5,56.3186515,56.3186515,True,63
31,5,34.5993342,26.39,True,63
31,5,29.5744007,16.61,True,63
31,5,49.9129641,49.9129641,True,63
31,5,30.0659286,21.54,True,62
31,5,77.0042923,77.0042923,True,65
31,5,43.9767505,43.9767505,True,65
31,5,45.1470114,45.1470114,True,63
31,5,24.5916183,12.6,True,62
31,5,37.0065707,37.0065707,True,63
31,5,22.7762724,12.63,True,63
31,5,25.2414398,14.84,True,63
31,5,47.9023436,47.9023436,True,63
31,5,25.9259318,16.52,True,63
31,5,45.0805201,45.0805201,True,62
31,5,24.44966,19.81,True,62
31,5,30.7830916,21.43,True,64
31,5,42.9792009,42.9792009,True,65
31,5,31.6006951,21.64,True,63
31,5,57.5232873,57.5232873,True,62
31,5,73.1643061,73.1643061,True,62
31,5,69.4445432,69.4445432,True,62
31,5,28.7157083,15.5,True,63
31,5,47.8555795,47.8555795,True,65
31,5,31.8456417,22.57,True,68
31,5,26.5891213,17.57,True,64
31,1/3,39.198856,24.1,True,65
31,1/3,29.2113446,18.54,True,63
31,1/3,56.433089,56.433089,True,62
31,1/3,115.3602789,115.3602789,True,65
31,1/3,35.7512367,21.14,True,64
31,1/3,56.6325915,56.6325915,True,65
31,1/3,56.2183528,56.2183528,True,65
31,1/3,49.6824441,49.6824441,True,63
31,1/3,60.7810979,60.7810979,True,65
31,1/3,56.7685644,56.7685644,True,63
31,1/3,56.0128408,56.0128408,True,63
31,1/3,24.66907,13.99,True,65
31,1/3,29.0871895,21.22,True,63
31,1/3,30.4097718,30.4097718,True,63
31,1/3,24.8380843,19.82,True,65
31,1/3,23.2793526,16.92,True,62
31,1/3,51.5188135,51.5188135,True,63
31,1/3,24.6263028,20.26,True,63
31,1/3,28.710734,24.89,True,63
31,1/3,30.6698288,23.41,True,62
31,1/3,21.9036222,17.85,True,62
31,1/3,22.6211645,13.65,True,63
31,1/3,58.2083002,58.2083002,True,63
31,1/3,23.2355004,13.61,True,63
31,1/3,21.3593956,15.19,True,62
31,1/3,54.9645771,54.9645771,True,66
31,1/3,29.1256282,29.1256282,True,62
31,1/3,49.9579858,49.9579858,True,63
31,1/3,67.5767254,67.5767254,True,62
31,1/3,21.3082844,14.33,True,62
31,num_trains,35.702945,35.702945,True,62
31,num_trains,20.5677692,11.07,True,65
31,num_trains,71.1323465,71.1323465,True,64
31,num_trains,53.9798334,53.9798334,True,64
31,num_trains,66.0654268,66.0654268,True,68
31,num_trains,55.2101162,55.2101162,True,64
31,num_trains,66.5681907,66.5681907,True,62
31,num_trains,20.8084023,11.66,True,64
31,num_trains,122.3813087,122.3813087,True,65
31,num_trains,19.7069837,11.54,True,63
31,num_trains,53.0867027,53.0867027,True,65
31,num_trains,23.0517465,16.04,True,65
31,num_trains,132.7910628,132.7910628,True,67
31,num_trains,34.6317181,34.6317181,True,64
31,num_trains,16.9318063,6.6,True,63
31,num_trains,67.3904161,67.3904161,True,62
31,num_trains,40.2469043,36.08,True,68
31,num_trains,59.3180599,59.3180599,True,67
31,num_trains,31.3101286,27.01,True,64
31,num_trains,38.0506517,38.0506517,True,63
31,num_trains,24.0473753,14.91,True,64
31,num_trains,24.6011888,8.72,True,64
31,num_trains,24.7589257,16.53,True,63
31,num_trains,47.0584528,47.0584528,True,64
31,num_trains,88.4344289,88.4344289,True,64
31,num_trains,19.2505488,12.35,True,64
31,num_trains,102.7331755,102.7331755,True,64
31,num_trains,49.2855011,49.2855011,True,64
31,num_trains,28.7937578,21.01,True,64
31,num_trains,19.6265038,19.04,True,62
32,1,39.035556,23.67,True,66
32,1,28.1911302,20.55,True,65
32,1,37.444526,37.444526,True,65
32,1,37.5556453,35.02,True,65
32,1,31.4813308,23.1,True,65
32,1,40.2285203,40.2285203,True,65
32,1,26.2853097,14.71,True,65
32,1,24.5508428,11.67,True,65
32,1,30.259647,22.73,True,65
32,1,35.594262,35.594262,True,64
32,1,52.3775837,52.3775837,True,65
32,1,40.0598041,40.0598041,True,66
32,1,28.4324507,18.03,True,65
32,1,26.2396207,17.91,True,64
32,1,44.8565642,44.8565642,True,65
32,1,34.3969297,16.01,True,66
32,1,32.9693203,15.76,True,65
32,1,35.1501546,34.53,True,65
32,1,65.7129317,65.7129317,True,66
32,1,66.4064163,66.4064163,True,65
32,1,31.5801184,18.2,True,65
32,1,56.7506593,56.7506593,True,66
32,1,85.6153373,85.6153373,True,65
32,1,30.6229638,12.67,True,66
32,1,28.9259432,16.13,True,64
32,1,35.5076731,19.45,True,66
32,1,79.4877551,79.4877551,True,67
32,1,31.8950616,12.23,True,66
32,1,29.0490808,13.91,True,64
32,1,33.7410383,27.75,True,66
32,5,34.9141241,34.9141241,True,67
32,5,30.5603005,25.06,True,65
32,5,42.8679975,42.8679975,True,65
32,5,41.376737,28.25,True,65
32,5,55.9675476,55.9675476,True,67
32,5,25.1556764,19.4,True,65
32,5,28.0102568,21.9,True,66
32,5,56.6465508,56.6465508,True,66
32,5,30.3548682,24.35,True,65
32,5,35.4407713,31.79,True,66
32,5,56.4186712,56.4186712,True,65
32,5,71.90877330000001,71.90877330000001,True,67
32,5,59.9189767,59.9189767,True,69
32,5,25.8474068,15.18,True,65
32,5,25.7596962,25.01,True,65
32,5,30.8983614,29.1,True,64
32,5,26.4868263,20.88,True,66
32,5,43.9439046,31.83,True,67
32,5,30.3350085,21.85,True,66
32,5,33.8210907,26.29,True,64
32,5,46.2103067,46.2103067,True,66
32,5,32.9229306,29.48,True,64
32,5,47.4932077,47.4932077,True,64
32,5,74.6708811,74.6708811,True,66
32,5,30.1810088,19.23,True,66
32,5,39.9071143,39.9071143,True,65
32,5,26.8639393,19.56,True,65
32,5,38.3218717,36.61,True,68
32,5,34.9341483,34.9341483,True,65
32,5,28.4048615,23.7,True,64
32,1/3,88.592368,88.592368,True,69
32,1/3,31.42301,28.56,True,67
32,1/3,59.4361243,59.4361243,True,65
32,1/3,30.4960831,30.4960831,True,64
32,1/3,87.7314332,87.7314332,True,70
32,1/3,46.1521724,46.1521724,True,64
32,1/3,39.238374,36.61,True,67
32,1/3,102.83461679999999,102.83461679999999,True,66
32,1/3,30.5939863,25.89,True,64
32,1/3,76.8635566,76.8635566,True,65
32,1/3,29.2939252,19.34,True,64
32,1/3,80.0180805,80.0180805,True,69
32,1/3,57.9609121,57.9609121,True,64
32,1/3,40.293749,36.9,True,65
32,1/3,56.3428742,56.3428742,True,66
32,1/3,34.5371851,27.51,True,64
32,1/3,88.0525368,88.0525368,True,65
32,1/3,104.30800099999999,104.30800099999999,True,66
32,1/3,90.5603595,90.5603595,True,67
32,1/3,34.3978279,34.3978279,True,65
32,1/3,28.2530835,15.08,True,68
32,1/3,36.8947925,35.34,True,69
32,1/3,30.913205,25.72,True,65
32,1/3,63.0393457,63.0393457,True,66
32,1/3,49.7905807,49.7905807,True,66
32,1/3,82.2031654,82.2031654,True,69
32,1/3,36.1660918,36.1660918,True,66
32,1/3,42.6920142,42.6920142,True,65
32,1/3,113.9807581,113.9807581,True,65
32,1/3,32.8798703,26.07,True,68
32,num_trains,69.7162509,69.7162509,True,66
32,num_trains,102.4103183,102.4103183,True,66
32,num_trains,57.2139313,57.2139313,True,65
32,num_trains,37.2463842,37.2463842,True,66
32,num_trains,25.8746039,20.95,True,67
32,num_trains,58.2056181,58.2056181,True,66
32,num_trains,69.8050277,69.8050277,True,68
32,num_trains,55.7336332,55.7336332,True,65
32,num_trains,53.4412708,53.4412708,True,68
32,num_trains,31.5001586,25.9,True,66
32,num_trains,61.0246293,61.0246293,True,67
32,num_trains,33.1723823,23.01,True,68
32,num_trains,89.1663794,89.1663794,True,69
32,num_trains,60.0115123,60.0115123,True,66
32,num_trains,21.2907669,17.64,True,65
32,num_trains,27.44037,27.44037,True,65
32,num_trains,75.7976845,75.7976845,True,69
32,num_trains,80.1466698,80.1466698,True,66
32,num_trains,35.3993509,30.54,True,67
32,num_trains,36.3256425,36.3256425,True,64
32,num_trains,86.5903241,86.5903241,True,67
32,num_trains,68.532472,68.532472,True,70
32,num_trains,30.3994984,30.3994984,True,66
32,num_trains,55.9444555,55.9444555,True,64
32,num_trains,17.5299101,14.26,True,66
32,num_trains,119.8820228,119.8820228,True,72
32,num_trains,37.2583524,28.29,True,68
32,num_trains,58.2154958,58.2154958,True,65
32,num_trains,50.1293957,50.1293957,True,68
32,num_trains,27.0072484,23.4,True,68
33,1,37.1534896,37.1534896,True,68
33,1,34.1663766,30.19,True,68
33,1,58.107457,58.107457,True,66
33,1,31.2872593,23.53,True,66
33,1,30.2974302,21.63,True,67
33,1,28.5647993,18.17,True,66
33,1,62.2399146,62.2399146,True,66
33,1,36.1002898,30.54,True,67
33,1,59.9373044,59.9373044,True,66
33,1,32.6372208,25.13,True,67
33,1,31.8734172,19.73,True,69
33,1,34.2943835,30.49,True,67
33,1,37.501419,24.27,True,68
33,1,52.280563,52.280563,True,68
33,1,35.7804803,31.61,True,68
33,1,30.5872931,17.41,True,66
33,1,30.9308315,22.24,True,66
33,1,28.4440248,12.89,True,67
33,1,31.1112688,21.02,True,67
33,1,31.653335,16.92,True,66
33,1,29.6603452,17.2,True,68
33,1,30.3673945,11.83,True,67
33,1,57.3101253,57.3101253,True,68
33,1,24.587507,11.19,True,66
33,1,59.1648611,59.1648611,True,68
33,1,34.6989514,29.93,True,66
33,1,31.5716082,23.39,True,68
33,1,45.6016253,45.6016253,True,67
33,1,28.1005614,10.58,True,66
33,1,60.8321971,60.8321971,True,69
33,5,43.5856238,43.5856238,True,66
33,5,30.6579771,28.8,True,69
33,5,26.72387,17.37,True,67
33,5,36.6274786,36.6274786,True,66
33,5,30.2094144,20.57,True,68
33,5,27.7334187,26.66,True,66
33,5,85.8881162,85.8881162,True,70
33,5,61.8335686,61.8335686,True,67
33,5,32.7240851,29.02,True,69
33,5,37.7429315,25.78,True,67
33,5,33.8583503,30.86,True,66
33,5,37.6895283,37.6895283,True,66
33,5,57.7960011,57.7960011,True,68
33,5,72.8753984,72.8753984,True,66
33,5,29.1101794,25.01,True,68
33,5,37.1134228,23.1,True,70
33,5,66.1491041,66.1491041,True,71
33,5,31.0763635,26.02,True,68
33,5,37.2904765,30.05,True,67
33,5,51.7026117,51.7026117,True,69
33,5,33.2743895,26.25,True,68
33,5,30.0596195,22.82,True,68
33,5,24.5184701,11.98,True,66
33,5,32.3558257,24.91,True,66
33,5,64.6457948,64.6457948,True,67
33,5,33.6565676,23.61,True,67
33,5,30.7857867,28.11,True,68
33,5,58.9802229,58.9802229,True,67
33,5,47.2716893,47.2716893,True,68
33,5,30.0458187,22.48,True,69
33,1/3,93.9796688,93.9796688,True,66
33,1/3,104.9875933,104.9875933,True,66
33,1/3,34.7360648,34.61,True,70
33,1/3,80.3143328,80.3143328,True,67
33,1/3,37.4186905,37.4186905,True,67
33,1/3,74.0660886,74.0660886,True,66
33,1/3,67.0499403,67.0499403,True,66
33,1/3,46.1620028,43.76,True,73
33,1/3,74.2566465,74.2566465,True,66
33,1/3,73.9913375,73.9913375,True,66
33,1/3,36.2073294,36.2073294,True,67
33,1/3,79.9080669,79.9080669,True,70
33,1/3,95.821822,95.821822,True,69
33,1/3,49.3484974,49.3484974,True,68
33,1/3,89.2289569,89.2289569,True,68
33,1/3,76.0118152,76.0118152,True,67
33,1/3,28.5937485,17.46,True,67
33,1/3,48.4211986,48.4211986,True,67
33,1/3,33.1171103,23.89,True,71
33,1/3,67.8877304,67.8877304,True,66
33,1/3,46.0707937,46.0707937,True,68
33,1/3,78.9544437,78.9544437,True,67
33,1/3,23.8717017,16.97,True,66
33,1/3,37.4615234,34.67,True,67
33,1/3,60.2885822,60.2885822,True,70
33,1/3,93.7491661,93.7491661,True,70
33,1/3,26.0515485,24.48,True,66
33,1/3,28.8353352,20.47,True,69
33,1/3,55.6752252,55.6752252,True,68
33,1/3,42.5418011,42.5418011,True,68
33,num_trains,57.9008712,57.9008712,True,67
33,num_trains,119.45748789999999,119.45748789999999,True,70
33,num_trains,123.2011885,123.2011885,True,70
33,num_trains,90.1872254,90.1872254,True,67
33,num_trains,119.6277918,119.6277918,True,69
33,num_trains,59.6055549,59.6055549,True,71
33,num_trains,69.4427167,69.4427167,True,66
33,num_trains,58.7915921,58.7915921,True,70
33,num_trains,33.9365782,28.97,True,69
33,num_trains,59.0881227,59.0881227,True,73
33,num_trains,57.3897762,57.3897762,True,72
33,num_trains,50.5684411,50.5684411,True,69
33,num_trains,30.8213857,19.71,True,70
33,num_trains,81.2828373,81.2828373,True,68
33,num_trains,92.614997,92.614997,True,67
33,num_trains,72.6798147,72.6798147,True,69
33,num_trains,76.9358998,76.9358998,True,70
33,num_trains,72.4383931,72.4383931,True,71
33,num_trains,38.0178608,38.0178608,True,69
33,num_trains,38.0045127,38.0045127,True,70
33,num_trains,79.8346983,79.8346983,True,67
33,num_trains,93.1736073,93.1736073,True,71
33,num_trains,31.1304002,28.72,True,68
33,num_trains,45.2442433,45.2442433,True,71
33,num_trains,1842.4137234,1842.4137234,False,66
33,num_trains,81.5062141,81.5062141,True,68
33,num_trains,92.7199658,92.7199658,True,69
33,num_trains,42.2342245,42.2342245,True,68
33,num_trains,58.823928,58.823928,True,66
33,num_trains,66.0781642,66.0781642,True,67
