filename,found,total_computation_time
scenario_solver_27_trains_9_units23,True,00:00:12.0382987
scenario_solver_27_trains_9_units24,True,00:00:12.7871244
scenario_solver_27_trains_9_units25,True,00:00:10.4942936
scenario_solver_27_trains_9_units26,True,00:00:10.3330804
scenario_solver_27_trains_9_units27,True,00:00:13.6384224
scenario_solver_29_trains_5_units5,True,00:00:32.1296950
scenario_solver_29_trains_5_units6,True,00:00:14.3894003
scenario_solver_29_trains_5_units7,True,00:00:11.8264204
scenario_solver_29_trains_5_units8,True,00:00:11.3690825
scenario_solver_29_trains_5_units9,True,00:00:12.3503981
scenario_solver_20_trains_5_units1,True,00:00:09.5617729
scenario_solver_20_trains_5_units10,True,00:00:07.3080706
scenario_solver_20_trains_5_units11,True,00:00:08.0183942
scenario_solver_20_trains_5_units12,True,00:00:07.8386025
scenario_solver_20_trains_5_units13,True,00:00:07.1192280
scenario_solver_32_trains_1_units1,True,00:00:30.7677207
scenario_solver_32_trains_1_units10,True,00:00:42.1345122
scenario_solver_32_trains_1_units11,True,00:00:26.3601888
scenario_solver_32_trains_1_units12,True,00:00:52.3371707
scenario_solver_32_trains_1_units13,True,00:00:36.2131686
scenario_solver_33_trains_33_units23,True,00:01:12.3700778
scenario_solver_33_trains_33_units24,True,00:00:25.4218864
scenario_solver_33_trains_33_units25,True,00:00:40.5531709
scenario_solver_33_trains_33_units26,True,00:00:30.6539715
scenario_solver_33_trains_33_units27,True,00:00:41.8921495
scenario_solver_32_trains_11_units28,True,00:00:14.8279444
scenario_solver_32_trains_11_units29,True,00:00:50.7265296
scenario_solver_32_trains_11_units3,True,00:00:31.8119893
scenario_solver_32_trains_11_units30,True,00:00:35.9318068
scenario_solver_32_trains_11_units4,True,00:00:21.1179000
scenario_solver_28_trains_5_units5,True,00:00:10.5077093
scenario_solver_28_trains_5_units6,True,00:00:13.5024635
scenario_solver_28_trains_5_units7,True,00:00:13.3158318
scenario_solver_28_trains_5_units8,True,00:00:11.8758280
scenario_solver_28_trains_5_units9,True,00:00:11.2391140
scenario_solver_32_trains_11_units19,True,00:00:57.6092607
scenario_solver_32_trains_11_units2,True,00:01:24.1446835
scenario_solver_32_trains_11_units20,True,00:00:22.5246605
scenario_solver_32_trains_11_units21,True,00:00:21.2404954
scenario_solver_32_trains_11_units22,True,00:00:29.6564097
scenario_solver_28_trains_28_units1,True,00:00:07.3241989
scenario_solver_28_trains_28_units10,True,00:00:07.9943272
scenario_solver_28_trains_28_units11,True,00:00:08.6727449
scenario_solver_28_trains_28_units12,True,00:00:07.3801275
scenario_solver_28_trains_28_units13,True,00:00:09.6454169
scenario_solver_33_trains_11_units14,True,00:00:59.3691569
scenario_solver_33_trains_11_units15,True,00:01:10.1013231
scenario_solver_33_trains_11_units16,True,00:00:20.6267960
scenario_solver_33_trains_11_units17,True,00:00:43.2541049
scenario_solver_33_trains_11_units18,True,00:00:37.5190600
scenario_solver_27_trains_9_units14,True,00:00:13.0008577
scenario_solver_27_trains_9_units15,True,00:00:11.4643399
scenario_solver_27_trains_9_units16,True,00:00:10.1255009
scenario_solver_27_trains_9_units17,True,00:00:10.0481026
scenario_solver_27_trains_9_units18,True,00:00:11.5278220
scenario_solver_32_trains_1_units14,True,00:00:25.9170343
scenario_solver_32_trains_1_units15,True,00:00:45.3635218
scenario_solver_32_trains_1_units16,True,00:01:13.8792736
scenario_solver_32_trains_1_units17,True,00:00:31.5708505
scenario_solver_32_trains_1_units18,True,00:00:57.3103591
scenario_solver_25_trains_5_units19,True,00:00:10.8317396
scenario_solver_25_trains_5_units2,True,00:00:10.8434175
scenario_solver_25_trains_5_units20,True,00:00:09.7559758
scenario_solver_25_trains_5_units21,True,00:00:10.4458189
scenario_solver_25_trains_5_units22,True,00:00:10.5396738
scenario_solver_28_trains_10_units1,True,00:00:12.7065806
scenario_solver_28_trains_10_units10,True,00:00:13.2744269
scenario_solver_28_trains_10_units11,True,00:00:11.0066144
scenario_solver_28_trains_10_units12,True,00:00:12.6765742
scenario_solver_28_trains_10_units13,True,00:00:12.2347125
scenario_solver_31_trains_1_units19,True,00:00:14.1545013
scenario_solver_31_trains_1_units2,True,00:00:12.8795514
scenario_solver_31_trains_1_units20,True,00:00:12.8778616
scenario_solver_31_trains_1_units21,True,00:00:17.6184352
scenario_solver_31_trains_1_units22,True,00:00:22.1301045
scenario_solver_25_trains_1_units19,True,00:00:10.5006435
scenario_solver_25_trains_1_units2,True,00:00:11.3889768
scenario_solver_25_trains_1_units20,True,00:00:11.4839308
scenario_solver_25_trains_1_units21,True,00:00:11.4096176
scenario_solver_25_trains_1_units22,True,00:00:11.6917284
scenario_solver_10_trains_1_units14,True,00:00:03.2721137
scenario_solver_10_trains_1_units15,True,00:00:02.5025958
scenario_solver_10_trains_1_units16,True,00:00:03.1843466
scenario_solver_10_trains_1_units17,True,00:00:02.4594229
scenario_solver_10_trains_1_units18,True,00:00:03.1623811
scenario_solver_30_trains_1_units23,True,00:00:12.1908593
scenario_solver_30_trains_1_units24,True,00:00:15.1921110
scenario_solver_30_trains_1_units25,True,00:00:15.5326610
scenario_solver_30_trains_1_units26,True,00:00:13.3625915
scenario_solver_30_trains_1_units27,True,00:00:11.8281121
scenario_solver_27_trains_9_units5,True,00:00:14.2873073
scenario_solver_27_trains_9_units6,True,00:00:12.5577888
scenario_solver_27_trains_9_units7,True,00:00:16.7514777
scenario_solver_27_trains_9_units8,True,00:00:13.6944809
scenario_solver_27_trains_9_units9,True,00:00:12.7455290
scenario_solver_29_trains_5_units23,True,00:00:14.8483044
scenario_solver_29_trains_5_units24,True,00:00:09.6072559
scenario_solver_29_trains_5_units25,True,00:00:11.7655345
scenario_solver_29_trains_5_units26,True,00:00:13.4605400
scenario_solver_29_trains_5_units27,True,00:00:13.0595891
scenario_solver_26_trains_5_units1,True,00:00:13.3408282
scenario_solver_26_trains_5_units10,True,00:00:12.0949842
scenario_solver_26_trains_5_units11,True,00:00:12.8322562
scenario_solver_26_trains_5_units12,True,00:00:10.9490595
scenario_solver_26_trains_5_units13,True,00:00:13.7712164
scenario_solver_30_trains_5_units1,True,00:00:12.8029950
scenario_solver_30_trains_5_units10,True,00:00:18.5752948
scenario_solver_30_trains_5_units11,True,00:00:42.1301631
scenario_solver_30_trains_5_units12,True,00:00:13.8992880
scenario_solver_30_trains_5_units13,True,00:00:13.1714966
scenario_solver_33_trains_11_units28,True,00:00:25.6404552
scenario_solver_33_trains_11_units29,True,00:01:00.8791958
scenario_solver_33_trains_11_units3,True,00:00:48.8351842
scenario_solver_33_trains_11_units30,True,00:00:58.6261515
scenario_solver_33_trains_11_units4,True,00:00:34.6252159
scenario_solver_20_trains_5_units23,True,00:00:08.7055229
scenario_solver_20_trains_5_units24,True,00:00:08.2956054
scenario_solver_20_trains_5_units25,True,00:00:09.0811023
scenario_solver_20_trains_5_units26,True,00:00:08.2599567
scenario_solver_20_trains_5_units27,True,00:00:07.8793844
scenario_solver_25_trains_1_units23,True,00:00:09.2019850
scenario_solver_25_trains_1_units24,True,00:00:12.1553038
scenario_solver_25_trains_1_units25,True,00:00:12.7607292
scenario_solver_25_trains_1_units26,True,00:00:12.0803257
scenario_solver_25_trains_1_units27,True,00:00:12.9607277
scenario_solver_20_trains_1_units1,True,00:00:08.4720285
scenario_solver_20_trains_1_units10,True,00:00:08.3469522
scenario_solver_20_trains_1_units11,True,00:00:08.3373143
scenario_solver_20_trains_1_units12,True,00:00:08.0482131
scenario_solver_20_trains_1_units13,True,00:00:08.3021046
scenario_solver_25_trains_9_units28,True,00:00:10.6438582
scenario_solver_25_trains_9_units29,True,00:00:12.4385519
scenario_solver_25_trains_9_units3,True,00:00:11.6120715
scenario_solver_25_trains_9_units30,True,00:00:12.7793534
scenario_solver_25_trains_9_units4,True,00:00:11.0514804
scenario_solver_27_trains_27_units23,True,00:00:16.3993857
scenario_solver_27_trains_27_units24,True,00:00:09.3650686
scenario_solver_27_trains_27_units25,True,00:00:10.5452714
scenario_solver_27_trains_27_units26,True,00:00:06.8039096
scenario_solver_27_trains_27_units27,True,00:00:08.0511408
scenario_solver_28_trains_1_units1,True,00:00:10.0485957
scenario_solver_28_trains_1_units10,True,00:00:10.5173080
scenario_solver_28_trains_1_units11,True,00:00:14.5880194
scenario_solver_28_trains_1_units12,True,00:00:14.4073502
scenario_solver_28_trains_1_units13,True,00:00:10.4051156
scenario_solver_5_trains_1_units14,True,00:00:02.3038698
scenario_solver_5_trains_1_units15,True,00:00:02.1867836
scenario_solver_5_trains_1_units16,True,00:00:02.1829903
scenario_solver_5_trains_1_units17,True,00:00:01.6797803
scenario_solver_5_trains_1_units18,True,00:00:02.1413502
scenario_solver_15_trains_5_units1,True,00:00:04.9687313
scenario_solver_15_trains_5_units10,True,00:00:05.2319014
scenario_solver_15_trains_5_units11,True,00:00:06.0065471
scenario_solver_15_trains_5_units12,True,00:00:05.4323593
scenario_solver_15_trains_5_units13,True,00:00:05.5908117
scenario_solver_20_trains_7_units23,True,00:00:07.5298177
scenario_solver_20_trains_7_units24,True,00:00:08.5156887
scenario_solver_20_trains_7_units25,True,00:00:08.5807435
scenario_solver_20_trains_7_units26,True,00:00:07.3854577
scenario_solver_20_trains_7_units27,True,00:00:07.7088750
scenario_solver_26_trains_9_units23,True,00:00:13.3659997
scenario_solver_26_trains_9_units24,True,00:00:11.8378429
scenario_solver_26_trains_9_units25,True,00:00:13.1674663
scenario_solver_26_trains_9_units26,True,00:00:13.0788936
scenario_solver_26_trains_9_units27,True,00:00:12.2236015
scenario_solver_27_trains_27_units14,True,00:00:08.7495309
scenario_solver_27_trains_27_units15,True,00:00:07.3341386
scenario_solver_27_trains_27_units16,True,00:00:08.7295683
scenario_solver_27_trains_27_units17,True,00:00:08.9654119
scenario_solver_27_trains_27_units18,True,00:00:14.7207998
scenario_solver_27_trains_5_units1,True,00:00:11.6854447
scenario_solver_27_trains_5_units10,True,00:00:10.6204366
scenario_solver_27_trains_5_units11,True,00:00:14.9795785
scenario_solver_27_trains_5_units12,True,00:00:12.2280137
scenario_solver_27_trains_5_units13,True,00:00:13.0748931
scenario_solver_28_trains_5_units23,True,00:00:13.2731716
scenario_solver_28_trains_5_units24,True,00:00:12.5826299
scenario_solver_28_trains_5_units25,True,00:00:12.1127607
scenario_solver_28_trains_5_units26,True,00:00:11.8315081
scenario_solver_28_trains_5_units27,True,00:00:13.5769716
scenario_solver_27_trains_1_units19,True,00:00:13.8195161
scenario_solver_27_trains_1_units2,True,00:00:12.7172565
scenario_solver_27_trains_1_units20,True,00:00:13.6213701
scenario_solver_27_trains_1_units21,True,00:00:13.6099016
scenario_solver_27_trains_1_units22,True,00:00:13.7095879
scenario_solver_25_trains_25_units28,True,00:00:07.9663314
scenario_solver_25_trains_25_units29,True,00:00:12.1342735
scenario_solver_25_trains_25_units3,True,00:00:07.0323224
scenario_solver_25_trains_25_units30,True,00:00:08.5255548
scenario_solver_25_trains_25_units4,True,00:00:07.7823303
scenario_solver_15_trains_1_units23,True,00:00:05.1499469
scenario_solver_15_trains_1_units24,True,00:00:05.1493371
scenario_solver_15_trains_1_units25,True,00:00:05.1565697
scenario_solver_15_trains_1_units26,True,00:00:05.1174436
scenario_solver_15_trains_1_units27,True,00:00:05.1990809
scenario_solver_5_trains_2_units14,True,00:00:02.2954792
scenario_solver_5_trains_2_units15,True,00:00:02.2253814
scenario_solver_5_trains_2_units16,True,00:00:02.3286897
scenario_solver_5_trains_2_units17,True,00:00:02.4452721
scenario_solver_5_trains_2_units18,True,00:00:02.2860005
scenario_solver_32_trains_1_units28,True,00:00:34.1748776
scenario_solver_32_trains_1_units29,True,00:00:54.8199101
scenario_solver_32_trains_1_units3,True,00:00:50.1060359
scenario_solver_32_trains_1_units30,True,00:00:27.6862011
scenario_solver_32_trains_1_units4,True,00:00:51.0786876
scenario_solver_30_trains_30_units19,True,00:00:10.4977267
scenario_solver_30_trains_30_units2,True,00:00:09.7793669
scenario_solver_30_trains_30_units20,True,00:00:24.9841921
scenario_solver_30_trains_30_units21,True,00:00:13.2258069
scenario_solver_30_trains_30_units22,True,00:00:10.6631057
scenario_solver_29_trains_29_units19,True,00:00:07.6621587
scenario_solver_29_trains_29_units2,True,00:00:11.3520445
scenario_solver_29_trains_29_units20,True,00:00:07.8783880
scenario_solver_29_trains_29_units21,True,00:00:10.4089725
scenario_solver_29_trains_29_units22,True,00:00:13.1547656
scenario_solver_20_trains_20_units23,True,00:00:03.9242591
scenario_solver_20_trains_20_units24,True,00:00:04.6837884
scenario_solver_20_trains_20_units25,True,00:00:05.1803744
scenario_solver_20_trains_20_units26,True,00:00:04.6621131
scenario_solver_20_trains_20_units27,True,00:00:04.0773737
scenario_solver_5_trains_1_units19,True,00:00:01.6706340
scenario_solver_5_trains_1_units2,True,00:00:02.1709743
scenario_solver_5_trains_1_units20,True,00:00:02.1080586
scenario_solver_5_trains_1_units21,True,00:00:02.1208453
scenario_solver_5_trains_1_units22,True,00:00:01.6793712
scenario_solver_33_trains_33_units19,True,00:00:28.3837885
scenario_solver_33_trains_33_units2,True,00:00:41.6453692
scenario_solver_33_trains_33_units20,True,00:00:13.3509042
scenario_solver_33_trains_33_units21,True,00:00:41.8868222
scenario_solver_33_trains_33_units22,True,00:00:30.5055873
scenario_solver_33_trains_11_units19,True,00:00:56.8009694
scenario_solver_33_trains_11_units2,True,00:00:30.9139458
scenario_solver_33_trains_11_units20,True,00:00:59.7506095
scenario_solver_33_trains_11_units21,True,00:00:16.5143944
scenario_solver_33_trains_11_units22,True,00:00:49.7631490
scenario_solver_25_trains_5_units28,True,00:00:11.7826675
scenario_solver_25_trains_5_units29,True,00:00:14.2700603
scenario_solver_25_trains_5_units3,True,00:00:11.6701065
scenario_solver_25_trains_5_units30,True,00:00:13.4864331
scenario_solver_25_trains_5_units4,True,00:00:11.5469522
scenario_solver_29_trains_10_units28,True,00:00:14.5921151
scenario_solver_29_trains_10_units29,True,00:00:15.8945906
scenario_solver_29_trains_10_units3,True,00:00:14.6750288
scenario_solver_29_trains_10_units30,True,00:00:11.8625514
scenario_solver_29_trains_10_units4,True,00:00:19.6243889
scenario_solver_27_trains_9_units28,True,00:00:10.7788604
scenario_solver_27_trains_9_units29,True,00:00:13.0758945
scenario_solver_27_trains_9_units3,True,00:00:13.7247223
scenario_solver_27_trains_9_units30,True,00:00:10.7993590
scenario_solver_27_trains_9_units4,True,00:00:13.3010766
scenario_solver_10_trains_4_units19,True,00:00:02.9348344
scenario_solver_10_trains_4_units2,True,00:00:02.9502248
scenario_solver_10_trains_4_units20,True,00:00:02.8402267
scenario_solver_10_trains_4_units21,True,00:00:03.3430620
scenario_solver_10_trains_4_units22,True,00:00:03.4034079
scenario_solver_10_trains_5_units14,True,00:00:03.7585097
scenario_solver_10_trains_5_units15,True,00:00:05.6167495
scenario_solver_10_trains_5_units16,True,00:00:05.6806620
scenario_solver_10_trains_5_units17,True,00:00:06.0303584
scenario_solver_10_trains_5_units18,True,00:00:06.3637858
scenario_solver_5_trains_5_units19,True,00:00:00.6014556
scenario_solver_5_trains_5_units2,True,00:00:00.5531671
scenario_solver_5_trains_5_units20,True,00:00:00.5823875
scenario_solver_5_trains_5_units21,True,00:00:00.5385237
scenario_solver_5_trains_5_units22,True,00:00:00.5142845
scenario_solver_26_trains_1_units5,True,00:00:10.4028250
scenario_solver_26_trains_1_units6,True,00:00:14.0092746
scenario_solver_26_trains_1_units7,True,00:00:11.5657090
scenario_solver_26_trains_1_units8,True,00:00:11.5948868
scenario_solver_26_trains_1_units9,True,00:00:11.0677325
scenario_solver_20_trains_1_units14,True,00:00:08.1116246
scenario_solver_20_trains_1_units15,True,00:00:08.3463508
scenario_solver_20_trains_1_units16,True,00:00:08.1036111
scenario_solver_20_trains_1_units17,True,00:00:08.0379783
scenario_solver_20_trains_1_units18,True,00:00:08.1234113
scenario_solver_28_trains_10_units28,True,00:00:14.5788982
scenario_solver_28_trains_10_units29,True,00:00:11.6662378
scenario_solver_28_trains_10_units3,True,00:00:13.1149706
scenario_solver_28_trains_10_units30,True,00:00:22.4214142
scenario_solver_28_trains_10_units4,True,00:00:14.8004127
scenario_solver_29_trains_10_units19,True,00:00:15.5345405
scenario_solver_29_trains_10_units2,True,00:00:22.2435920
scenario_solver_29_trains_10_units20,True,00:00:10.9416211
scenario_solver_29_trains_10_units21,True,00:00:10.0648937
scenario_solver_29_trains_10_units22,True,00:00:14.3212798
scenario_solver_33_trains_33_units28,True,00:00:48.6226812
scenario_solver_33_trains_33_units29,True,00:00:40.8985099
scenario_solver_33_trains_33_units3,True,00:01:07.4668729
scenario_solver_33_trains_33_units30,True,00:00:20.1044494
scenario_solver_33_trains_33_units4,True,00:00:43.5902835
scenario_solver_5_trains_1_units23,True,00:00:02.3008297
scenario_solver_5_trains_1_units24,True,00:00:01.7604128
scenario_solver_5_trains_1_units25,True,00:00:02.2727036
scenario_solver_5_trains_1_units26,True,00:00:02.3047823
scenario_solver_5_trains_1_units27,True,00:00:02.2434379
scenario_solver_20_trains_20_units14,True,00:00:04.5396769
scenario_solver_20_trains_20_units15,True,00:00:04.3322384
scenario_solver_20_trains_20_units16,True,00:00:04.8327718
scenario_solver_20_trains_20_units17,True,00:00:04.0101333
scenario_solver_20_trains_20_units18,True,00:00:04.7058930
scenario_solver_10_trains_10_units1,True,00:00:01.1891566
scenario_solver_10_trains_10_units10,True,00:00:01.1252665
scenario_solver_10_trains_10_units11,True,00:00:01.0742570
scenario_solver_10_trains_10_units12,True,00:00:00.9265518
scenario_solver_10_trains_10_units13,True,00:00:00.8044787
scenario_solver_30_trains_1_units1,True,00:00:11.7914577
scenario_solver_30_trains_1_units10,True,00:00:15.4127079
scenario_solver_30_trains_1_units11,True,00:00:12.6223810
scenario_solver_30_trains_1_units12,True,00:00:12.0692265
scenario_solver_30_trains_1_units13,True,00:00:12.2003134
scenario_solver_26_trains_5_units14,True,00:00:09.3921815
scenario_solver_26_trains_5_units15,True,00:00:10.8008940
scenario_solver_26_trains_5_units16,True,00:00:13.6372861
scenario_solver_26_trains_5_units17,True,00:00:15.2086007
scenario_solver_26_trains_5_units18,True,00:00:12.9452274
scenario_solver_5_trains_2_units1,True,00:00:02.3023537
scenario_solver_5_trains_2_units10,True,00:00:02.3451124
scenario_solver_5_trains_2_units11,True,00:00:02.3862007
scenario_solver_5_trains_2_units12,True,00:00:01.8082615
scenario_solver_5_trains_2_units13,True,00:00:01.8259716
scenario_solver_15_trains_15_units23,True,00:00:02.5177997
scenario_solver_15_trains_15_units24,True,00:00:02.4284647
scenario_solver_15_trains_15_units25,True,00:00:02.2542637
scenario_solver_15_trains_15_units26,True,00:00:02.4442686
scenario_solver_15_trains_15_units27,True,00:00:02.3715416
scenario_solver_5_trains_1_units28,True,00:00:02.2923331
scenario_solver_5_trains_1_units29,True,00:00:02.2985511
scenario_solver_5_trains_1_units3,True,00:00:02.2963820
scenario_solver_5_trains_1_units30,True,00:00:02.1542280
scenario_solver_5_trains_1_units4,True,00:00:02.1918826
scenario_solver_31_trains_5_units28,True,00:00:12.1670288
scenario_solver_31_trains_5_units29,True,00:00:20.7312767
scenario_solver_31_trains_5_units3,True,00:00:32.7592568
scenario_solver_31_trains_5_units30,True,00:00:15.1580370
scenario_solver_31_trains_5_units4,True,00:00:14.6542309
scenario_solver_15_trains_1_units14,True,00:00:04.9099923
scenario_solver_15_trains_1_units15,True,00:00:04.9302522
scenario_solver_15_trains_1_units16,True,00:00:04.9932816
scenario_solver_15_trains_1_units17,True,00:00:05.0236414
scenario_solver_15_trains_1_units18,True,00:00:04.9162596
scenario_solver_10_trains_1_units1,True,00:00:03.2297030
scenario_solver_10_trains_1_units10,True,00:00:03.1904475
scenario_solver_10_trains_1_units11,True,00:00:02.5545204
scenario_solver_10_trains_1_units12,True,00:00:02.4445099
scenario_solver_10_trains_1_units13,True,00:00:03.1694957
scenario_solver_30_trains_5_units23,True,00:00:11.8146341
scenario_solver_30_trains_5_units24,True,00:00:14.8068024
scenario_solver_30_trains_5_units25,True,00:00:11.0587157
scenario_solver_30_trains_5_units26,True,00:00:12.0420345
scenario_solver_30_trains_5_units27,True,00:00:16.9172711
scenario_solver_31_trains_5_units1,True,00:00:22.4077032
scenario_solver_31_trains_5_units10,True,00:00:18.1029400
scenario_solver_31_trains_5_units11,True,00:00:13.4088880
scenario_solver_31_trains_5_units12,True,00:00:13.8073092
scenario_solver_31_trains_5_units13,True,00:00:48.7227015
scenario_solver_26_trains_26_units23,True,00:00:07.1029195
scenario_solver_26_trains_26_units24,True,00:00:08.9618276
scenario_solver_26_trains_26_units25,True,00:00:08.9202970
scenario_solver_26_trains_26_units26,True,00:00:07.2901509
scenario_solver_26_trains_26_units27,True,00:00:08.1596043
scenario_solver_20_trains_7_units19,True,00:00:06.7909913
scenario_solver_20_trains_7_units2,True,00:00:07.8639959
scenario_solver_20_trains_7_units20,True,00:00:08.1155176
scenario_solver_20_trains_7_units21,True,00:00:07.4658008
scenario_solver_20_trains_7_units22,True,00:00:07.8134420
scenario_solver_27_trains_27_units5,True,00:00:08.1860029
scenario_solver_27_trains_27_units6,True,00:00:09.9146049
scenario_solver_27_trains_27_units7,True,00:00:06.8002323
scenario_solver_27_trains_27_units8,True,00:00:08.2820001
scenario_solver_27_trains_27_units9,True,00:00:08.0588874
scenario_solver_28_trains_1_units28,True,00:00:10.2954450
scenario_solver_28_trains_1_units29,True,00:00:10.1806720
scenario_solver_28_trains_1_units3,True,00:00:13.5891000
scenario_solver_28_trains_1_units30,True,00:00:10.3872466
scenario_solver_28_trains_1_units4,True,00:00:10.3378624
scenario_solver_30_trains_10_units28,True,00:00:13.0649514
scenario_solver_30_trains_10_units29,True,00:00:27.6836369
scenario_solver_30_trains_10_units3,True,00:00:13.6799859
scenario_solver_30_trains_10_units30,True,00:00:11.8553835
scenario_solver_30_trains_10_units4,True,00:00:16.3580021
scenario_solver_31_trains_1_units23,True,00:00:14.6028905
scenario_solver_31_trains_1_units24,True,00:00:12.3682634
scenario_solver_31_trains_1_units25,True,00:00:15.1668573
scenario_solver_31_trains_1_units26,True,00:00:14.5675810
scenario_solver_31_trains_1_units27,True,00:00:14.4557040
scenario_solver_27_trains_9_units1,True,00:00:12.5929589
scenario_solver_27_trains_9_units10,True,00:00:13.3234087
scenario_solver_27_trains_9_units11,True,00:00:12.4736130
scenario_solver_27_trains_9_units12,True,00:00:10.5095891
scenario_solver_27_trains_9_units13,True,00:00:14.1677719
scenario_solver_27_trains_1_units28,True,00:00:13.6721108
scenario_solver_27_trains_1_units29,True,00:00:13.1210828
scenario_solver_27_trains_1_units3,True,00:00:14.5410909
scenario_solver_27_trains_1_units30,True,00:00:13.8510962
scenario_solver_27_trains_1_units4,True,00:00:13.8227582
scenario_solver_33_trains_11_units23,True,00:00:41.7022796
scenario_solver_33_trains_11_units24,True,00:01:23.7789717
scenario_solver_33_trains_11_units25,True,00:00:49.3373414
scenario_solver_33_trains_11_units26,True,00:01:20.8631298
scenario_solver_33_trains_11_units27,True,00:00:51.9358681
scenario_solver_29_trains_29_units28,True,00:00:08.4025538
scenario_solver_29_trains_29_units29,True,00:00:10.3126817
scenario_solver_29_trains_29_units3,True,00:00:07.2914597
scenario_solver_29_trains_29_units30,True,00:00:09.6931732
scenario_solver_29_trains_29_units4,True,00:00:28.9372803
scenario_solver_33_trains_5_units5,True,00:00:30.7749876
scenario_solver_33_trains_5_units6,True,00:00:16.6872542
scenario_solver_33_trains_5_units7,True,00:00:35.5886480
scenario_solver_33_trains_5_units8,True,00:00:43.3600895
scenario_solver_33_trains_5_units9,True,00:00:37.0970670
scenario_solver_33_trains_33_units1,True,00:01:18.8621535
scenario_solver_33_trains_33_units10,True,00:00:23.2852225
scenario_solver_33_trains_33_units11,True,00:00:54.0861222
scenario_solver_33_trains_33_units12,True,00:00:21.9639398
scenario_solver_33_trains_33_units13,True,00:00:57.2156866
scenario_solver_33_trains_1_units23,True,00:00:38.6144561
scenario_solver_33_trains_1_units24,True,00:00:34.4663401
scenario_solver_33_trains_1_units25,True,00:00:36.0213625
scenario_solver_33_trains_1_units26,True,00:00:39.0033953
scenario_solver_33_trains_1_units27,True,00:00:53.7177833
scenario_solver_20_trains_1_units19,True,00:00:08.9792263
scenario_solver_20_trains_1_units2,True,00:00:09.0055030
scenario_solver_20_trains_1_units20,True,00:00:08.8366050
scenario_solver_20_trains_1_units21,True,00:00:08.6746256
scenario_solver_20_trains_1_units22,True,00:00:08.5766174
scenario_solver_10_trains_10_units19,True,00:00:01.0148992
scenario_solver_10_trains_10_units2,True,00:00:01.0593395
scenario_solver_10_trains_10_units20,True,00:00:01.1936901
scenario_solver_10_trains_10_units21,True,00:00:01.1615937
scenario_solver_10_trains_10_units22,True,00:00:01.1207070
scenario_solver_10_trains_4_units14,True,00:00:02.8974406
scenario_solver_10_trains_4_units15,True,00:00:03.2741333
scenario_solver_10_trains_4_units16,True,00:00:03.5136642
scenario_solver_10_trains_4_units17,True,00:00:03.4407943
scenario_solver_10_trains_4_units18,True,00:00:03.0726988
scenario_solver_10_trains_4_units5,True,00:00:03.2097529
scenario_solver_10_trains_4_units6,True,00:00:03.5639587
scenario_solver_10_trains_4_units7,True,00:00:03.5407316
scenario_solver_10_trains_4_units8,True,00:00:03.6946871
scenario_solver_10_trains_4_units9,True,00:00:03.2559072
scenario_solver_27_trains_5_units19,True,00:00:12.5752424
scenario_solver_27_trains_5_units2,True,00:00:15.2838576
scenario_solver_27_trains_5_units20,True,00:00:13.0483404
scenario_solver_27_trains_5_units21,True,00:00:10.9829417
scenario_solver_27_trains_5_units22,True,00:00:12.0669451
scenario_solver_20_trains_20_units19,True,00:00:05.1240170
scenario_solver_20_trains_20_units2,True,00:00:05.1273844
scenario_solver_20_trains_20_units20,True,00:00:03.9847768
scenario_solver_20_trains_20_units21,True,00:00:05.0090066
scenario_solver_20_trains_20_units22,True,00:00:04.6487540
scenario_solver_15_trains_5_units23,True,00:00:05.1274542
scenario_solver_15_trains_5_units24,True,00:00:05.3779627
scenario_solver_15_trains_5_units25,True,00:00:05.1156376
scenario_solver_15_trains_5_units26,True,00:00:05.3577648
scenario_solver_15_trains_5_units27,True,00:00:04.4333271
scenario_solver_25_trains_1_units1,True,00:00:11.6074444
scenario_solver_25_trains_1_units10,True,00:00:11.5457543
scenario_solver_25_trains_1_units11,True,00:00:11.5107216
scenario_solver_25_trains_1_units12,True,00:00:12.2273273
scenario_solver_25_trains_1_units13,True,00:00:11.4746910
scenario_solver_29_trains_29_units1,True,00:00:10.3314855
scenario_solver_29_trains_29_units10,True,00:00:17.0605089
scenario_solver_29_trains_29_units11,True,00:00:10.6157031
scenario_solver_29_trains_29_units12,True,00:00:07.7440544
scenario_solver_29_trains_29_units13,True,00:00:06.6544293
scenario_solver_33_trains_1_units28,True,00:00:50.1165683
scenario_solver_33_trains_1_units29,True,00:00:58.1380740
scenario_solver_33_trains_1_units3,True,00:01:00.7197245
scenario_solver_33_trains_1_units30,True,00:00:43.9418473
scenario_solver_33_trains_1_units4,True,00:00:42.5790692
scenario_solver_30_trains_10_units5,True,00:00:34.6097611
scenario_solver_30_trains_10_units6,True,00:00:13.5195679
scenario_solver_30_trains_10_units7,True,00:00:12.1648389
scenario_solver_30_trains_10_units8,True,00:00:12.3720746
scenario_solver_30_trains_10_units9,True,00:00:14.3645863
scenario_solver_32_trains_32_units28,True,00:00:55.5545891
scenario_solver_32_trains_32_units29,True,00:00:42.9369420
scenario_solver_32_trains_32_units3,True,00:01:14.8964309
scenario_solver_32_trains_32_units30,True,00:00:20.6762208
scenario_solver_32_trains_32_units4,True,00:00:13.4518943
scenario_solver_15_trains_1_units5,True,00:00:04.9361589
scenario_solver_15_trains_1_units6,True,00:00:04.9547596
scenario_solver_15_trains_1_units7,True,00:00:04.8759318
scenario_solver_15_trains_1_units8,True,00:00:04.9982333
scenario_solver_15_trains_1_units9,True,00:00:04.9516546
scenario_solver_30_trains_5_units28,True,00:00:14.1611308
scenario_solver_30_trains_5_units29,True,00:00:13.9715906
scenario_solver_30_trains_5_units3,True,00:00:17.1717488
scenario_solver_30_trains_5_units30,True,00:00:13.7933110
scenario_solver_30_trains_5_units4,True,00:00:11.9975868
scenario_solver_32_trains_5_units19,True,00:00:23.8237155
scenario_solver_32_trains_5_units2,True,00:00:13.7589964
scenario_solver_32_trains_5_units20,True,00:00:14.8537893
scenario_solver_32_trains_5_units21,True,00:00:14.5025132
scenario_solver_32_trains_5_units22,True,00:00:33.0623534
scenario_solver_31_trains_1_units5,True,00:00:13.5076057
scenario_solver_31_trains_1_units6,True,00:00:14.4413249
scenario_solver_31_trains_1_units7,True,00:00:14.5085195
scenario_solver_31_trains_1_units8,True,00:00:13.4293064
scenario_solver_31_trains_1_units9,True,00:00:13.6678521
scenario_solver_33_trains_5_units23,True,00:00:21.3110442
scenario_solver_33_trains_5_units24,True,00:00:25.1775109
scenario_solver_33_trains_5_units25,True,00:01:00.3132489
scenario_solver_33_trains_5_units26,True,00:01:23.3351762
scenario_solver_33_trains_5_units27,True,00:01:30.3117381
scenario_solver_26_trains_1_units19,True,00:00:12.0978702
scenario_solver_26_trains_1_units2,True,00:00:12.1251223
scenario_solver_26_trains_1_units20,True,00:00:12.0660164
scenario_solver_26_trains_1_units21,True,00:00:12.2681349
scenario_solver_26_trains_1_units22,True,00:00:12.1426321
scenario_solver_5_trains_1_units1,True,00:00:02.3260888
scenario_solver_5_trains_1_units10,True,00:00:02.3186047
scenario_solver_5_trains_1_units11,True,00:00:02.1690640
scenario_solver_5_trains_1_units12,True,00:00:01.8890362
scenario_solver_5_trains_1_units13,True,00:00:02.5061625
scenario_solver_10_trains_10_units5,True,00:00:00.9663682
scenario_solver_10_trains_10_units6,True,00:00:00.8660513
scenario_solver_10_trains_10_units7,True,00:00:01.1213728
scenario_solver_10_trains_10_units8,True,00:00:01.2503847
scenario_solver_10_trains_10_units9,True,00:00:00.8993178
scenario_solver_31_trains_31_units19,True,00:00:11.5397728
scenario_solver_31_trains_31_units2,True,00:00:08.3209377
scenario_solver_31_trains_31_units20,True,00:00:11.7554375
scenario_solver_31_trains_31_units21,True,00:00:20.9305143
scenario_solver_31_trains_31_units22,True,00:00:11.1239502
scenario_solver_30_trains_10_units14,True,00:00:13.6157025
scenario_solver_30_trains_10_units15,True,00:00:18.0698677
scenario_solver_30_trains_10_units16,True,00:00:22.0163079
scenario_solver_30_trains_10_units17,True,00:00:39.3118813
scenario_solver_30_trains_10_units18,True,00:00:13.9705558
scenario_solver_31_trains_1_units14,True,00:00:13.9069805
scenario_solver_31_trains_1_units15,True,00:00:15.5441230
scenario_solver_31_trains_1_units16,True,00:00:15.0799080
scenario_solver_31_trains_1_units17,True,00:00:13.8074217
scenario_solver_31_trains_1_units18,True,00:00:13.9148096
scenario_solver_15_trains_5_units14,True,00:00:05.1212165
scenario_solver_15_trains_5_units15,True,00:00:05.5201542
scenario_solver_15_trains_5_units16,True,00:00:06.1682536
scenario_solver_15_trains_5_units17,True,00:00:05.6322149
scenario_solver_15_trains_5_units18,True,00:00:05.5791989
scenario_solver_28_trains_5_units19,True,00:00:11.3988315
scenario_solver_28_trains_5_units2,True,00:00:13.4358990
scenario_solver_28_trains_5_units20,True,00:00:17.6350474
scenario_solver_28_trains_5_units21,True,00:00:12.4984168
scenario_solver_28_trains_5_units22,True,00:00:10.4523872
scenario_solver_27_trains_1_units5,True,00:00:13.7421752
scenario_solver_27_trains_1_units6,True,00:00:13.8767005
scenario_solver_27_trains_1_units7,True,00:00:14.8376594
scenario_solver_27_trains_1_units8,True,00:00:13.7675989
scenario_solver_27_trains_1_units9,True,00:00:12.7449427
scenario_solver_32_trains_32_units23,True,00:00:09.8668283
scenario_solver_32_trains_32_units24,True,00:00:19.9807827
scenario_solver_32_trains_32_units25,True,00:00:11.9718041
scenario_solver_32_trains_32_units26,True,00:00:27.1712588
scenario_solver_32_trains_32_units27,True,00:00:08.5467594
scenario_solver_20_trains_7_units1,True,00:00:07.8395781
scenario_solver_20_trains_7_units10,True,00:00:06.8272945
scenario_solver_20_trains_7_units11,True,00:00:07.1549739
scenario_solver_20_trains_7_units12,True,00:00:07.1954476
scenario_solver_20_trains_7_units13,True,00:00:07.2728538
scenario_solver_30_trains_30_units23,True,00:00:11.2667740
scenario_solver_30_trains_30_units24,True,00:00:13.5580354
scenario_solver_30_trains_30_units25,True,00:00:37.0108676
scenario_solver_30_trains_30_units26,True,00:00:10.2935755
scenario_solver_30_trains_30_units27,True,00:00:29.7518709
scenario_solver_31_trains_31_units5,True,00:00:21.3630588
scenario_solver_31_trains_31_units6,True,00:00:28.8860738
scenario_solver_31_trains_31_units7,True,00:00:09.2211519
scenario_solver_31_trains_31_units8,True,00:00:30.9923113
scenario_solver_31_trains_31_units9,True,00:00:11.8347969
scenario_solver_31_trains_31_units23,True,00:00:44.6582845
scenario_solver_31_trains_31_units24,True,00:00:44.8235666
scenario_solver_31_trains_31_units25,True,00:00:13.4399285
scenario_solver_31_trains_31_units26,True,00:00:11.0640228
scenario_solver_31_trains_31_units27,True,00:00:09.3261382
scenario_solver_27_trains_9_units19,True,00:00:11.3865817
scenario_solver_27_trains_9_units2,True,00:00:13.0763265
scenario_solver_27_trains_9_units20,True,00:00:12.1438280
scenario_solver_27_trains_9_units21,True,00:00:13.7650463
scenario_solver_27_trains_9_units22,True,00:00:10.8003886
scenario_solver_31_trains_31_units28,True,00:00:10.4256051
scenario_solver_31_trains_31_units29,True,00:00:33.9864257
scenario_solver_31_trains_31_units3,True,00:00:30.8293968
scenario_solver_31_trains_31_units30,True,00:00:37.6899176
scenario_solver_31_trains_31_units4,True,00:00:18.7742603
scenario_solver_28_trains_5_units28,True,00:00:16.2837317
scenario_solver_28_trains_5_units29,True,00:00:12.6525894
scenario_solver_28_trains_5_units3,True,00:00:11.0965676
scenario_solver_28_trains_5_units30,True,00:00:13.5176931
scenario_solver_28_trains_5_units4,True,00:00:13.5789977
scenario_solver_31_trains_31_units1,True,00:00:22.8989435
scenario_solver_31_trains_31_units10,True,00:00:09.6074740
scenario_solver_31_trains_31_units11,True,00:00:28.3098327
scenario_solver_31_trains_31_units12,True,00:00:11.2106917
scenario_solver_31_trains_31_units13,True,00:00:11.6651471
scenario_solver_26_trains_1_units28,True,00:00:11.9559062
scenario_solver_26_trains_1_units29,True,00:00:11.6824532
scenario_solver_26_trains_1_units3,True,00:00:11.7111426
scenario_solver_26_trains_1_units30,True,00:00:14.1002703
scenario_solver_26_trains_1_units4,True,00:00:11.7844414
scenario_solver_31_trains_11_units19,True,00:00:21.7624292
scenario_solver_31_trains_11_units2,True,00:00:14.4549328
scenario_solver_31_trains_11_units20,True,00:00:16.9887163
scenario_solver_31_trains_11_units21,True,00:00:18.3235690
scenario_solver_31_trains_11_units22,True,00:00:11.9092764
scenario_solver_25_trains_5_units1,True,00:00:12.7060824
scenario_solver_25_trains_5_units10,True,00:00:10.3162245
scenario_solver_25_trains_5_units11,True,00:00:09.9625897
scenario_solver_25_trains_5_units12,True,00:00:11.4055785
scenario_solver_25_trains_5_units13,True,00:00:09.4805932
scenario_solver_26_trains_26_units28,True,00:00:07.8778507
scenario_solver_26_trains_26_units29,True,00:00:10.0971173
scenario_solver_26_trains_26_units3,True,00:00:06.6726972
scenario_solver_26_trains_26_units30,True,00:00:06.1403983
scenario_solver_26_trains_26_units4,True,00:00:08.3672024
scenario_solver_28_trains_10_units19,True,00:00:12.1134372
scenario_solver_28_trains_10_units2,True,00:00:12.4392015
scenario_solver_28_trains_10_units20,True,00:00:10.5071945
scenario_solver_28_trains_10_units21,True,00:00:11.8907550
scenario_solver_28_trains_10_units22,True,00:00:11.3721768
scenario_solver_32_trains_1_units23,True,00:01:06.0133030
scenario_solver_32_trains_1_units24,True,00:00:53.2352609
scenario_solver_32_trains_1_units25,True,00:00:33.7969212
scenario_solver_32_trains_1_units26,True,00:00:52.8456050
scenario_solver_32_trains_1_units27,True,00:00:35.9497722
scenario_solver_33_trains_5_units1,True,00:00:16.9423099
scenario_solver_33_trains_5_units10,True,00:01:28.6616232
scenario_solver_33_trains_5_units11,True,00:00:20.6128911
scenario_solver_33_trains_5_units12,True,00:00:45.4684251
scenario_solver_33_trains_5_units13,True,00:00:53.9807736
scenario_solver_32_trains_32_units5,True,00:00:11.7661514
scenario_solver_32_trains_32_units6,True,00:00:15.5024046
scenario_solver_32_trains_32_units7,True,00:00:14.8540111
scenario_solver_32_trains_32_units8,True,00:00:11.8522627
scenario_solver_32_trains_32_units9,True,00:00:40.0988418
scenario_solver_31_trains_31_units14,True,00:00:35.2497648
scenario_solver_31_trains_31_units15,True,00:00:36.7896269
scenario_solver_31_trains_31_units16,True,00:00:31.2551641
scenario_solver_31_trains_31_units17,True,00:00:13.8221828
scenario_solver_31_trains_31_units18,True,00:00:26.6267239
scenario_solver_32_trains_5_units28,True,00:00:14.5140730
scenario_solver_32_trains_5_units29,True,00:00:55.7577450
scenario_solver_32_trains_5_units3,True,00:00:13.6234298
scenario_solver_32_trains_5_units30,True,00:00:16.4146641
scenario_solver_32_trains_5_units4,True,00:00:20.0432818
scenario_solver_32_trains_5_units23,True,00:00:15.6922352
scenario_solver_32_trains_5_units24,True,00:00:16.8995990
scenario_solver_32_trains_5_units25,True,00:00:22.6093179
scenario_solver_32_trains_5_units26,True,00:00:29.5835919
scenario_solver_32_trains_5_units27,True,00:00:40.4603966
scenario_solver_10_trains_10_units14,True,00:00:00.9942286
scenario_solver_10_trains_10_units15,True,00:00:01.4528503
scenario_solver_10_trains_10_units16,True,00:00:00.8646837
scenario_solver_10_trains_10_units17,True,00:00:01.2799553
scenario_solver_10_trains_10_units18,True,00:00:01.3282710
scenario_solver_27_trains_27_units19,True,00:00:10.0632708
scenario_solver_27_trains_27_units2,True,00:00:08.0345056
scenario_solver_27_trains_27_units20,True,00:00:08.9437540
scenario_solver_27_trains_27_units21,True,00:00:08.8226883
scenario_solver_27_trains_27_units22,True,00:00:07.8118555
scenario_solver_26_trains_9_units14,True,00:00:10.6862052
scenario_solver_26_trains_9_units15,True,00:00:12.8842511
scenario_solver_26_trains_9_units16,True,00:00:15.5379520
scenario_solver_26_trains_9_units17,True,00:00:10.4303644
scenario_solver_26_trains_9_units18,True,00:00:10.9119193
scenario_solver_30_trains_30_units5,True,00:00:20.7698898
scenario_solver_30_trains_30_units6,True,00:00:11.8471750
scenario_solver_30_trains_30_units7,True,00:00:10.1971736
scenario_solver_30_trains_30_units8,True,00:00:13.8682082
scenario_solver_30_trains_30_units9,True,00:00:13.1241971
scenario_solver_29_trains_1_units19,True,00:00:11.0501680
scenario_solver_29_trains_1_units2,True,00:00:09.8067546
scenario_solver_29_trains_1_units20,True,00:00:13.7049276
scenario_solver_29_trains_1_units21,True,00:00:13.5292619
scenario_solver_29_trains_1_units22,True,00:00:13.6315010
scenario_solver_10_trains_10_units23,True,00:00:01.3927976
scenario_solver_10_trains_10_units24,True,00:00:00.8803405
scenario_solver_10_trains_10_units25,True,00:00:00.9678677
scenario_solver_10_trains_10_units26,True,00:00:00.8871510
scenario_solver_10_trains_10_units27,True,00:00:00.9115621
scenario_solver_29_trains_1_units28,True,00:00:10.0421037
scenario_solver_29_trains_1_units29,True,00:00:12.2375362
scenario_solver_29_trains_1_units3,True,00:00:10.1070270
scenario_solver_29_trains_1_units30,True,00:00:13.2783052
scenario_solver_29_trains_1_units4,True,00:00:10.8197283
scenario_solver_15_trains_15_units19,True,00:00:01.8167705
scenario_solver_15_trains_15_units2,True,00:00:02.1085491
scenario_solver_15_trains_15_units20,True,00:00:03.0167873
scenario_solver_15_trains_15_units21,True,00:00:02.1699041
scenario_solver_15_trains_15_units22,True,00:00:02.6622146
scenario_solver_26_trains_9_units1,True,00:00:11.7185947
scenario_solver_26_trains_9_units10,True,00:00:11.9981500
scenario_solver_26_trains_9_units11,True,00:00:12.9828918
scenario_solver_26_trains_9_units12,True,00:00:14.9464041
scenario_solver_26_trains_9_units13,True,00:00:12.3005363
scenario_solver_10_trains_1_units23,True,00:00:03.1276254
scenario_solver_10_trains_1_units24,True,00:00:02.4916450
scenario_solver_10_trains_1_units25,True,00:00:02.4357475
scenario_solver_10_trains_1_units26,True,00:00:03.1198000
scenario_solver_10_trains_1_units27,True,00:00:03.1477489
scenario_solver_31_trains_11_units1,True,00:00:27.0002103
scenario_solver_31_trains_11_units10,True,00:00:15.1444600
scenario_solver_31_trains_11_units11,True,00:00:38.2245907
scenario_solver_31_trains_11_units12,True,00:00:12.8859029
scenario_solver_31_trains_11_units13,True,00:00:12.9413847
scenario_solver_20_trains_5_units14,True,00:00:06.9278933
scenario_solver_20_trains_5_units15,True,00:00:07.0904566
scenario_solver_20_trains_5_units16,True,00:00:07.0122884
scenario_solver_20_trains_5_units17,True,00:00:08.1722209
scenario_solver_20_trains_5_units18,True,00:00:08.8745576
scenario_solver_25_trains_5_units14,True,00:00:10.4809417
scenario_solver_25_trains_5_units15,True,00:00:11.6679301
scenario_solver_25_trains_5_units16,True,00:00:14.2185129
scenario_solver_25_trains_5_units17,True,00:00:11.7684032
scenario_solver_25_trains_5_units18,True,00:00:11.8402303
scenario_solver_30_trains_10_units1,True,00:00:21.7087333
scenario_solver_30_trains_10_units10,True,00:00:13.2016187
scenario_solver_30_trains_10_units11,True,00:00:13.9003167
scenario_solver_30_trains_10_units12,True,00:00:17.0019171
scenario_solver_30_trains_10_units13,True,00:00:15.8348180
scenario_solver_15_trains_15_units14,True,00:00:02.7171578
scenario_solver_15_trains_15_units15,True,00:00:01.6850387
scenario_solver_15_trains_15_units16,True,00:00:01.8452886
scenario_solver_15_trains_15_units17,True,00:00:01.9743238
scenario_solver_15_trains_15_units18,True,00:00:02.2167737
scenario_solver_27_trains_5_units23,True,00:00:11.3847727
scenario_solver_27_trains_5_units24,True,00:00:13.2886348
scenario_solver_27_trains_5_units25,True,00:00:17.0018432
scenario_solver_27_trains_5_units26,True,00:00:14.1215869
scenario_solver_27_trains_5_units27,True,00:00:15.3234408
scenario_solver_5_trains_5_units14,True,00:00:00.5460262
scenario_solver_5_trains_5_units15,True,00:00:00.5351868
scenario_solver_5_trains_5_units16,True,00:00:00.5327400
scenario_solver_5_trains_5_units17,True,00:00:00.5685782
scenario_solver_5_trains_5_units18,True,00:00:00.5436160
scenario_solver_30_trains_1_units5,True,00:00:11.9650630
scenario_solver_30_trains_1_units6,True,00:00:13.4289285
scenario_solver_30_trains_1_units7,True,00:00:12.1240298
scenario_solver_30_trains_1_units8,True,00:00:14.4433254
scenario_solver_30_trains_1_units9,True,00:00:17.7129836
scenario_solver_20_trains_5_units28,True,00:00:09.4229533
scenario_solver_20_trains_5_units29,True,00:00:08.8370791
scenario_solver_20_trains_5_units3,True,00:00:07.6033701
scenario_solver_20_trains_5_units30,True,00:00:09.1760507
scenario_solver_20_trains_5_units4,True,00:00:08.0257519
scenario_solver_15_trains_15_units1,True,00:00:01.8127069
scenario_solver_15_trains_15_units10,True,00:00:01.7790221
scenario_solver_15_trains_15_units11,True,00:00:02.1339260
scenario_solver_15_trains_15_units12,True,00:00:02.4328183
scenario_solver_15_trains_15_units13,True,00:00:02.3809471
scenario_solver_30_trains_5_units5,True,00:00:14.9517753
scenario_solver_30_trains_5_units6,True,00:00:20.0555053
scenario_solver_30_trains_5_units7,True,00:00:12.8726634
scenario_solver_30_trains_5_units8,True,00:00:13.9036428
scenario_solver_30_trains_5_units9,True,00:00:23.9571546
scenario_solver_28_trains_5_units14,True,00:00:13.3822653
scenario_solver_28_trains_5_units15,True,00:00:14.4246824
scenario_solver_28_trains_5_units16,True,00:00:10.9556492
scenario_solver_28_trains_5_units17,True,00:00:12.7303688
scenario_solver_28_trains_5_units18,True,00:00:13.1886702
scenario_solver_31_trains_5_units19,True,00:00:21.9056579
scenario_solver_31_trains_5_units2,True,00:00:31.5728039
scenario_solver_31_trains_5_units20,True,00:00:27.4477171
scenario_solver_31_trains_5_units21,True,00:00:19.5547579
scenario_solver_31_trains_5_units22,True,00:00:27.5605904
scenario_solver_28_trains_1_units23,True,00:00:10.3428814
scenario_solver_28_trains_1_units24,True,00:00:11.0330814
scenario_solver_28_trains_1_units25,True,00:00:09.9949359
scenario_solver_28_trains_1_units26,True,00:00:11.0608985
scenario_solver_28_trains_1_units27,True,00:00:10.3609914
scenario_solver_32_trains_5_units14,True,00:00:19.4404203
scenario_solver_32_trains_5_units15,True,00:00:29.9973022
scenario_solver_32_trains_5_units16,True,00:00:57.7812916
scenario_solver_32_trains_5_units17,True,00:00:15.6343981
scenario_solver_32_trains_5_units18,True,00:00:20.6209630
scenario_solver_25_trains_9_units19,True,00:00:10.0879201
scenario_solver_25_trains_9_units2,True,00:00:12.2340682
scenario_solver_25_trains_9_units20,True,00:00:10.7746052
scenario_solver_25_trains_9_units21,True,00:00:13.6050870
scenario_solver_25_trains_9_units22,True,00:00:12.7633302
scenario_solver_27_trains_5_units28,True,00:00:12.0844690
scenario_solver_27_trains_5_units29,True,00:00:09.8341237
scenario_solver_27_trains_5_units3,True,00:00:15.7857227
scenario_solver_27_trains_5_units30,True,00:00:11.8477855
scenario_solver_27_trains_5_units4,True,00:00:12.2169072
scenario_solver_31_trains_1_units1,True,00:00:18.1926942
scenario_solver_31_trains_1_units10,True,00:00:13.3372769
scenario_solver_31_trains_1_units11,True,00:00:13.4951267
scenario_solver_31_trains_1_units12,True,00:00:14.5570784
scenario_solver_31_trains_1_units13,True,00:00:14.6377015
scenario_solver_30_trains_1_units19,True,00:00:15.0527643
scenario_solver_30_trains_1_units2,True,00:00:15.1045067
scenario_solver_30_trains_1_units20,True,00:00:12.8189527
scenario_solver_30_trains_1_units21,True,00:00:16.3314088
scenario_solver_30_trains_1_units22,True,00:00:12.7423403
scenario_solver_10_trains_1_units28,True,00:00:03.1440393
scenario_solver_10_trains_1_units29,True,00:00:03.2274650
scenario_solver_10_trains_1_units3,True,00:00:03.0734299
scenario_solver_10_trains_1_units30,True,00:00:03.2767729
scenario_solver_10_trains_1_units4,True,00:00:02.4943796
scenario_solver_26_trains_1_units23,True,00:00:12.2158077
scenario_solver_26_trains_1_units24,True,00:00:12.1277817
scenario_solver_26_trains_1_units25,True,00:00:12.1016423
scenario_solver_26_trains_1_units26,True,00:00:12.1564374
scenario_solver_26_trains_1_units27,True,00:00:11.9681327
scenario_solver_28_trains_1_units5,True,00:00:10.6107900
scenario_solver_28_trains_1_units6,True,00:00:10.6716343
scenario_solver_28_trains_1_units7,True,00:00:10.7672790
scenario_solver_28_trains_1_units8,True,00:00:10.3528367
scenario_solver_28_trains_1_units9,True,00:00:10.3670653
scenario_solver_20_trains_7_units5,True,00:00:07.3011879
scenario_solver_20_trains_7_units6,True,00:00:06.8676129
scenario_solver_20_trains_7_units7,True,00:00:07.2092092
scenario_solver_20_trains_7_units8,True,00:00:08.2077927
scenario_solver_20_trains_7_units9,True,00:00:07.7029597
scenario_solver_10_trains_5_units1,True,00:00:03.4515967
scenario_solver_10_trains_5_units10,True,00:00:05.4382149
scenario_solver_10_trains_5_units11,True,00:00:07.6950332
scenario_solver_10_trains_5_units12,True,00:00:07.6229132
scenario_solver_10_trains_5_units13,True,00:00:04.1049448
scenario_solver_15_trains_1_units28,True,00:00:04.9346826
scenario_solver_15_trains_1_units29,True,00:00:04.9798407
scenario_solver_15_trains_1_units3,True,00:00:04.9174969
scenario_solver_15_trains_1_units30,True,00:00:05.0782079
scenario_solver_15_trains_1_units4,True,00:00:04.9930876
scenario_solver_25_trains_9_units23,True,00:00:10.8707915
scenario_solver_25_trains_9_units24,True,00:00:13.8778001
scenario_solver_25_trains_9_units25,True,00:00:09.4651271
scenario_solver_25_trains_9_units26,True,00:00:11.6917569
scenario_solver_25_trains_9_units27,True,00:00:09.8754731
scenario_solver_29_trains_5_units14,True,00:00:19.2831033
scenario_solver_29_trains_5_units15,True,00:00:14.9558533
scenario_solver_29_trains_5_units16,True,00:00:14.8405905
scenario_solver_29_trains_5_units17,True,00:00:13.7742401
scenario_solver_29_trains_5_units18,True,00:00:16.8763441
scenario_solver_25_trains_9_units14,True,00:00:10.4618369
scenario_solver_25_trains_9_units15,True,00:00:10.2644307
scenario_solver_25_trains_9_units16,True,00:00:10.4289893
scenario_solver_25_trains_9_units17,True,00:00:10.0361765
scenario_solver_25_trains_9_units18,True,00:00:12.1622401
scenario_solver_28_trains_28_units14,True,00:00:07.4963297
scenario_solver_28_trains_28_units15,True,00:00:13.0832126
scenario_solver_28_trains_28_units16,True,00:00:08.8121040
scenario_solver_28_trains_28_units17,True,00:00:11.4814000
scenario_solver_28_trains_28_units18,True,00:00:08.7387804
scenario_solver_33_trains_1_units19,True,00:01:05.2509132
scenario_solver_33_trains_1_units2,True,00:00:47.2640509
scenario_solver_33_trains_1_units20,True,00:01:03.3030630
scenario_solver_33_trains_1_units21,True,00:01:02.7727744
scenario_solver_33_trains_1_units22,True,00:00:54.6516871
scenario_solver_33_trains_5_units14,True,00:00:28.6945863
scenario_solver_33_trains_5_units15,True,00:01:27.5474064
scenario_solver_33_trains_5_units16,True,00:00:58.0074014
scenario_solver_33_trains_5_units17,True,00:01:27.3704654
scenario_solver_33_trains_5_units18,True,00:00:47.3178017
scenario_solver_33_trains_5_units28,True,00:00:49.3093667
scenario_solver_33_trains_5_units29,True,00:00:16.5945117
scenario_solver_33_trains_5_units3,True,00:00:15.9746481
scenario_solver_33_trains_5_units30,True,00:00:35.5325823
scenario_solver_33_trains_5_units4,True,00:00:15.6735672
scenario_solver_5_trains_2_units5,True,00:00:02.4413408
scenario_solver_5_trains_2_units6,True,00:00:02.4991154
scenario_solver_5_trains_2_units7,True,00:00:01.9710019
scenario_solver_5_trains_2_units8,True,00:00:02.2635845
scenario_solver_5_trains_2_units9,True,00:00:02.4150810
scenario_solver_32_trains_5_units1,True,00:00:14.3282693
scenario_solver_32_trains_5_units10,True,00:00:19.8504765
scenario_solver_32_trains_5_units11,True,00:00:29.4359998
scenario_solver_32_trains_5_units12,True,00:00:39.2820075
scenario_solver_32_trains_5_units13,True,00:00:18.4922503
scenario_solver_32_trains_11_units1,True,00:00:26.2047173
scenario_solver_32_trains_11_units10,True,00:00:19.6632139
scenario_solver_32_trains_11_units11,True,00:00:50.5884706
scenario_solver_32_trains_11_units12,True,00:00:16.6305123
scenario_solver_32_trains_11_units13,True,00:00:28.0309568
scenario_solver_15_trains_5_units28,True,00:00:04.7171077
scenario_solver_15_trains_5_units29,True,00:00:05.5540881
scenario_solver_15_trains_5_units3,True,00:00:05.6730532
scenario_solver_15_trains_5_units30,True,00:00:05.1866725
scenario_solver_15_trains_5_units4,True,00:00:04.5296227
scenario_solver_30_trains_5_units19,True,00:00:11.6424626
scenario_solver_30_trains_5_units2,True,00:00:23.4618456
scenario_solver_30_trains_5_units20,True,00:00:18.5497270
scenario_solver_30_trains_5_units21,True,00:00:12.9057869
scenario_solver_30_trains_5_units22,True,00:00:16.4767941
scenario_solver_10_trains_4_units23,True,00:00:02.9121605
scenario_solver_10_trains_4_units24,True,00:00:03.1400699
scenario_solver_10_trains_4_units25,True,00:00:03.0885156
scenario_solver_10_trains_4_units26,True,00:00:03.4758094
scenario_solver_10_trains_4_units27,True,00:00:03.1995016
scenario_solver_5_trains_2_units23,True,00:00:02.2742608
scenario_solver_5_trains_2_units24,True,00:00:02.3484238
scenario_solver_5_trains_2_units25,True,00:00:02.2707049
scenario_solver_5_trains_2_units26,True,00:00:02.3393889
scenario_solver_5_trains_2_units27,True,00:00:02.3301949
scenario_solver_20_trains_1_units23,True,00:00:08.5351683
scenario_solver_20_trains_1_units24,True,00:00:08.5740184
scenario_solver_20_trains_1_units25,True,00:00:08.8617455
scenario_solver_20_trains_1_units26,True,00:00:08.9157676
scenario_solver_20_trains_1_units27,True,00:00:08.4785943
scenario_solver_30_trains_10_units19,True,00:00:14.0660842
scenario_solver_30_trains_10_units2,True,00:00:29.3475256
scenario_solver_30_trains_10_units20,True,00:00:12.7089098
scenario_solver_30_trains_10_units21,True,00:00:13.0722912
scenario_solver_30_trains_10_units22,True,00:00:15.4233350
scenario_solver_20_trains_20_units1,True,00:00:04.3113606
scenario_solver_20_trains_20_units10,True,00:00:04.8136010
scenario_solver_20_trains_20_units11,True,00:00:04.0437216
scenario_solver_20_trains_20_units12,True,00:00:04.7176445
scenario_solver_20_trains_20_units13,True,00:00:05.6681962
scenario_solver_10_trains_1_units5,True,00:00:02.4980662
scenario_solver_10_trains_1_units6,True,00:00:03.2952128
scenario_solver_10_trains_1_units7,True,00:00:03.1571859
scenario_solver_10_trains_1_units8,True,00:00:02.5503924
scenario_solver_10_trains_1_units9,True,00:00:03.1899325
scenario_solver_5_trains_1_units5,True,00:00:02.2437933
scenario_solver_5_trains_1_units6,True,00:00:02.1875788
scenario_solver_5_trains_1_units7,True,00:00:02.2175998
scenario_solver_5_trains_1_units8,True,00:00:02.1639037
scenario_solver_5_trains_1_units9,True,00:00:01.7406818
scenario_solver_26_trains_5_units28,True,00:00:11.1189333
scenario_solver_26_trains_5_units29,True,00:00:12.9659443
scenario_solver_26_trains_5_units3,True,00:00:13.4920705
scenario_solver_26_trains_5_units30,True,00:00:10.2218492
scenario_solver_26_trains_5_units4,True,00:00:11.8350977
scenario_solver_29_trains_10_units5,True,00:00:13.3480486
scenario_solver_29_trains_10_units6,True,00:00:13.7517552
scenario_solver_29_trains_10_units7,True,00:00:19.0194615
scenario_solver_29_trains_10_units8,True,00:00:12.0062008
scenario_solver_29_trains_10_units9,True,00:00:12.4879809
scenario_solver_26_trains_5_units5,True,00:00:11.9001479
scenario_solver_26_trains_5_units6,True,00:00:12.8502326
scenario_solver_26_trains_5_units7,True,00:00:10.6919592
scenario_solver_26_trains_5_units8,True,00:00:11.3172717
scenario_solver_26_trains_5_units9,True,00:00:13.3705979
scenario_solver_32_trains_1_units19,True,00:00:28.8954555
scenario_solver_32_trains_1_units2,True,00:00:47.1811822
scenario_solver_32_trains_1_units20,True,00:00:41.7401056
scenario_solver_32_trains_1_units21,True,00:00:47.8513154
scenario_solver_32_trains_1_units22,True,00:00:25.2487706
scenario_solver_20_trains_7_units28,True,00:00:07.7932877
scenario_solver_20_trains_7_units29,True,00:00:08.2590084
scenario_solver_20_trains_7_units3,True,00:00:07.7559752
scenario_solver_20_trains_7_units30,True,00:00:08.9401906
scenario_solver_20_trains_7_units4,True,00:00:07.3456181
scenario_solver_33_trains_5_units19,True,00:00:29.1902232
scenario_solver_33_trains_5_units2,True,00:00:46.4012055
scenario_solver_33_trains_5_units20,True,00:00:42.0257884
scenario_solver_33_trains_5_units21,True,00:00:14.1987747
scenario_solver_33_trains_5_units22,True,00:00:16.6672866
scenario_solver_33_trains_33_units14,True,00:00:52.7661323
scenario_solver_33_trains_33_units15,True,00:00:18.8933944
scenario_solver_33_trains_33_units16,True,00:00:40.3480230
scenario_solver_33_trains_33_units17,True,00:00:52.6315478
scenario_solver_33_trains_33_units18,True,00:00:25.4500714
scenario_solver_25_trains_9_units5,True,00:00:11.9193868
scenario_solver_25_trains_9_units6,True,00:00:11.6945296
scenario_solver_25_trains_9_units7,True,00:00:10.5012820
scenario_solver_25_trains_9_units8,True,00:00:10.4444658
scenario_solver_25_trains_9_units9,True,00:00:11.0774550
scenario_solver_26_trains_5_units23,True,00:00:10.7012089
scenario_solver_26_trains_5_units24,True,00:00:11.3602651
scenario_solver_26_trains_5_units25,True,00:00:12.0053380
scenario_solver_26_trains_5_units26,True,00:00:09.2070527
scenario_solver_26_trains_5_units27,True,00:00:12.4827538
scenario_solver_32_trains_32_units14,True,00:00:24.9455878
scenario_solver_32_trains_32_units15,True,00:01:18.2678591
scenario_solver_32_trains_32_units16,True,00:00:32.2727006
scenario_solver_32_trains_32_units17,True,00:00:44.3204650
scenario_solver_32_trains_32_units18,True,00:00:25.8816766
scenario_solver_27_trains_27_units1,True,00:00:07.2145400
scenario_solver_27_trains_27_units10,True,00:00:06.1716543
scenario_solver_27_trains_27_units11,True,00:00:06.2205053
scenario_solver_27_trains_27_units12,True,00:00:08.8357987
scenario_solver_27_trains_27_units13,True,00:00:06.6418268
scenario_solver_28_trains_5_units1,True,00:00:12.4381764
scenario_solver_28_trains_5_units10,True,00:00:13.2709840
scenario_solver_28_trains_5_units11,True,00:00:11.6300281
scenario_solver_28_trains_5_units12,True,00:00:15.2953435
scenario_solver_28_trains_5_units13,True,00:00:16.9080155
scenario_solver_20_trains_20_units28,True,00:00:04.9151739
scenario_solver_20_trains_20_units29,True,00:00:04.6728023
scenario_solver_20_trains_20_units3,True,00:00:05.1192823
scenario_solver_20_trains_20_units30,True,00:00:05.1580086
scenario_solver_20_trains_20_units4,True,00:00:04.7666944
scenario_solver_27_trains_5_units14,True,00:00:13.3790160
scenario_solver_27_trains_5_units15,True,00:00:10.6697749
scenario_solver_27_trains_5_units16,True,00:00:09.2131743
scenario_solver_27_trains_5_units17,True,00:00:13.8714576
scenario_solver_27_trains_5_units18,True,00:00:10.8892051
scenario_solver_25_trains_1_units5,True,00:00:12.5762796
scenario_solver_25_trains_1_units6,True,00:00:12.6024078
scenario_solver_25_trains_1_units7,True,00:00:11.8627000
scenario_solver_25_trains_1_units8,True,00:00:12.7231421
scenario_solver_25_trains_1_units9,True,00:00:12.6703954
scenario_solver_5_trains_2_units19,True,00:00:02.1384095
scenario_solver_5_trains_2_units2,True,00:00:02.1673813
scenario_solver_5_trains_2_units20,True,00:00:02.5097194
scenario_solver_5_trains_2_units21,True,00:00:02.4355570
scenario_solver_5_trains_2_units22,True,00:00:02.4239513
scenario_solver_33_trains_1_units5,True,00:00:52.2917435
scenario_solver_33_trains_1_units6,True,00:00:39.5630903
scenario_solver_33_trains_1_units7,True,00:00:34.2755490
scenario_solver_33_trains_1_units8,True,00:00:25.5123720
scenario_solver_33_trains_1_units9,True,00:00:35.5519519
scenario_solver_10_trains_10_units28,True,00:00:01.1602846
scenario_solver_10_trains_10_units29,True,00:00:01.3571707
scenario_solver_10_trains_10_units3,True,00:00:01.0111938
scenario_solver_10_trains_10_units30,True,00:00:00.9744993
scenario_solver_10_trains_10_units4,True,00:00:00.9408099
scenario_solver_27_trains_27_units28,True,00:00:13.5584351
scenario_solver_27_trains_27_units29,True,00:00:09.3537775
scenario_solver_27_trains_27_units3,True,00:00:06.2784931
scenario_solver_27_trains_27_units30,True,00:00:08.7703730
scenario_solver_27_trains_27_units4,True,00:00:08.5745332
scenario_solver_25_trains_25_units23,True,00:00:08.1083459
scenario_solver_25_trains_25_units24,True,00:00:07.1277037
scenario_solver_25_trains_25_units25,True,00:00:07.5892109
scenario_solver_25_trains_25_units26,True,00:00:07.0334186
scenario_solver_25_trains_25_units27,True,00:00:07.1574394
scenario_solver_31_trains_11_units5,True,00:00:17.4051079
scenario_solver_31_trains_11_units6,True,00:00:29.9329599
scenario_solver_31_trains_11_units7,True,00:00:35.3661794
scenario_solver_31_trains_11_units8,True,00:00:13.6392494
scenario_solver_31_trains_11_units9,True,00:00:13.4275213
scenario_solver_5_trains_2_units28,True,00:00:01.8389026
scenario_solver_5_trains_2_units29,True,00:00:02.4495227
scenario_solver_5_trains_2_units3,True,00:00:02.2747801
scenario_solver_5_trains_2_units30,True,00:00:02.3887465
scenario_solver_5_trains_2_units4,True,00:00:02.2833360
scenario_solver_29_trains_1_units23,True,00:00:09.9891311
scenario_solver_29_trains_1_units24,True,00:00:09.8765074
scenario_solver_29_trains_1_units25,True,00:00:13.1185695
scenario_solver_29_trains_1_units26,True,00:00:11.2076549
scenario_solver_29_trains_1_units27,True,00:00:09.8624652
scenario_solver_27_trains_5_units5,True,00:00:13.1123465
scenario_solver_27_trains_5_units6,True,00:00:15.5686159
scenario_solver_27_trains_5_units7,True,00:00:12.1351415
scenario_solver_27_trains_5_units8,True,00:00:15.1755377
scenario_solver_27_trains_5_units9,True,00:00:14.9206221
scenario_solver_25_trains_25_units14,True,00:00:06.4145061
scenario_solver_25_trains_25_units15,True,00:00:09.3108073
scenario_solver_25_trains_25_units16,True,00:00:07.8433232
scenario_solver_25_trains_25_units17,True,00:00:07.5160274
scenario_solver_25_trains_25_units18,True,00:00:06.4291656
scenario_solver_33_trains_33_units5,True,00:00:24.4997123
scenario_solver_33_trains_33_units6,True,00:00:19.0202962
scenario_solver_33_trains_33_units7,True,00:00:23.7490714
scenario_solver_33_trains_33_units8,True,00:00:26.8460437
scenario_solver_33_trains_33_units9,True,00:00:30.0767099
scenario_solver_15_trains_15_units5,True,00:00:02.0625117
scenario_solver_15_trains_15_units6,True,00:00:03.0777824
scenario_solver_15_trains_15_units7,True,00:00:02.1365581
scenario_solver_15_trains_15_units8,True,00:00:02.1951906
scenario_solver_15_trains_15_units9,True,00:00:03.2256329
scenario_solver_10_trains_5_units5,True,00:00:06.0595458
scenario_solver_10_trains_5_units6,True,00:00:06.2248271
scenario_solver_10_trains_5_units7,True,00:00:03.2382906
scenario_solver_10_trains_5_units8,True,00:00:04.6360244
scenario_solver_10_trains_5_units9,True,00:00:07.1390308
scenario_solver_32_trains_5_units5,True,00:00:27.6565383
scenario_solver_32_trains_5_units6,True,00:00:19.7912160
scenario_solver_32_trains_5_units7,True,00:00:29.0952264
scenario_solver_32_trains_5_units8,True,00:00:13.9622547
scenario_solver_32_trains_5_units9,True,00:01:01.3809167
scenario_solver_26_trains_1_units1,True,00:00:11.6602017
scenario_solver_26_trains_1_units10,True,00:00:11.6897121
scenario_solver_26_trains_1_units11,True,00:00:11.7879410
scenario_solver_26_trains_1_units12,True,00:00:13.9840680
scenario_solver_26_trains_1_units13,True,00:00:10.4606062
scenario_solver_28_trains_1_units14,True,00:00:12.3131795
scenario_solver_28_trains_1_units15,True,00:00:11.8047669
scenario_solver_28_trains_1_units16,True,00:00:10.1987694
scenario_solver_28_trains_1_units17,True,00:00:10.1884475
scenario_solver_28_trains_1_units18,True,00:00:10.4475160
scenario_solver_10_trains_4_units28,True,00:00:03.2699990
scenario_solver_10_trains_4_units29,True,00:00:03.2880176
scenario_solver_10_trains_4_units3,True,00:00:02.9059943
scenario_solver_10_trains_4_units30,True,00:00:03.3591175
scenario_solver_10_trains_4_units4,True,00:00:03.0210004
scenario_solver_31_trains_11_units23,True,00:00:32.7367535
scenario_solver_31_trains_11_units24,True,00:00:36.8639388
scenario_solver_31_trains_11_units25,True,00:00:26.1367482
scenario_solver_31_trains_11_units26,True,00:00:17.9362309
scenario_solver_31_trains_11_units27,True,00:00:35.7681787
scenario_solver_29_trains_5_units28,True,00:00:15.6380189
scenario_solver_29_trains_5_units29,True,00:00:10.6439436
scenario_solver_29_trains_5_units3,True,00:00:15.5527091
scenario_solver_29_trains_5_units30,True,00:00:15.1573016
scenario_solver_29_trains_5_units4,True,00:00:15.6594479
scenario_solver_25_trains_25_units19,True,00:00:08.7764151
scenario_solver_25_trains_25_units2,True,00:00:08.7929119
scenario_solver_25_trains_25_units20,True,00:00:08.4732663
scenario_solver_25_trains_25_units21,True,00:00:06.5402871
scenario_solver_25_trains_25_units22,True,00:00:07.6877436
scenario_solver_33_trains_1_units1,True,00:00:54.3467297
scenario_solver_33_trains_1_units10,True,00:00:59.7645092
scenario_solver_33_trains_1_units11,True,00:00:36.9662567
scenario_solver_33_trains_1_units12,True,00:01:09.9987383
scenario_solver_33_trains_1_units13,True,00:01:02.3812833
scenario_solver_28_trains_28_units19,True,00:00:08.4769679
scenario_solver_28_trains_28_units2,True,00:00:17.0593792
scenario_solver_28_trains_28_units20,True,00:00:07.1678184
scenario_solver_28_trains_28_units21,True,00:00:08.7926219
scenario_solver_28_trains_28_units22,True,00:00:23.7034525
scenario_solver_5_trains_5_units28,True,00:00:00.5406687
scenario_solver_5_trains_5_units29,True,00:00:00.5728734
scenario_solver_5_trains_5_units3,True,00:00:00.6107176
scenario_solver_5_trains_5_units30,True,00:00:00.5480384
scenario_solver_5_trains_5_units4,True,00:00:00.5642145
scenario_solver_29_trains_1_units5,True,00:00:13.7869681
scenario_solver_29_trains_1_units6,True,00:00:09.9853993
scenario_solver_29_trains_1_units7,True,00:00:09.8501379
scenario_solver_29_trains_1_units8,True,00:00:13.7676734
scenario_solver_29_trains_1_units9,True,00:00:13.7557763
scenario_solver_20_trains_1_units5,True,00:00:08.5415487
scenario_solver_20_trains_1_units6,True,00:00:08.0974290
scenario_solver_20_trains_1_units7,True,00:00:08.1306642
scenario_solver_20_trains_1_units8,True,00:00:08.5224245
scenario_solver_20_trains_1_units9,True,00:00:08.0963348
scenario_solver_32_trains_32_units1,True,00:00:46.4338901
scenario_solver_32_trains_32_units10,True,00:00:43.2160253
scenario_solver_32_trains_32_units11,True,00:00:11.5782871
scenario_solver_32_trains_32_units12,True,00:00:30.2521669
scenario_solver_32_trains_32_units13,True,00:00:29.6284412
scenario_solver_29_trains_10_units1,True,00:00:22.8878376
scenario_solver_29_trains_10_units10,True,00:00:21.9229605
scenario_solver_29_trains_10_units11,True,00:00:24.1803003
scenario_solver_29_trains_10_units12,True,00:00:14.7768082
scenario_solver_29_trains_10_units13,True,00:00:25.3829314
scenario_solver_27_trains_1_units1,True,00:00:14.1161329
scenario_solver_27_trains_1_units10,True,00:00:13.9089888
scenario_solver_27_trains_1_units11,True,00:00:11.8539365
scenario_solver_27_trains_1_units12,True,00:00:13.8311619
scenario_solver_27_trains_1_units13,True,00:00:13.8060233
scenario_solver_29_trains_1_units1,True,00:00:10.4126121
scenario_solver_29_trains_1_units10,True,00:00:10.3919330
scenario_solver_29_trains_1_units11,True,00:00:10.4791925
scenario_solver_29_trains_1_units12,True,00:00:11.3841257
scenario_solver_29_trains_1_units13,True,00:00:11.1096117
scenario_solver_28_trains_10_units5,True,00:00:12.6364216
scenario_solver_28_trains_10_units6,True,00:00:13.0244942
scenario_solver_28_trains_10_units7,True,00:00:13.9036955
scenario_solver_28_trains_10_units8,True,00:00:12.6754879
scenario_solver_28_trains_10_units9,True,00:00:15.8368076
scenario_solver_25_trains_5_units23,True,00:00:10.8513604
scenario_solver_25_trains_5_units24,True,00:00:09.5313558
scenario_solver_25_trains_5_units25,True,00:00:09.6309719
scenario_solver_25_trains_5_units26,True,00:00:10.4554292
scenario_solver_25_trains_5_units27,True,00:00:12.1907133
scenario_solver_27_trains_1_units14,True,00:00:11.8698973
scenario_solver_27_trains_1_units15,True,00:00:11.9053577
scenario_solver_27_trains_1_units16,True,00:00:11.7457987
scenario_solver_27_trains_1_units17,True,00:00:11.6502512
scenario_solver_27_trains_1_units18,True,00:00:11.7516496
scenario_solver_30_trains_30_units28,True,00:00:10.1235059
scenario_solver_30_trains_30_units29,True,00:00:29.3870952
scenario_solver_30_trains_30_units3,True,00:00:08.3765091
scenario_solver_30_trains_30_units30,True,00:00:10.9495137
scenario_solver_30_trains_30_units4,True,00:00:09.1431535
scenario_solver_32_trains_11_units5,True,00:00:17.3080009
scenario_solver_32_trains_11_units6,True,00:00:41.9934816
scenario_solver_32_trains_11_units7,True,00:00:33.4057589
scenario_solver_32_trains_11_units8,True,00:00:16.8520243
scenario_solver_32_trains_11_units9,True,00:01:06.6783767
scenario_solver_32_trains_11_units23,True,00:00:24.3891671
scenario_solver_32_trains_11_units24,True,00:00:31.9817426
scenario_solver_32_trains_11_units25,True,00:00:38.9735791
scenario_solver_32_trains_11_units26,True,00:00:12.8739404
scenario_solver_32_trains_11_units27,True,00:00:20.0658670
scenario_solver_20_trains_5_units5,True,00:00:07.5417155
scenario_solver_20_trains_5_units6,True,00:00:07.8669846
scenario_solver_20_trains_5_units7,True,00:00:07.4639690
scenario_solver_20_trains_5_units8,True,00:00:09.0468290
scenario_solver_20_trains_5_units9,True,00:00:07.9651086
scenario_solver_15_trains_5_units5,True,00:00:05.5850098
scenario_solver_15_trains_5_units6,True,00:00:05.6401733
scenario_solver_15_trains_5_units7,True,00:00:04.7916654
scenario_solver_15_trains_5_units8,True,00:00:05.2996407
scenario_solver_15_trains_5_units9,True,00:00:05.1148075
scenario_solver_26_trains_26_units14,True,00:00:07.5275789
scenario_solver_26_trains_26_units15,True,00:00:09.6076939
scenario_solver_26_trains_26_units16,True,00:00:10.6923941
scenario_solver_26_trains_26_units17,True,00:00:11.4548740
scenario_solver_26_trains_26_units18,True,00:00:09.6009509
scenario_solver_27_trains_1_units23,True,00:00:12.3971010
scenario_solver_27_trains_1_units24,True,00:00:12.0645185
scenario_solver_27_trains_1_units25,True,00:00:14.3337450
scenario_solver_27_trains_1_units26,True,00:00:12.2811147
scenario_solver_27_trains_1_units27,True,00:00:12.1234458
scenario_solver_5_trains_5_units23,True,00:00:00.4754492
scenario_solver_5_trains_5_units24,True,00:00:00.5946711
scenario_solver_5_trains_5_units25,True,00:00:00.5522709
scenario_solver_5_trains_5_units26,True,00:00:00.5210509
scenario_solver_5_trains_5_units27,True,00:00:00.5734685
scenario_solver_26_trains_26_units1,True,00:00:08.0042177
scenario_solver_26_trains_26_units10,True,00:00:07.4815205
scenario_solver_26_trains_26_units11,True,00:00:06.2222410
scenario_solver_26_trains_26_units12,True,00:00:08.3626083
scenario_solver_26_trains_26_units13,True,00:00:08.0056033
scenario_solver_28_trains_10_units14,True,00:00:12.2955445
scenario_solver_28_trains_10_units15,True,00:00:10.7345569
scenario_solver_28_trains_10_units16,True,00:00:13.9211915
scenario_solver_28_trains_10_units17,True,00:00:10.6911640
scenario_solver_28_trains_10_units18,True,00:00:15.5177696
scenario_solver_33_trains_11_units1,True,00:00:29.9456698
scenario_solver_33_trains_11_units10,True,00:00:32.4119297
scenario_solver_33_trains_11_units11,True,00:00:57.3451362
scenario_solver_33_trains_11_units12,True,00:01:13.2020620
scenario_solver_33_trains_11_units13,True,00:00:55.0699421
scenario_solver_10_trains_5_units28,True,00:00:06.8621621
scenario_solver_10_trains_5_units29,True,00:00:03.4307845
scenario_solver_10_trains_5_units3,True,00:00:06.9555593
scenario_solver_10_trains_5_units30,True,00:00:03.6051549
scenario_solver_10_trains_5_units4,True,00:00:05.1269762
scenario_solver_28_trains_28_units23,True,00:00:08.2525775
scenario_solver_28_trains_28_units24,True,00:00:06.4594283
scenario_solver_28_trains_28_units25,True,00:00:09.2589902
scenario_solver_28_trains_28_units26,True,00:00:06.6597900
scenario_solver_28_trains_28_units27,True,00:00:10.4366485
scenario_solver_30_trains_1_units14,True,00:00:12.1212208
scenario_solver_30_trains_1_units15,True,00:00:16.2630952
scenario_solver_30_trains_1_units16,True,00:00:11.8950473
scenario_solver_30_trains_1_units17,True,00:00:15.5654588
scenario_solver_30_trains_1_units18,True,00:00:12.2307087
scenario_solver_31_trains_11_units14,True,00:00:14.8479340
scenario_solver_31_trains_11_units15,True,00:00:12.2314639
scenario_solver_31_trains_11_units16,True,00:00:36.6142219
scenario_solver_31_trains_11_units17,True,00:00:35.0353057
scenario_solver_31_trains_11_units18,True,00:00:42.9988373
scenario_solver_25_trains_1_units28,True,00:00:12.5149962
scenario_solver_25_trains_1_units29,True,00:00:12.5438224
scenario_solver_25_trains_1_units3,True,00:00:12.5583049
scenario_solver_25_trains_1_units30,True,00:00:12.5331595
scenario_solver_25_trains_1_units4,True,00:00:12.4687436
scenario_solver_29_trains_29_units14,True,00:00:08.6219267
scenario_solver_29_trains_29_units15,True,00:00:12.0935278
scenario_solver_29_trains_29_units16,True,00:00:12.9041241
scenario_solver_29_trains_29_units17,True,00:00:16.2542568
scenario_solver_29_trains_29_units18,True,00:00:43.0369857
scenario_solver_25_trains_9_units1,True,00:00:12.7494563
scenario_solver_25_trains_9_units10,True,00:00:11.1392288
scenario_solver_25_trains_9_units11,True,00:00:09.7544551
scenario_solver_25_trains_9_units12,True,00:00:12.0182431
scenario_solver_25_trains_9_units13,True,00:00:12.6297681
scenario_solver_25_trains_1_units14,True,00:00:12.6577455
scenario_solver_25_trains_1_units15,True,00:00:12.7398393
scenario_solver_25_trains_1_units16,True,00:00:12.6600775
scenario_solver_25_trains_1_units17,True,00:00:12.6191153
scenario_solver_25_trains_1_units18,True,00:00:12.7065604
scenario_solver_30_trains_30_units1,True,00:00:35.5038298
scenario_solver_30_trains_30_units10,True,00:00:12.4603779
scenario_solver_30_trains_30_units11,True,00:00:12.4264566
scenario_solver_30_trains_30_units12,True,00:00:09.4831807
scenario_solver_30_trains_30_units13,True,00:00:14.7387938
scenario_solver_15_trains_1_units1,True,00:00:04.9135751
scenario_solver_15_trains_1_units10,True,00:00:04.9070299
scenario_solver_15_trains_1_units11,True,00:00:04.8687349
scenario_solver_15_trains_1_units12,True,00:00:04.9277366
scenario_solver_15_trains_1_units13,True,00:00:04.9143766
scenario_solver_10_trains_5_units19,True,00:00:06.2918487
scenario_solver_10_trains_5_units2,True,00:00:06.2525114
scenario_solver_10_trains_5_units20,True,00:00:06.7453394
scenario_solver_10_trains_5_units21,True,00:00:05.6881839
scenario_solver_10_trains_5_units22,True,00:00:06.7127179
scenario_solver_29_trains_5_units1,True,00:00:15.2489729
scenario_solver_29_trains_5_units10,True,00:00:10.2017073
scenario_solver_29_trains_5_units11,True,00:00:10.9890897
scenario_solver_29_trains_5_units12,True,00:00:13.6472003
scenario_solver_29_trains_5_units13,True,00:00:17.9504368
scenario_solver_28_trains_1_units19,True,00:00:10.0105511
scenario_solver_28_trains_1_units2,True,00:00:10.3003411
scenario_solver_28_trains_1_units20,True,00:00:10.2301277
scenario_solver_28_trains_1_units21,True,00:00:10.3084381
scenario_solver_28_trains_1_units22,True,00:00:10.6641222
scenario_solver_26_trains_9_units5,True,00:00:12.2592417
scenario_solver_26_trains_9_units6,True,00:00:10.7505280
scenario_solver_26_trains_9_units7,True,00:00:15.6344666
scenario_solver_26_trains_9_units8,True,00:00:11.0323201
scenario_solver_26_trains_9_units9,True,00:00:09.3873879
scenario_solver_30_trains_1_units28,True,00:00:15.3443882
scenario_solver_30_trains_1_units29,True,00:00:15.3094737
scenario_solver_30_trains_1_units3,True,00:00:15.2260760
scenario_solver_30_trains_1_units30,True,00:00:15.4476276
scenario_solver_30_trains_1_units4,True,00:00:15.4920754
scenario_solver_29_trains_5_units19,True,00:00:13.8593304
scenario_solver_29_trains_5_units2,True,00:00:18.0753227
scenario_solver_29_trains_5_units20,True,00:00:17.2436662
scenario_solver_29_trains_5_units21,True,00:00:10.9012890
scenario_solver_29_trains_5_units22,True,00:00:12.8072195
scenario_solver_29_trains_29_units5,True,00:00:09.0205497
scenario_solver_29_trains_29_units6,True,00:00:06.2043180
scenario_solver_29_trains_29_units7,True,00:00:08.0362779
scenario_solver_29_trains_29_units8,True,00:00:32.8152868
scenario_solver_29_trains_29_units9,True,00:00:27.2012884
scenario_solver_28_trains_28_units5,True,00:00:09.0993768
scenario_solver_28_trains_28_units6,True,00:00:07.4438314
scenario_solver_28_trains_28_units7,True,00:00:10.3790807
scenario_solver_28_trains_28_units8,True,00:00:06.8936969
scenario_solver_28_trains_28_units9,True,00:00:13.0739485
scenario_solver_32_trains_11_units14,True,00:00:49.6763211
scenario_solver_32_trains_11_units15,True,00:01:11.9084366
scenario_solver_32_trains_11_units16,True,00:00:13.0363554
scenario_solver_32_trains_11_units17,True,00:01:07.7131843
scenario_solver_32_trains_11_units18,True,00:00:18.0533208
scenario_solver_10_trains_1_units19,True,00:00:03.2780819
scenario_solver_10_trains_1_units2,True,00:00:03.2366442
scenario_solver_10_trains_1_units20,True,00:00:03.2454047
scenario_solver_10_trains_1_units21,True,00:00:02.5776472
scenario_solver_10_trains_1_units22,True,00:00:02.6625037
scenario_solver_26_trains_5_units19,True,00:00:10.7336275
scenario_solver_26_trains_5_units2,True,00:00:10.8368437
scenario_solver_26_trains_5_units20,True,00:00:13.1479200
scenario_solver_26_trains_5_units21,True,00:00:10.7497041
scenario_solver_26_trains_5_units22,True,00:00:12.6440269
scenario_solver_30_trains_5_units14,True,00:00:13.6204561
scenario_solver_30_trains_5_units15,True,00:00:13.6942158
scenario_solver_30_trains_5_units16,True,00:00:11.7851191
scenario_solver_30_trains_5_units17,True,00:00:13.0407063
scenario_solver_30_trains_5_units18,True,00:00:15.7190618
scenario_solver_20_trains_1_units28,True,00:00:08.3473360
scenario_solver_20_trains_1_units29,True,00:00:08.1096714
scenario_solver_20_trains_1_units3,True,00:00:07.9437417
scenario_solver_20_trains_1_units30,True,00:00:08.3359140
scenario_solver_20_trains_1_units4,True,00:00:08.3740485
scenario_solver_26_trains_26_units5,True,00:00:10.7862308
scenario_solver_26_trains_26_units6,True,00:00:08.7917306
scenario_solver_26_trains_26_units7,True,00:00:08.5297129
scenario_solver_26_trains_26_units8,True,00:00:09.7607709
scenario_solver_26_trains_26_units9,True,00:00:09.6759071
scenario_solver_15_trains_1_units19,True,00:00:04.9041576
scenario_solver_15_trains_1_units2,True,00:00:04.9425514
scenario_solver_15_trains_1_units20,True,00:00:05.0691022
scenario_solver_15_trains_1_units21,True,00:00:05.0882039
scenario_solver_15_trains_1_units22,True,00:00:04.9180597
scenario_solver_33_trains_1_units14,True,00:01:06.5303204
scenario_solver_33_trains_1_units15,True,00:00:40.8752990
scenario_solver_33_trains_1_units16,True,00:00:55.7163363
scenario_solver_33_trains_1_units17,True,00:01:01.9469508
scenario_solver_33_trains_1_units18,True,00:00:59.7767661
scenario_solver_30_trains_10_units23,True,00:00:15.5241129
scenario_solver_30_trains_10_units24,True,00:00:13.2692913
scenario_solver_30_trains_10_units25,True,00:00:12.9816065
scenario_solver_30_trains_10_units26,True,00:00:16.7606670
scenario_solver_30_trains_10_units27,True,00:00:31.6781902
scenario_solver_29_trains_29_units23,True,00:00:24.1052346
scenario_solver_29_trains_29_units24,True,00:00:14.5234543
scenario_solver_29_trains_29_units25,True,00:00:07.0228038
scenario_solver_29_trains_29_units26,True,00:00:09.7782761
scenario_solver_29_trains_29_units27,True,00:00:08.4591502
scenario_solver_31_trains_5_units14,True,00:00:29.1303673
scenario_solver_31_trains_5_units15,True,00:00:15.6048563
scenario_solver_31_trains_5_units16,True,00:00:30.9486425
scenario_solver_31_trains_5_units17,True,00:00:16.0474380
scenario_solver_31_trains_5_units18,True,00:00:34.0954060
scenario_solver_29_trains_10_units14,True,00:00:14.6603317
scenario_solver_29_trains_10_units15,True,00:00:15.5202399
scenario_solver_29_trains_10_units16,True,00:00:13.0988190
scenario_solver_29_trains_10_units17,True,00:00:14.3104666
scenario_solver_29_trains_10_units18,True,00:00:12.2809506
scenario_solver_32_trains_32_units19,True,00:00:12.0042097
scenario_solver_32_trains_32_units2,True,00:00:09.8327990
scenario_solver_32_trains_32_units20,True,00:00:14.9619524
scenario_solver_32_trains_32_units21,True,00:00:08.1048922
scenario_solver_32_trains_32_units22,True,00:00:10.0619046
scenario_solver_30_trains_30_units14,True,00:00:11.1082988
scenario_solver_30_trains_30_units15,True,00:00:11.4341619
scenario_solver_30_trains_30_units16,True,00:00:08.8792218
scenario_solver_30_trains_30_units17,True,00:00:08.0478425
scenario_solver_30_trains_30_units18,True,00:00:17.9665130
scenario_solver_28_trains_10_units23,True,00:00:13.0334089
scenario_solver_28_trains_10_units24,True,00:00:11.9745118
scenario_solver_28_trains_10_units25,True,00:00:15.6200669
scenario_solver_28_trains_10_units26,True,00:00:19.2117114
scenario_solver_28_trains_10_units27,True,00:00:13.3758228
scenario_solver_15_trains_15_units28,True,00:00:02.3456761
scenario_solver_15_trains_15_units29,True,00:00:02.4949296
scenario_solver_15_trains_15_units3,True,00:00:02.1333338
scenario_solver_15_trains_15_units30,True,00:00:01.6338458
scenario_solver_15_trains_15_units4,True,00:00:03.0616834
scenario_solver_25_trains_25_units1,True,00:00:08.2171944
scenario_solver_25_trains_25_units10,True,00:00:07.4877255
scenario_solver_25_trains_25_units11,True,00:00:07.3435372
scenario_solver_25_trains_25_units12,True,00:00:08.7319676
scenario_solver_25_trains_25_units13,True,00:00:06.7697269
scenario_solver_20_trains_5_units19,True,00:00:07.6344501
scenario_solver_20_trains_5_units2,True,00:00:07.3629921
scenario_solver_20_trains_5_units20,True,00:00:07.2321819
scenario_solver_20_trains_5_units21,True,00:00:06.6720807
scenario_solver_20_trains_5_units22,True,00:00:07.8231768
scenario_solver_10_trains_4_units1,True,00:00:02.9986593
scenario_solver_10_trains_4_units10,True,00:00:03.9665652
scenario_solver_10_trains_4_units11,True,00:00:03.3638863
scenario_solver_10_trains_4_units12,True,00:00:03.2724004
scenario_solver_10_trains_4_units13,True,00:00:03.6383611
scenario_solver_31_trains_1_units28,True,00:00:15.2055830
scenario_solver_31_trains_1_units29,True,00:00:33.6719340
scenario_solver_31_trains_1_units3,True,00:00:14.4754212
scenario_solver_31_trains_1_units30,True,00:00:13.2939387
scenario_solver_31_trains_1_units4,True,00:00:13.2972168
scenario_solver_31_trains_5_units23,True,00:00:28.6971039
scenario_solver_31_trains_5_units24,True,00:00:31.6227782
scenario_solver_31_trains_5_units25,True,00:00:13.0369610
scenario_solver_31_trains_5_units26,True,00:00:11.6035726
scenario_solver_31_trains_5_units27,True,00:00:13.0704296
scenario_solver_29_trains_10_units23,True,00:00:14.5066764
scenario_solver_29_trains_10_units24,True,00:00:12.2307672
scenario_solver_29_trains_10_units25,True,00:00:12.3444168
scenario_solver_29_trains_10_units26,True,00:00:12.0383063
scenario_solver_29_trains_10_units27,True,00:00:11.0720790
scenario_solver_31_trains_11_units28,True,00:00:15.4833918
scenario_solver_31_trains_11_units29,True,00:00:26.6973258
scenario_solver_31_trains_11_units3,True,00:00:26.1618209
scenario_solver_31_trains_11_units30,True,00:00:14.9673922
scenario_solver_31_trains_11_units4,True,00:00:35.9176868
scenario_solver_26_trains_26_units19,True,00:00:07.7004304
scenario_solver_26_trains_26_units2,True,00:00:09.0237971
scenario_solver_26_trains_26_units20,True,00:00:06.8029141
scenario_solver_26_trains_26_units21,True,00:00:07.5636815
scenario_solver_26_trains_26_units22,True,00:00:10.9170677
scenario_solver_28_trains_28_units28,True,00:00:11.2809492
scenario_solver_28_trains_28_units29,True,00:00:06.3327871
scenario_solver_28_trains_28_units3,True,00:00:08.7942593
scenario_solver_28_trains_28_units30,True,00:00:07.9225051
scenario_solver_28_trains_28_units4,True,00:00:09.5103050
scenario_solver_33_trains_11_units5,True,00:00:30.4255697
scenario_solver_33_trains_11_units6,True,00:00:56.4658702
scenario_solver_33_trains_11_units7,True,00:01:20.2561823
scenario_solver_33_trains_11_units8,True,00:00:22.6752860
scenario_solver_33_trains_11_units9,True,00:00:15.0617612
scenario_solver_29_trains_1_units14,True,00:00:09.6579702
scenario_solver_29_trains_1_units15,True,00:00:09.7723306
scenario_solver_29_trains_1_units16,True,00:00:09.7595478
scenario_solver_29_trains_1_units17,True,00:00:13.6185254
scenario_solver_29_trains_1_units18,True,00:00:09.7609564
scenario_solver_5_trains_5_units5,True,00:00:00.6375336
scenario_solver_5_trains_5_units6,True,00:00:00.6004874
scenario_solver_5_trains_5_units7,True,00:00:00.7456869
scenario_solver_5_trains_5_units8,True,00:00:00.6374011
scenario_solver_5_trains_5_units9,True,00:00:00.6558938
scenario_solver_10_trains_5_units23,True,00:00:04.5849639
scenario_solver_10_trains_5_units24,True,00:00:05.6226419
scenario_solver_10_trains_5_units25,True,00:00:06.9449107
scenario_solver_10_trains_5_units26,True,00:00:06.3850737
scenario_solver_10_trains_5_units27,True,00:00:07.6448714
scenario_solver_26_trains_1_units14,True,00:00:11.6337259
scenario_solver_26_trains_1_units15,True,00:00:11.7727467
scenario_solver_26_trains_1_units16,True,00:00:11.8623778
scenario_solver_26_trains_1_units17,True,00:00:11.8609389
scenario_solver_26_trains_1_units18,True,00:00:12.7353901
scenario_solver_15_trains_5_units19,True,00:00:04.3915212
scenario_solver_15_trains_5_units2,True,00:00:05.6432326
scenario_solver_15_trains_5_units20,True,00:00:04.8731656
scenario_solver_15_trains_5_units21,True,00:00:04.8260662
scenario_solver_15_trains_5_units22,True,00:00:06.3517489
scenario_solver_26_trains_9_units28,True,00:00:12.8529078
scenario_solver_26_trains_9_units29,True,00:00:10.9672114
scenario_solver_26_trains_9_units3,True,00:00:12.9547954
scenario_solver_26_trains_9_units30,True,00:00:12.3017051
scenario_solver_26_trains_9_units4,True,00:00:14.4882868
scenario_solver_31_trains_5_units5,True,00:00:11.3952286
scenario_solver_31_trains_5_units6,True,00:00:12.1278616
scenario_solver_31_trains_5_units7,True,00:00:13.5115701
scenario_solver_31_trains_5_units8,True,00:00:21.3355163
scenario_solver_31_trains_5_units9,True,00:00:17.5757120
scenario_solver_25_trains_25_units5,True,00:00:08.0087720
scenario_solver_25_trains_25_units6,True,00:00:06.5418295
scenario_solver_25_trains_25_units7,True,00:00:08.3415175
scenario_solver_25_trains_25_units8,True,00:00:07.6978269
scenario_solver_25_trains_25_units9,True,00:00:08.3953208
scenario_solver_20_trains_20_units5,True,00:00:04.5121072
scenario_solver_20_trains_20_units6,True,00:00:04.5284992
scenario_solver_20_trains_20_units7,True,00:00:04.5031299
scenario_solver_20_trains_20_units8,True,00:00:04.6716088
scenario_solver_20_trains_20_units9,True,00:00:05.4101377
scenario_solver_5_trains_5_units1,True,00:00:00.7275329
scenario_solver_5_trains_5_units10,True,00:00:00.7027773
scenario_solver_5_trains_5_units11,True,00:00:00.6331631
scenario_solver_5_trains_5_units12,True,00:00:00.6569783
scenario_solver_5_trains_5_units13,True,00:00:00.6881803
scenario_solver_25_trains_5_units5,True,00:00:12.4073780
scenario_solver_25_trains_5_units6,True,00:00:10.5572277
scenario_solver_25_trains_5_units7,True,00:00:11.4739285
scenario_solver_25_trains_5_units8,True,00:00:09.5629902
scenario_solver_25_trains_5_units9,True,00:00:11.9905799
scenario_solver_26_trains_9_units19,True,00:00:13.1953455
scenario_solver_26_trains_9_units2,True,00:00:10.5159374
scenario_solver_26_trains_9_units20,True,00:00:11.6221523
scenario_solver_26_trains_9_units21,True,00:00:13.0206793
scenario_solver_26_trains_9_units22,True,00:00:12.3394009
scenario_solver_32_trains_1_units5,True,00:00:59.8289087
scenario_solver_32_trains_1_units6,True,00:00:25.1966184
scenario_solver_32_trains_1_units7,True,00:00:34.6257318
scenario_solver_32_trains_1_units8,True,00:00:23.8358724
scenario_solver_32_trains_1_units9,True,00:01:07.6744953
scenario_solver_20_trains_7_units14,True,00:00:09.1601717
scenario_solver_20_trains_7_units15,True,00:00:07.1262926
scenario_solver_20_trains_7_units16,True,00:00:09.2680327
scenario_solver_20_trains_7_units17,True,00:00:07.1260549
scenario_solver_20_trains_7_units18,True,00:00:07.2368954
