filename,found,endtime,computation_time
scenario_solver_20_trains_5_units13,True,5160,5.520665645599365
scenario_solver_20_trains_5_units19,True,4800,3.744422197341919
scenario_solver_20_trains_5_units4,True,6000,5.147440671920776
scenario_solver_20_trains_5_units1,True,5520,4.431155681610107
scenario_solver_20_trains_5_units4,True,5880,6.383996248245239
scenario_solver_20_trains_5_units5,True,5400,4.036050796508789
scenario_solver_20_trains_5_units23,True,6000,5.1511101722717285
scenario_solver_20_trains_5_units14,True,5040,6.077973127365112
scenario_solver_20_trains_5_units21,True,5160,5.540155410766602
scenario_solver_20_trains_5_units11,True,5880,3.9519078731536865
scenario_solver_20_trains_5_units17,True,5280,5.121990442276001
scenario_solver_20_trains_5_units29,True,5040,4.341381549835205
scenario_solver_20_trains_5_units13,True,4800,5.0956902503967285
scenario_solver_20_trains_5_units12,True,4920,3.3401951789855957
scenario_solver_20_trains_5_units29,True,5520,6.886936902999878
scenario_solver_20_trains_5_units7,True,5400,5.096455812454224
scenario_solver_20_trains_5_units20,True,4920,5.880635023117065
scenario_solver_20_trains_5_units10,True,5760,6.39188027381897
scenario_solver_20_trains_5_units1,True,6000,5.520421028137207
scenario_solver_20_trains_5_units27,True,5160,3.8500442504882812
scenario_solver_20_trains_5_units23,True,5760,4.96480917930603
scenario_solver_20_trains_5_units5,True,5760,4.909446954727173
scenario_solver_20_trains_5_units26,True,5760,4.666633367538452
scenario_solver_20_trains_5_units20,True,5520,5.037667512893677
scenario_solver_20_trains_5_units15,True,5520,4.089814901351929
scenario_solver_20_trains_5_units10,True,5520,6.623356342315674
scenario_solver_20_trains_5_units7,True,5880,4.167788028717041
scenario_solver_20_trains_5_units23,True,5880,2.6660237312316895
scenario_solver_20_trains_5_units5,True,4920,5.3177642822265625
scenario_solver_20_trains_5_units12,True,6000,4.50808048248291
scenario_solver_20_trains_5_units27,True,5280,3.4516568183898926
scenario_solver_20_trains_5_units8,True,6000,5.161007881164551
scenario_solver_20_trains_5_units28,True,4920,5.19877815246582
scenario_solver_20_trains_5_units26,True,5640,4.634084224700928
scenario_solver_20_trains_5_units19,True,5760,10.84238862991333
scenario_solver_20_trains_5_units2,True,5040,7.580589771270752
scenario_solver_20_trains_5_units8,True,5760,4.8628435134887695
scenario_solver_20_trains_5_units7,True,5160,5.024677276611328
scenario_solver_20_trains_5_units13,True,5640,4.7324371337890625
scenario_solver_20_trains_5_units24,True,4800,8.891601800918579
scenario_solver_20_trains_5_units13,True,4920,5.247043609619141
scenario_solver_20_trains_5_units30,True,5760,3.5402767658233643
scenario_solver_20_trains_5_units4,True,5280,12.476896524429321
scenario_solver_20_trains_5_units3,True,5400,7.995270252227783
scenario_solver_20_trains_5_units4,True,4800,4.283769845962524
scenario_solver_20_trains_5_units14,True,5520,3.5983316898345947
scenario_solver_20_trains_5_units27,True,6000,8.052400350570679
scenario_solver_20_trains_5_units19,True,5400,4.479342222213745
scenario_solver_20_trains_5_units23,True,5040,5.819007873535156
scenario_solver_20_trains_5_units8,True,5640,4.859983682632446
scenario_solver_20_trains_5_units13,True,5520,4.195580005645752
scenario_solver_20_trains_5_units28,True,5040,4.811774492263794
scenario_solver_20_trains_5_units2,True,5280,369.89549136161804
scenario_solver_20_trains_5_units20,True,5400,4.371259927749634
scenario_solver_20_trains_5_units6,True,5640,8.213457345962524
scenario_solver_20_trains_5_units18,True,5760,6.498453855514526
scenario_solver_20_trains_5_units17,True,4920,6.3125433921813965
scenario_solver_20_trains_5_units21,True,5520,10.943643569946289
scenario_solver_20_trains_5_units26,True,5520,4.466195106506348
scenario_solver_20_trains_5_units11,True,5400,5.495542049407959
scenario_solver_20_trains_5_units21,True,5400,4.63013219833374
scenario_solver_20_trains_5_units16,True,6000,4.173186779022217
scenario_solver_20_trains_5_units24,True,5880,4.853356122970581
scenario_solver_20_trains_5_units3,True,6000,6.91154932975769
scenario_solver_20_trains_5_units11,True,5160,3.9131338596343994
scenario_solver_20_trains_5_units9,True,4920,6.2631189823150635
scenario_solver_20_trains_5_units4,True,4920,6.40544319152832
scenario_solver_20_trains_5_units20,True,5280,7.581807613372803
scenario_solver_20_trains_5_units25,True,6000,7.061431169509888
scenario_solver_20_trains_5_units28,True,5160,5.019667148590088
scenario_solver_20_trains_5_units30,True,5880,3.5880672931671143
scenario_solver_20_trains_5_units29,True,5760,4.076839923858643
scenario_solver_20_trains_5_units18,True,5160,5.854432106018066
scenario_solver_20_trains_5_units4,True,5640,5.366657972335815
scenario_solver_20_trains_5_units16,True,4800,6.438071966171265
scenario_solver_20_trains_5_units6,True,4800,3.6096246242523193
scenario_solver_20_trains_5_units21,True,5760,7.210506916046143
scenario_solver_20_trains_5_units28,True,5280,3.893787384033203
scenario_solver_20_trains_5_units17,True,4800,4.295864582061768
scenario_solver_20_trains_5_units28,True,5880,5.701349258422852
scenario_solver_20_trains_5_units16,True,4920,4.626651287078857
scenario_solver_20_trains_5_units16,True,5880,5.971445322036743
scenario_solver_20_trains_5_units13,True,6000,3.263495683670044
scenario_solver_20_trains_5_units28,True,5760,9.018349647521973
scenario_solver_20_trains_5_units27,True,5400,4.047909259796143
scenario_solver_20_trains_5_units22,True,4920,7.506543159484863
scenario_solver_20_trains_5_units17,True,5640,10.671369314193726
scenario_solver_20_trains_5_units11,True,5520,3.8714447021484375
scenario_solver_20_trains_5_units1,True,5280,7.188177108764648
scenario_solver_20_trains_5_units11,True,5760,4.567951679229736
scenario_solver_20_trains_5_units26,True,5280,6.100944757461548
scenario_solver_20_trains_5_units26,True,4800,7.536041021347046
scenario_solver_20_trains_5_units20,True,5640,9.692994832992554
scenario_solver_20_trains_5_units23,True,5640,6.02669358253479
scenario_solver_20_trains_5_units15,True,5760,5.667134523391724
scenario_solver_20_trains_5_units9,True,5640,3.5665767192840576
scenario_solver_20_trains_5_units12,True,5760,3.536756753921509
scenario_solver_20_trains_5_units18,True,4920,8.139865636825562
scenario_solver_20_trains_5_units17,True,5520,6.4467689990997314
scenario_solver_20_trains_5_units1,True,4920,3.1495742797851562
scenario_solver_20_trains_5_units4,True,5040,6.709508180618286
scenario_solver_20_trains_5_units4,True,5400,6.724921941757202
scenario_solver_20_trains_5_units16,True,5160,4.406466245651245
scenario_solver_20_trains_5_units2,True,5760,17.84527039527893
scenario_solver_20_trains_5_units19,True,5280,11.971122741699219
scenario_solver_20_trains_5_units17,True,5040,5.486119508743286
scenario_solver_20_trains_5_units10,True,5640,4.858074188232422
scenario_solver_20_trains_5_units1,True,5160,4.934749603271484
scenario_solver_20_trains_5_units7,True,5640,14.522329807281494
scenario_solver_20_trains_5_units23,True,5400,6.530452013015747
scenario_solver_20_trains_5_units9,True,5880,4.354547023773193
scenario_solver_20_trains_5_units4,True,5520,11.14683485031128
scenario_solver_20_trains_5_units24,True,4920,8.532281637191772
scenario_solver_20_trains_5_units17,True,6000,3.9519901275634766
scenario_solver_20_trains_5_units15,True,5160,4.360297918319702
scenario_solver_20_trains_5_units27,True,5880,5.360720157623291
scenario_solver_20_trains_5_units30,True,4920,8.21582579612732
scenario_solver_20_trains_5_units14,True,5640,4.857953786849976
scenario_solver_20_trains_5_units28,True,5400,5.158228874206543
scenario_solver_20_trains_5_units24,True,5160,14.824574947357178
scenario_solver_20_trains_5_units30,True,5640,8.976795673370361
scenario_solver_20_trains_5_units6,True,5280,6.540239334106445
scenario_solver_20_trains_5_units24,True,5400,4.369684457778931
scenario_solver_20_trains_5_units8,True,5160,7.464664697647095
scenario_solver_20_trains_5_units15,True,4920,5.763285875320435
scenario_solver_20_trains_5_units18,True,5400,4.982605934143066
scenario_solver_20_trains_5_units26,True,5400,3.7411060333251953
scenario_solver_20_trains_5_units2,True,5520,4.724370956420898
scenario_solver_20_trains_5_units29,True,5400,12.0455961227417
scenario_solver_20_trains_5_units15,True,5040,4.618597507476807
scenario_solver_20_trains_5_units7,True,5280,5.116502046585083
scenario_solver_20_trains_5_units28,True,6000,4.59881854057312
scenario_solver_20_trains_5_units22,True,6000,11.293338060379028
scenario_solver_20_trains_5_units21,True,5040,5.9656805992126465
scenario_solver_20_trains_5_units19,True,5640,6.131544589996338
scenario_solver_20_trains_5_units3,True,5640,5.843908309936523
scenario_solver_20_trains_5_units8,True,5880,5.067086458206177
scenario_solver_20_trains_5_units29,True,5880,4.76676607131958
scenario_solver_20_trains_5_units24,True,6000,4.010678768157959
scenario_solver_20_trains_5_units1,True,4800,6.344836235046387
scenario_solver_20_trains_5_units6,True,5040,3.323420763015747
scenario_solver_20_trains_5_units3,True,5760,5.369078874588013
scenario_solver_20_trains_5_units29,True,5160,8.370474576950073
scenario_solver_20_trains_5_units23,True,5160,6.033106803894043
scenario_solver_20_trains_5_units6,True,5760,4.710030794143677
scenario_solver_20_trains_5_units9,True,4800,6.691450595855713
scenario_solver_20_trains_5_units10,True,5160,31.446083784103394
scenario_solver_20_trains_5_units22,True,5280,7.153569221496582
scenario_solver_20_trains_5_units6,True,5400,4.34683084487915
scenario_solver_20_trains_5_units12,True,5880,4.366099834442139
scenario_solver_20_trains_5_units18,True,5880,5.451168537139893
scenario_solver_20_trains_5_units3,True,5280,6.751443386077881
scenario_solver_20_trains_5_units25,True,5160,4.201388835906982
scenario_solver_20_trains_5_units22,True,5520,6.163995981216431
scenario_solver_20_trains_5_units6,True,6000,6.59578537940979
scenario_solver_20_trains_5_units8,True,5040,9.846209526062012
scenario_solver_20_trains_5_units1,True,5640,4.49843692779541
scenario_solver_20_trains_5_units26,True,5040,6.273771524429321
scenario_solver_20_trains_5_units17,True,5760,3.7759978771209717
scenario_solver_20_trains_5_units6,True,4920,4.733332872390747
scenario_solver_20_trains_5_units4,True,5760,7.687163591384888
scenario_solver_20_trains_5_units5,True,5280,8.622617483139038
scenario_solver_20_trains_5_units12,True,5400,4.632853269577026
scenario_solver_20_trains_5_units14,True,5160,6.924097061157227
scenario_solver_20_trains_5_units3,True,5520,4.798099040985107
scenario_solver_20_trains_5_units7,True,5520,6.7088563442230225
scenario_solver_20_trains_5_units10,True,6000,4.2181007862091064
scenario_solver_20_trains_5_units14,True,5760,4.3210484981536865
scenario_solver_20_trains_5_units6,True,5160,5.0578930377960205
scenario_solver_20_trains_5_units14,True,4920,4.234302759170532
scenario_solver_20_trains_5_units30,True,5160,4.191565036773682
scenario_solver_20_trains_5_units29,True,6000,5.02464485168457
scenario_solver_20_trains_5_units19,True,5880,4.3462913036346436
scenario_solver_20_trains_5_units7,True,6000,6.252762794494629
scenario_solver_20_trains_5_units25,True,5760,4.343249559402466
scenario_solver_20_trains_5_units1,True,5040,5.718110799789429
scenario_solver_20_trains_5_units2,True,5880,5.725977897644043
scenario_solver_20_trains_5_units25,True,5040,5.905099630355835
scenario_solver_20_trains_5_units2,True,5160,8.008966445922852
scenario_solver_20_trains_5_units8,True,5520,4.092278003692627
scenario_solver_20_trains_5_units13,True,5760,9.35817003250122
scenario_solver_20_trains_5_units24,True,5280,3.5611326694488525
scenario_solver_20_trains_5_units30,True,5400,3.8086249828338623
scenario_solver_20_trains_5_units13,True,5400,7.777215957641602
scenario_solver_20_trains_5_units23,True,4800,4.127554178237915
scenario_solver_20_trains_5_units2,True,4800,8.299087285995483
scenario_solver_20_trains_5_units5,True,6000,4.599036455154419
scenario_solver_20_trains_5_units9,True,6000,5.088074684143066
scenario_solver_20_trains_5_units3,True,5160,5.493779897689819
scenario_solver_20_trains_5_units22,True,5880,6.793972015380859
scenario_solver_20_trains_5_units5,True,5160,7.794912576675415
scenario_solver_20_trains_5_units18,True,5520,3.7902567386627197
scenario_solver_20_trains_5_units22,True,5760,4.5248863697052
scenario_solver_20_trains_5_units30,True,5040,5.832333564758301
scenario_solver_20_trains_5_units16,True,5400,10.774848461151123
scenario_solver_20_trains_5_units25,True,4920,4.798747301101685
scenario_solver_20_trains_5_units16,True,5520,4.235183238983154
scenario_solver_20_trains_5_units10,True,5400,8.378225088119507
scenario_solver_20_trains_5_units1,True,5880,5.507172584533691
scenario_solver_20_trains_5_units7,True,4920,6.5115647315979
scenario_solver_20_trains_5_units25,True,5280,3.871049165725708
scenario_solver_20_trains_5_units26,True,5160,3.5846946239471436
scenario_solver_20_trains_5_units5,True,5040,5.370630741119385
scenario_solver_20_trains_5_units10,True,5280,3.9104881286621094
scenario_solver_20_trains_5_units14,True,5880,3.868156671524048
scenario_solver_20_trains_5_units2,True,4920,5.2475669384002686
scenario_solver_20_trains_5_units28,True,5640,4.828160047531128
scenario_solver_20_trains_5_units8,True,5400,22.436370134353638
scenario_solver_20_trains_5_units29,True,4800,4.144094228744507
scenario_solver_20_trains_5_units24,True,5640,3.9722445011138916
scenario_solver_20_trains_5_units20,True,5880,5.075289726257324
scenario_solver_20_trains_5_units19,True,5520,4.052416086196899
scenario_solver_20_trains_5_units11,True,5640,5.294010162353516
scenario_solver_20_trains_5_units18,True,5040,5.552923202514648
scenario_solver_20_trains_5_units12,True,5280,3.258423328399658
scenario_solver_20_trains_5_units21,True,4800,6.086304664611816
scenario_solver_20_trains_5_units21,True,5880,5.4622180461883545
scenario_solver_20_trains_5_units2,True,5640,9.449830293655396
scenario_solver_20_trains_5_units20,True,5160,7.2750325202941895
scenario_solver_20_trains_5_units20,True,4800,4.749937295913696
scenario_solver_20_trains_5_units23,True,5280,10.599827766418457
scenario_solver_20_trains_5_units12,True,5640,6.811545372009277
scenario_solver_20_trains_5_units6,True,5880,5.606121063232422
scenario_solver_20_trains_5_units24,True,5520,3.8339459896087646
scenario_solver_20_trains_5_units21,True,6000,4.903337478637695
scenario_solver_20_trains_5_units2,True,5400,6.909368991851807
scenario_solver_20_trains_5_units15,True,5400,5.249814987182617
scenario_solver_20_trains_5_units10,True,5880,7.155214309692383
scenario_solver_20_trains_5_units24,True,5760,4.705333471298218
scenario_solver_20_trains_5_units29,True,5640,4.006103515625
scenario_solver_20_trains_5_units27,True,4800,5.272798776626587
scenario_solver_20_trains_5_units24,True,5040,12.695324420928955
scenario_solver_20_trains_5_units26,True,6000,5.510648488998413
scenario_solver_20_trains_5_units17,True,5400,5.234320640563965
scenario_solver_20_trains_5_units21,True,4920,6.962052822113037
scenario_solver_20_trains_5_units8,True,4800,5.882790565490723
scenario_solver_20_trains_5_units17,True,5880,3.8634839057922363
scenario_solver_20_trains_5_units18,True,4800,4.0332350730896
scenario_solver_20_trains_5_units9,True,5160,4.504178285598755
scenario_solver_20_trains_5_units11,True,6000,6.11586332321167
scenario_solver_20_trains_5_units14,True,6000,7.855883359909058
scenario_solver_20_trains_5_units8,True,4920,11.427998781204224
scenario_solver_20_trains_5_units20,True,5040,12.42578125
scenario_solver_20_trains_5_units12,True,5040,4.01050591468811
scenario_solver_20_trains_5_units16,True,5640,1505.6143066883087
scenario_solver_20_trains_5_units5,True,5640,9.043706178665161
scenario_solver_20_trains_5_units27,True,5520,3.604848623275757
scenario_solver_20_trains_5_units30,True,5280,3.1189510822296143
scenario_solver_20_trains_5_units3,True,5040,4.270414113998413
scenario_solver_20_trains_5_units7,True,4800,8.222829103469849
scenario_solver_20_trains_5_units13,True,5280,9.308632373809814
scenario_solver_20_trains_5_units25,True,5880,5.665403127670288
scenario_solver_20_trains_5_units15,True,6000,3.606983184814453
scenario_solver_20_trains_5_units9,True,5760,4.313646078109741
scenario_solver_20_trains_5_units26,True,4920,13.2695152759552
scenario_solver_20_trains_5_units28,True,4800,4.267261028289795
scenario_solver_20_trains_5_units20,True,5760,4.473131895065308
scenario_solver_20_trains_5_units12,True,5520,4.749089241027832
scenario_solver_20_trains_5_units11,True,5280,5.865644931793213
scenario_solver_20_trains_5_units22,True,4800,3.8296210765838623
scenario_solver_20_trains_5_units19,True,5160,6.657006025314331
scenario_solver_20_trains_5_units25,True,5640,5.532641172409058
scenario_solver_20_trains_5_units6,True,5520,4.557147741317749
scenario_solver_20_trains_5_units3,True,4920,7.864254474639893
scenario_solver_20_trains_5_units25,True,4800,4.639684200286865
scenario_solver_20_trains_5_units10,True,4800,5.322954893112183
scenario_solver_20_trains_5_units27,True,5760,4.6648736000061035
scenario_solver_20_trains_5_units13,True,5040,3.756620168685913
scenario_solver_20_trains_5_units30,True,5520,5.024656295776367
scenario_solver_20_trains_5_units9,True,5400,6.426051616668701
scenario_solver_20_trains_5_units22,True,5400,33.95618152618408
scenario_solver_20_trains_5_units25,True,5520,2.831249713897705
scenario_solver_20_trains_5_units7,True,5760,4.737200498580933
scenario_solver_20_trains_5_units30,True,6000,3.775449752807617
scenario_solver_20_trains_5_units1,True,5400,4.953908920288086
scenario_solver_20_trains_5_units11,True,5040,8.343356609344482
scenario_solver_20_trains_5_units15,True,4800,6.078095436096191
scenario_solver_20_trains_5_units20,True,6000,5.206991195678711
scenario_solver_20_trains_5_units19,True,4920,7.473161220550537
scenario_solver_20_trains_5_units23,True,5520,5.854154825210571
scenario_solver_20_trains_5_units23,True,4920,5.74833869934082
scenario_solver_20_trains_5_units17,True,5160,4.38111138343811
scenario_solver_20_trains_5_units11,True,4920,8.984703540802002
scenario_solver_20_trains_5_units18,True,5280,8.30571722984314
scenario_solver_20_trains_5_units9,True,5280,10.606570720672607
scenario_solver_20_trains_5_units26,True,5880,5.468397378921509
scenario_solver_20_trains_5_units5,True,5520,4.139561653137207
scenario_solver_20_trains_5_units16,True,5760,4.158167600631714
scenario_solver_20_trains_5_units15,True,5640,6.591989040374756
scenario_solver_20_trains_5_units9,True,5040,4.782080888748169
scenario_solver_20_trains_5_units27,True,5640,4.54193902015686
scenario_solver_20_trains_5_units4,True,5160,18.508607625961304
scenario_solver_20_trains_5_units29,True,5280,4.746594429016113
scenario_solver_20_trains_5_units29,True,4920,7.840467691421509
scenario_solver_20_trains_5_units14,True,5400,4.632430791854858
scenario_solver_20_trains_5_units10,True,5040,4.224230527877808
scenario_solver_20_trains_5_units22,True,5640,4.457517623901367
scenario_solver_20_trains_5_units19,True,6000,5.921674728393555
scenario_solver_20_trains_5_units21,True,5280,5.232412815093994
scenario_solver_20_trains_5_units12,True,5160,6.067377328872681
scenario_solver_20_trains_5_units14,True,5280,8.80691123008728
scenario_solver_20_trains_5_units30,True,4800,7.952368974685669
scenario_solver_20_trains_5_units9,True,5520,4.063401222229004
scenario_solver_20_trains_5_units18,True,6000,6.2070698738098145
scenario_solver_20_trains_5_units10,True,4920,7.353416204452515
scenario_solver_20_trains_5_units15,True,5880,5.075075626373291
scenario_solver_20_trains_5_units5,True,4800,8.736206769943237
scenario_solver_20_trains_5_units13,True,5880,4.402308464050293
scenario_solver_20_trains_5_units12,True,4800,3.7526538372039795
scenario_solver_20_trains_5_units28,True,5520,5.0280373096466064
scenario_solver_20_trains_5_units22,True,5040,3.965127944946289
scenario_solver_20_trains_5_units2,True,6000,3.3964920043945312
scenario_solver_20_trains_5_units5,True,5880,6.347655534744263
scenario_solver_20_trains_5_units25,True,5400,3.8987197875976562
scenario_solver_20_trains_5_units22,True,5160,4.717068433761597
scenario_solver_20_trains_5_units16,True,5280,5.911268711090088
scenario_solver_20_trains_5_units8,True,5280,4.532414197921753
scenario_solver_20_trains_5_units3,True,4800,4.015913724899292
scenario_solver_20_trains_5_units18,True,5640,3.9711530208587646
scenario_solver_20_trains_5_units11,True,4800,3.679947853088379
scenario_solver_20_trains_5_units16,True,5040,3.9846208095550537
scenario_solver_20_trains_5_units19,True,5040,3.8184783458709717
scenario_solver_20_trains_5_units3,True,5880,4.8507819175720215
scenario_solver_20_trains_5_units27,True,5040,6.250899076461792
scenario_solver_20_trains_5_units21,True,5640,9.363157749176025
scenario_solver_20_trains_5_units1,True,5760,5.308361768722534
