filename,found,computation_time
scenario_solver_32_trains_5_units19,True,32.194000244140625
scenario_solver_30_trains_1_units16,True,34.86364984512329
scenario_solver_5_trains_1_units17,True,1.1804685592651367
scenario_solver_25_trains_9_units9,True,20.39097762107849
scenario_solver_27_trains_9_units12,True,28.653156518936157
scenario_solver_30_trains_10_units4,True,66.93394637107849
scenario_solver_20_trains_7_units15,True,13.659513235092163
scenario_solver_10_trains_5_units25,True,2.8078203201293945
scenario_solver_25_trains_5_units20,True,16.30424475669861
scenario_solver_20_trains_20_units6,True,13.992040395736694
scenario_solver_26_trains_9_units22,True,14.749584674835205
scenario_solver_28_trains_5_units14,True,26.976402759552002
scenario_solver_30_trains_30_units3,True,25.38550066947937
scenario_solver_30_trains_30_units19,True,75.23651194572449
scenario_solver_5_trains_5_units5,True,1.062847375869751
scenario_solver_31_trains_5_units28,True,41.63096237182617
scenario_solver_20_trains_1_units19,True,13.769842386245728
scenario_solver_30_trains_1_units9,True,39.91762948036194
scenario_solver_20_trains_1_units28,True,17.752307653427124
scenario_solver_29_trains_5_units29,True,35.68592286109924
scenario_solver_20_trains_20_units26,True,14.006927251815796
scenario_solver_25_trains_1_units12,True,20.08566117286682
scenario_solver_25_trains_9_units28,True,19.78756618499756
scenario_solver_30_trains_10_units14,True,20.478156566619873
scenario_solver_30_trains_10_units11,True,20.60532283782959
scenario_solver_28_trains_1_units5,True,36.85809683799744
scenario_solver_25_trains_5_units26,True,30.765085697174072
scenario_solver_33_trains_1_units4,True,112.83516454696655
scenario_solver_29_trains_5_units3,True,35.831443071365356
scenario_solver_20_trains_7_units10,True,16.805901527404785
scenario_solver_26_trains_9_units13,True,25.403430223464966
scenario_solver_29_trains_1_units11,True,33.4305214881897
scenario_solver_20_trains_20_units23,True,14.153754711151123
scenario_solver_26_trains_9_units9,True,24.527705192565918
scenario_solver_25_trains_1_units26,True,24.592777252197266
scenario_solver_30_trains_1_units21,True,30.769681215286255
scenario_solver_27_trains_1_units19,True,38.04006552696228
scenario_solver_25_trains_5_units27,True,22.64780354499817
scenario_solver_30_trains_5_units2,True,55.031014919281006
scenario_solver_28_trains_10_units29,True,25.710010290145874
scenario_solver_25_trains_1_units27,True,32.57383966445923
scenario_solver_26_trains_5_units25,True,20.651377201080322
scenario_solver_20_trains_20_units15,True,13.968495845794678
scenario_solver_20_trains_5_units13,True,10.610460996627808
scenario_solver_27_trains_9_units7,True,20.50102925300598
scenario_solver_5_trains_2_units11,True,1.0472633838653564
scenario_solver_25_trains_25_units16,True,18.593718767166138
scenario_solver_15_trains_1_units5,True,10.076755046844482
scenario_solver_28_trains_28_units3,True,27.586677074432373
scenario_solver_5_trains_1_units3,True,1.0171706676483154
scenario_solver_32_trains_1_units8,True,44.197304487228394
scenario_solver_5_trains_2_units28,True,1.1788346767425537
scenario_solver_5_trains_5_units16,True,1.2023048400878906
scenario_solver_10_trains_1_units10,True,2.6375343799591064
scenario_solver_20_trains_7_units30,True,10.206952571868896
scenario_solver_10_trains_5_units2,True,2.1837892532348633
scenario_solver_31_trains_1_units27,True,39.01936745643616
scenario_solver_33_trains_1_units16,True,194.58050417900085
scenario_solver_29_trains_29_units2,True,42.96220660209656
scenario_solver_30_trains_1_units30,True,44.774659872055054
scenario_solver_27_trains_27_units12,True,53.006752729415894
scenario_solver_15_trains_15_units1,True,4.149881362915039
scenario_solver_28_trains_1_units23,True,22.071046590805054
scenario_solver_25_trains_25_units27,True,16.453237056732178
scenario_solver_26_trains_9_units7,True,24.19457983970642
scenario_solver_29_trains_1_units4,True,33.005695819854736
scenario_solver_10_trains_5_units19,True,2.161550760269165
scenario_solver_25_trains_25_units6,True,19.89009189605713
scenario_solver_20_trains_5_units8,True,10.42594575881958
scenario_solver_28_trains_5_units12,True,29.866166353225708
scenario_solver_28_trains_1_units29,True,31.29396891593933
scenario_solver_30_trains_30_units5,True,477.8771810531616
scenario_solver_32_trains_1_units17,True,43.56864643096924
scenario_solver_20_trains_20_units7,True,13.944294691085815
scenario_solver_26_trains_26_units4,True,23.29204249382019
scenario_solver_30_trains_30_units8,True,80.66903018951416
scenario_solver_28_trains_5_units18,True,27.03621220588684
scenario_solver_27_trains_5_units3,True,27.446155548095703
scenario_solver_10_trains_10_units21,True,2.630213975906372
scenario_solver_29_trains_10_units4,True,38.62745547294617
scenario_solver_30_trains_5_units26,True,30.50239133834839
scenario_solver_20_trains_5_units10,True,13.890115976333618
scenario_solver_27_trains_9_units9,True,20.428682565689087
scenario_solver_15_trains_15_units23,True,12.475584268569946
scenario_solver_32_trains_5_units14,True,63.7125768661499
scenario_solver_31_trains_31_units19,True,36.150479316711426
scenario_solver_25_trains_1_units5,True,174.1461308002472
scenario_solver_10_trains_5_units21,True,2.168276309967041
scenario_solver_10_trains_4_units3,True,2.207418918609619
scenario_solver_30_trains_30_units14,True,54.77803111076355
scenario_solver_15_trains_1_units20,True,13.491450786590576
scenario_solver_30_trains_30_units10,True,34.39090180397034
scenario_solver_30_trains_5_units18,True,41.70893859863281
scenario_solver_32_trains_5_units7,True,42.716859340667725
scenario_solver_28_trains_5_units29,True,22.199434280395508
scenario_solver_26_trains_5_units5,True,27.67069363594055
scenario_solver_20_trains_1_units24,True,26.105925798416138
scenario_solver_30_trains_5_units8,True,66.97500729560852
scenario_solver_10_trains_10_units2,True,8.152111053466797
scenario_solver_31_trains_31_units20,True,36.76343822479248
scenario_solver_15_trains_1_units18,True,16.383310079574585
scenario_solver_30_trains_5_units22,True,44.05668115615845
scenario_solver_26_trains_9_units5,True,19.73078966140747
scenario_solver_20_trains_1_units9,True,13.28024697303772
scenario_solver_27_trains_5_units25,True,35.6060893535614
scenario_solver_15_trains_15_units5,True,10.103986024856567
scenario_solver_25_trains_1_units7,True,22.441506385803223
scenario_solver_29_trains_1_units17,True,33.50707483291626
scenario_solver_29_trains_10_units20,True,30.779837131500244
scenario_solver_26_trains_5_units20,True,20.56010675430298
scenario_solver_10_trains_5_units30,True,2.781414270401001
scenario_solver_20_trains_1_units22,True,23.01852774620056
scenario_solver_26_trains_26_units6,True,24.214653968811035
scenario_solver_28_trains_5_units4,True,32.34847354888916
scenario_solver_5_trains_1_units10,True,1.23590087890625
scenario_solver_25_trains_25_units13,True,16.378908157348633
scenario_solver_20_trains_5_units17,True,13.577230215072632
scenario_solver_10_trains_1_units22,True,2.213904857635498
scenario_solver_29_trains_29_units12,True,32.8612961769104
scenario_solver_26_trains_26_units15,True,20.952256679534912
scenario_solver_29_trains_1_units22,True,32.62596559524536
scenario_solver_5_trains_5_units24,True,1.2172791957855225
scenario_solver_31_trains_11_units15,True,42.03387093544006
scenario_solver_31_trains_31_units22,True,26.84407329559326
scenario_solver_15_trains_5_units5,True,10.224547147750854
scenario_solver_25_trains_5_units10,True,23.9371395111084
scenario_solver_10_trains_10_units22,True,2.589726686477661
scenario_solver_30_trains_1_units26,True,30.5345401763916
scenario_solver_25_trains_9_units12,True,24.248334169387817
scenario_solver_25_trains_5_units12,True,20.064207792282104
scenario_solver_25_trains_25_units29,True,21.95011615753174
scenario_solver_28_trains_5_units1,True,20.02447772026062
scenario_solver_15_trains_15_units18,True,9.684967756271362
scenario_solver_32_trains_1_units12,True,37.861698389053345
scenario_solver_10_trains_10_units4,True,2.0759146213531494
scenario_solver_27_trains_9_units28,True,26.04616641998291
scenario_solver_31_trains_1_units8,True,43.43754506111145
scenario_solver_31_trains_5_units15,True,59.244564056396484
scenario_solver_27_trains_27_units1,True,27.26356792449951
scenario_solver_29_trains_29_units30,True,24.940441846847534
scenario_solver_27_trains_9_units16,True,20.92925000190735
scenario_solver_25_trains_1_units22,True,33.13192129135132
scenario_solver_15_trains_15_units11,True,13.100770711898804
scenario_solver_25_trains_25_units7,True,19.754809141159058
scenario_solver_29_trains_1_units2,True,38.770511865615845
scenario_solver_15_trains_1_units4,True,7.898772478103638
scenario_solver_10_trains_4_units14,True,2.1835427284240723
scenario_solver_10_trains_1_units27,True,2.3277571201324463
scenario_solver_26_trains_9_units8,True,37.77624535560608
scenario_solver_30_trains_10_units1,True,34.26624155044556
scenario_solver_10_trains_5_units3,True,2.7655935287475586
scenario_solver_32_trains_32_units1,True,136.44633269309998
scenario_solver_33_trains_1_units27,True,68.24257349967957
scenario_solver_20_trains_7_units20,True,16.917383670806885
scenario_solver_10_trains_4_units7,True,2.3340184688568115
scenario_solver_26_trains_5_units24,True,16.99578022956848
scenario_solver_5_trains_2_units12,True,1.0054550170898438
scenario_solver_27_trains_1_units25,True,31.554013967514038
scenario_solver_15_trains_5_units29,True,10.13238525390625
scenario_solver_15_trains_5_units8,True,7.963245153427124
scenario_solver_5_trains_1_units2,True,1.2313621044158936
scenario_solver_25_trains_25_units11,True,20.355698585510254
scenario_solver_27_trains_1_units27,True,31.420839309692383
scenario_solver_26_trains_26_units11,True,36.95064997673035
scenario_solver_20_trains_1_units15,True,10.494385242462158
scenario_solver_30_trains_5_units27,True,38.591500997543335
scenario_solver_5_trains_2_units14,True,1.218559980392456
scenario_solver_10_trains_10_units1,True,2.1998653411865234
scenario_solver_29_trains_1_units18,True,37.95367383956909
scenario_solver_26_trains_5_units22,True,30.12359094619751
scenario_solver_5_trains_1_units4,True,1.0079004764556885
scenario_solver_25_trains_9_units14,True,41.765528202056885
scenario_solver_25_trains_25_units22,True,20.201462030410767
scenario_solver_31_trains_11_units27,True,155.1577455997467
scenario_solver_5_trains_5_units22,True,1.1823995113372803
scenario_solver_15_trains_1_units13,True,13.226461172103882
scenario_solver_5_trains_5_units15,True,1.2284448146820068
scenario_solver_32_trains_11_units11,True,48.09847021102905
scenario_solver_29_trains_5_units1,True,31.575765371322632
scenario_solver_30_trains_10_units29,True,34.84632086753845
scenario_solver_20_trains_5_units5,True,13.458943128585815
scenario_solver_33_trains_5_units28,True,79.58322477340698
scenario_solver_10_trains_10_units13,True,2.1415278911590576
scenario_solver_28_trains_28_units30,True,27.527043342590332
scenario_solver_28_trains_10_units22,True,31.06557059288025
scenario_solver_25_trains_9_units20,True,23.521249294281006
scenario_solver_30_trains_30_units11,True,29.67728853225708
scenario_solver_5_trains_2_units1,True,1.061866283416748
scenario_solver_25_trains_1_units15,True,34.731284618377686
scenario_solver_28_trains_28_units25,True,29.236186265945435
scenario_solver_29_trains_5_units27,True,24.789074897766113
scenario_solver_10_trains_1_units18,True,2.146191358566284
scenario_solver_15_trains_5_units23,True,4.128410339355469
scenario_solver_28_trains_1_units25,True,33.49322319030762
scenario_solver_20_trains_7_units24,True,14.783836126327515
scenario_solver_20_trains_20_units21,True,17.201112508773804
scenario_solver_10_trains_4_units12,True,2.157479763031006
scenario_solver_20_trains_7_units9,True,13.218996047973633
scenario_solver_31_trains_31_units1,True,32.57278108596802
scenario_solver_10_trains_5_units7,True,2.737740993499756
scenario_solver_32_trains_1_units28,True,44.21488046646118
scenario_solver_27_trains_1_units9,True,32.932440996170044
scenario_solver_27_trains_5_units20,True,24.352270364761353
scenario_solver_29_trains_5_units6,True,21.66404128074646
scenario_solver_31_trains_1_units26,True,38.50576329231262
scenario_solver_20_trains_1_units26,True,17.866922616958618
scenario_solver_28_trains_10_units23,True,33.44065499305725
scenario_solver_30_trains_10_units28,True,34.09080100059509
scenario_solver_28_trains_5_units2,True,30.58784294128418
scenario_solver_5_trains_2_units15,True,1.198622465133667
scenario_solver_33_trains_1_units15,True,128.16540479660034
scenario_solver_31_trains_1_units1,True,33.321035861968994
scenario_solver_26_trains_9_units25,True,35.838024616241455
scenario_solver_15_trains_1_units28,True,10.144314289093018
scenario_solver_25_trains_25_units9,True,24.473623037338257
scenario_solver_29_trains_1_units25,True,33.65239667892456
scenario_solver_31_trains_1_units29,True,61.89934062957764
scenario_solver_33_trains_1_units24,True,88.79657649993896
scenario_solver_5_trains_1_units16,True,1.2456774711608887
scenario_solver_28_trains_10_units26,True,24.53087043762207
scenario_solver_28_trains_10_units4,True,27.648066759109497
scenario_solver_29_trains_29_units13,True,28.78549098968506
scenario_solver_5_trains_2_units25,True,1.2106988430023193
scenario_solver_29_trains_29_units11,True,24.203077793121338
scenario_solver_26_trains_5_units1,True,24.727394342422485
scenario_solver_29_trains_10_units11,True,31.012853384017944
scenario_solver_15_trains_15_units25,True,7.927173614501953
scenario_solver_30_trains_1_units29,True,41.62582302093506
scenario_solver_25_trains_1_units6,True,23.026522159576416
scenario_solver_25_trains_5_units14,True,23.45289182662964
scenario_solver_10_trains_4_units16,True,7.014166355133057
scenario_solver_26_trains_1_units28,True,29.29911994934082
scenario_solver_20_trains_20_units24,True,13.90007996559143
scenario_solver_28_trains_28_units9,True,33.40950155258179
scenario_solver_28_trains_28_units28,True,31.362963438034058
scenario_solver_15_trains_1_units3,True,3.1820945739746094
scenario_solver_29_trains_5_units18,True,32.770694971084595
scenario_solver_31_trains_5_units27,True,57.37480068206787
scenario_solver_15_trains_5_units3,True,3.223945379257202
scenario_solver_25_trains_9_units13,True,20.088483810424805
scenario_solver_31_trains_5_units6,True,31.275065898895264
scenario_solver_20_trains_7_units17,True,10.522314548492432
scenario_solver_29_trains_1_units7,True,29.26259970664978
scenario_solver_10_trains_4_units22,True,2.1804299354553223
scenario_solver_5_trains_5_units1,True,1.0666913986206055
scenario_solver_27_trains_27_units22,True,26.6325740814209
scenario_solver_25_trains_9_units17,True,30.865183115005493
scenario_solver_32_trains_11_units16,True,48.588879108428955
scenario_solver_30_trains_5_units11,True,135.16564059257507
scenario_solver_27_trains_5_units21,True,28.798078536987305
scenario_solver_25_trains_9_units24,True,22.24363398551941
scenario_solver_30_trains_1_units6,True,36.298908948898315
scenario_solver_26_trains_26_units23,True,20.464667081832886
scenario_solver_31_trains_11_units5,True,32.13684058189392
scenario_solver_5_trains_1_units15,True,1.2315211296081543
scenario_solver_28_trains_28_units11,True,24.834827184677124
scenario_solver_15_trains_15_units3,True,12.73154091835022
scenario_solver_10_trains_1_units12,True,2.6461293697357178
scenario_solver_25_trains_1_units29,True,24.958590507507324
scenario_solver_26_trains_26_units19,True,20.43033742904663
scenario_solver_31_trains_5_units10,True,37.06112337112427
scenario_solver_30_trains_30_units20,True,57.761914014816284
scenario_solver_29_trains_29_units7,True,28.11990237236023
scenario_solver_20_trains_5_units2,True,10.49845814704895
scenario_solver_26_trains_26_units27,True,29.821178436279297
scenario_solver_30_trains_10_units24,True,29.785367488861084
scenario_solver_33_trains_5_units14,True,138.5039598941803
scenario_solver_26_trains_5_units10,True,20.208525896072388
scenario_solver_10_trains_1_units16,True,2.0654046535491943
scenario_solver_29_trains_1_units9,True,33.32029485702515
scenario_solver_30_trains_30_units7,True,41.54772710800171
scenario_solver_25_trains_5_units22,True,23.9034423828125
scenario_solver_26_trains_1_units7,True,27.7323579788208
scenario_solver_10_trains_5_units6,True,10.853843688964844
scenario_solver_20_trains_5_units15,True,16.714839935302734
scenario_solver_15_trains_5_units21,True,12.68994140625
scenario_solver_28_trains_1_units17,True,41.82189679145813
scenario_solver_5_trains_2_units30,True,1.1757514476776123
scenario_solver_29_trains_10_units14,True,33.093223094940186
scenario_solver_28_trains_1_units6,True,32.49197721481323
scenario_solver_27_trains_9_units6,True,28.984475135803223
scenario_solver_15_trains_1_units21,True,4.173729181289673
scenario_solver_33_trains_1_units9,True,44.646432638168335
scenario_solver_32_trains_1_units7,True,44.245975732803345
scenario_solver_5_trains_5_units20,True,1.1949234008789062
scenario_solver_5_trains_2_units16,True,1.2118501663208008
scenario_solver_28_trains_5_units27,True,28.742546796798706
scenario_solver_26_trains_26_units16,True,20.97783374786377
scenario_solver_28_trains_5_units21,True,29.987192153930664
scenario_solver_33_trains_5_units29,True,104.72555375099182
scenario_solver_20_trains_20_units28,True,10.767029762268066
scenario_solver_10_trains_10_units14,True,6.719876289367676
scenario_solver_25_trains_25_units14,True,18.618907928466797
scenario_solver_26_trains_1_units13,True,31.273004293441772
scenario_solver_28_trains_5_units7,True,30.399235486984253
scenario_solver_31_trains_11_units17,True,37.3933265209198
scenario_solver_29_trains_29_units14,True,33.707664251327515
scenario_solver_28_trains_28_units29,True,27.419840097427368
scenario_solver_26_trains_1_units30,True,29.399590969085693
scenario_solver_20_trains_20_units9,True,13.991976976394653
scenario_solver_25_trains_25_units15,True,18.668020248413086
scenario_solver_27_trains_5_units29,True,27.57600426673889
scenario_solver_30_trains_1_units24,True,31.702752351760864
scenario_solver_5_trains_1_units28,True,1.0355582237243652
scenario_solver_31_trains_11_units23,True,74.72388291358948
scenario_solver_27_trains_1_units13,True,40.370349168777466
scenario_solver_31_trains_5_units1,True,26.595284461975098
scenario_solver_28_trains_5_units19,True,29.771917581558228
scenario_solver_25_trains_1_units13,True,27.263669729232788
scenario_solver_28_trains_5_units6,True,25.6178936958313
scenario_solver_33_trains_5_units6,True,229.74229311943054
scenario_solver_28_trains_28_units17,True,20.712737798690796
scenario_solver_5_trains_2_units20,True,1.2078132629394531
scenario_solver_32_trains_11_units18,True,43.77571082115173
scenario_solver_15_trains_15_units16,True,10.298988819122314
scenario_solver_15_trains_1_units16,True,4.1724793910980225
scenario_solver_31_trains_1_units11,True,44.52612519264221
scenario_solver_30_trains_5_units30,True,33.800986528396606
scenario_solver_30_trains_1_units22,True,40.46960711479187
scenario_solver_27_trains_27_units24,True,51.45699405670166
scenario_solver_26_trains_5_units9,True,15.026212453842163
scenario_solver_28_trains_5_units10,True,34.51458430290222
scenario_solver_20_trains_20_units20,True,7.685507774353027
scenario_solver_29_trains_1_units23,True,37.502474784851074
scenario_solver_27_trains_1_units18,True,34.00662636756897
scenario_solver_26_trains_5_units23,True,20.810075283050537
scenario_solver_30_trains_5_units21,True,50.52963924407959
scenario_solver_20_trains_5_units16,True,16.81835675239563
scenario_solver_10_trains_10_units23,True,2.6660454273223877
scenario_solver_28_trains_28_units23,True,29.30924892425537
scenario_solver_15_trains_5_units27,True,7.166537761688232
scenario_solver_32_trains_1_units1,True,77.90137219429016
scenario_solver_10_trains_4_units4,True,2.3524696826934814
scenario_solver_25_trains_1_units23,True,23.356415033340454
scenario_solver_10_trains_4_units19,True,2.176241636276245
scenario_solver_26_trains_26_units17,True,20.823814153671265
scenario_solver_5_trains_1_units5,True,1.0323431491851807
scenario_solver_10_trains_1_units6,True,2.180824041366577
scenario_solver_15_trains_5_units28,True,10.130738019943237
scenario_solver_25_trains_1_units10,True,16.723931074142456
scenario_solver_33_trains_5_units9,True,201.06942296028137
scenario_solver_26_trains_26_units26,True,25.18139624595642
scenario_solver_20_trains_5_units20,True,16.66719627380371
scenario_solver_10_trains_4_units28,True,6.744915962219238
scenario_solver_27_trains_27_units19,True,25.952394247055054
scenario_solver_27_trains_27_units9,True,24.90517234802246
scenario_solver_30_trains_5_units24,True,40.16589713096619
scenario_solver_26_trains_5_units11,True,24.984378814697266
scenario_solver_27_trains_27_units23,True,24.19125199317932
scenario_solver_32_trains_5_units15,True,349.15659284591675
scenario_solver_28_trains_10_units10,True,25.27021050453186
scenario_solver_15_trains_15_units17,True,10.210392475128174
scenario_solver_20_trains_1_units11,True,17.942457914352417
scenario_solver_10_trains_1_units20,True,2.2135324478149414
scenario_solver_32_trains_5_units26,True,80.10605835914612
scenario_solver_5_trains_1_units6,True,1.0603084564208984
scenario_solver_29_trains_5_units22,True,31.86786699295044
scenario_solver_20_trains_20_units3,True,17.041316986083984
scenario_solver_20_trains_1_units18,True,16.350741624832153
scenario_solver_30_trains_1_units4,True,34.993001222610474
scenario_solver_28_trains_10_units25,True,24.666088342666626
scenario_solver_28_trains_28_units5,True,24.607577323913574
scenario_solver_26_trains_9_units4,True,23.91371464729309
scenario_solver_25_trains_5_units8,True,17.905462503433228
scenario_solver_33_trains_1_units25,True,1095.767173051834
scenario_solver_26_trains_1_units22,True,24.657549619674683
scenario_solver_25_trains_1_units1,True,31.173274755477905
scenario_solver_29_trains_1_units13,True,33.64445948600769
scenario_solver_30_trains_30_units30,True,52.49868965148926
scenario_solver_15_trains_5_units22,True,12.693126201629639
scenario_solver_5_trains_2_units4,True,1.167414903640747
scenario_solver_29_trains_1_units28,True,28.211591958999634
scenario_solver_30_trains_1_units11,True,35.15108108520508
scenario_solver_31_trains_31_units24,True,86.03138899803162
scenario_solver_32_trains_1_units21,True,33.53399348258972
scenario_solver_15_trains_15_units28,True,3.334773063659668
scenario_solver_28_trains_5_units13,True,34.496450662612915
scenario_solver_26_trains_26_units9,True,24.14646005630493
scenario_solver_33_trains_1_units1,True,98.06909203529358
scenario_solver_27_trains_1_units8,True,33.64801478385925
scenario_solver_15_trains_15_units29,True,10.278274774551392
scenario_solver_20_trains_1_units5,True,10.856463432312012
scenario_solver_20_trains_7_units4,True,13.377044677734375
scenario_solver_32_trains_5_units13,True,93.67864966392517
scenario_solver_25_trains_9_units5,True,20.383235454559326
scenario_solver_29_trains_29_units26,True,36.73331332206726
scenario_solver_28_trains_5_units28,True,36.420960426330566
scenario_solver_28_trains_1_units30,True,35.34007263183594
scenario_solver_15_trains_1_units1,True,6.978591680526733
scenario_solver_31_trains_5_units19,True,31.571998357772827
scenario_solver_27_trains_27_units17,True,20.86421489715576
scenario_solver_15_trains_15_units22,True,7.663348436355591
scenario_solver_15_trains_15_units15,True,12.600640058517456
scenario_solver_10_trains_5_units1,True,6.8325111865997314
scenario_solver_25_trains_25_units21,True,8.956719398498535
scenario_solver_26_trains_1_units4,True,25.32130765914917
scenario_solver_32_trains_1_units2,True,49.10261559486389
scenario_solver_28_trains_10_units8,True,22.340403079986572
scenario_solver_32_trains_1_units19,True,49.18936228752136
scenario_solver_32_trains_32_units24,True,119.30762720108032
scenario_solver_32_trains_11_units19,True,73.44642758369446
scenario_solver_28_trains_1_units18,True,36.32145833969116
scenario_solver_26_trains_1_units5,True,18.737184762954712
scenario_solver_5_trains_2_units9,True,1.0545885562896729
scenario_solver_31_trains_31_units18,True,37.49429798126221
scenario_solver_29_trains_10_units3,True,48.36545157432556
scenario_solver_30_trains_30_units1,True,33.51174068450928
scenario_solver_26_trains_26_units22,True,24.302486896514893
scenario_solver_28_trains_1_units27,True,37.11551570892334
scenario_solver_31_trains_31_units10,True,33.101595878601074
scenario_solver_25_trains_5_units30,True,19.85135579109192
scenario_solver_31_trains_5_units18,True,40.381547689437866
scenario_solver_10_trains_4_units18,True,2.6633729934692383
scenario_solver_20_trains_5_units25,True,16.690922498703003
scenario_solver_5_trains_1_units12,True,1.1883132457733154
scenario_solver_29_trains_5_units19,True,40.58625030517578
scenario_solver_27_trains_27_units11,True,18.842752933502197
scenario_solver_28_trains_10_units6,True,27.509119272232056
scenario_solver_32_trains_11_units24,True,43.97745490074158
scenario_solver_31_trains_31_units2,True,36.773284673690796
scenario_solver_15_trains_1_units22,True,12.762736797332764
scenario_solver_29_trains_10_units9,True,23.985817909240723
scenario_solver_30_trains_10_units9,True,28.143563270568848
scenario_solver_20_trains_1_units1,True,17.677092790603638
scenario_solver_25_trains_9_units2,True,16.33475136756897
scenario_solver_27_trains_9_units2,True,34.30447506904602
scenario_solver_30_trains_30_units21,True,71.36048555374146
scenario_solver_25_trains_25_units10,True,16.694884300231934
scenario_solver_28_trains_1_units3,True,35.601099252700806
scenario_solver_10_trains_10_units15,True,2.1281092166900635
scenario_solver_27_trains_5_units10,True,24.590410470962524
scenario_solver_28_trains_10_units7,True,42.97913217544556
scenario_solver_27_trains_27_units4,True,26.383520126342773
scenario_solver_33_trains_1_units14,True,273.38719844818115
scenario_solver_30_trains_30_units18,True,43.14833188056946
scenario_solver_20_trains_20_units30,True,20.17030167579651
scenario_solver_29_trains_29_units8,True,28.375672101974487
scenario_solver_5_trains_5_units28,True,1.200192928314209
scenario_solver_30_trains_10_units15,True,25.58099365234375
scenario_solver_20_trains_5_units26,True,13.675307989120483
scenario_solver_10_trains_10_units17,True,2.131211519241333
scenario_solver_15_trains_1_units9,True,10.047781467437744
scenario_solver_20_trains_20_units11,True,17.073681354522705
scenario_solver_32_trains_1_units15,True,53.277610778808594
scenario_solver_28_trains_1_units28,True,26.265964031219482
scenario_solver_15_trains_1_units29,True,9.93917465209961
scenario_solver_5_trains_2_units2,True,1.1859707832336426
scenario_solver_25_trains_5_units1,True,19.64868426322937
scenario_solver_27_trains_5_units9,True,30.891807079315186
scenario_solver_28_trains_10_units9,True,27.685187339782715
scenario_solver_27_trains_5_units23,True,21.31276035308838
scenario_solver_25_trains_9_units11,True,19.922378301620483
scenario_solver_31_trains_1_units17,True,39.807831048965454
scenario_solver_32_trains_11_units23,True,118.44074702262878
scenario_solver_10_trains_4_units5,True,2.357079029083252
scenario_solver_27_trains_27_units14,True,25.372520923614502
scenario_solver_26_trains_9_units11,True,20.815518856048584
scenario_solver_25_trains_5_units5,True,21.84216833114624
scenario_solver_20_trains_7_units13,True,16.351117849349976
scenario_solver_29_trains_29_units5,True,40.318618297576904
scenario_solver_29_trains_1_units6,True,33.90187072753906
scenario_solver_5_trains_2_units6,True,1.0362493991851807
scenario_solver_25_trains_25_units19,True,16.3602876663208
scenario_solver_10_trains_5_units22,True,2.1665306091308594
scenario_solver_26_trains_26_units12,True,20.919007301330566
scenario_solver_15_trains_15_units14,True,3.307011127471924
scenario_solver_25_trains_9_units15,True,12.708030700683594
scenario_solver_27_trains_5_units28,True,23.079714059829712
scenario_solver_15_trains_1_units24,True,3.239887237548828
scenario_solver_32_trains_1_units9,True,214.75445294380188
scenario_solver_31_trains_5_units24,True,52.54494667053223
scenario_solver_5_trains_1_units25,True,1.2348942756652832
scenario_solver_28_trains_28_units12,True,24.728341341018677
scenario_solver_29_trains_10_units24,True,29.118290662765503
scenario_solver_29_trains_5_units4,True,30.883272409439087
scenario_solver_31_trains_11_units4,True,39.76351356506348
scenario_solver_29_trains_1_units15,True,28.91161346435547
scenario_solver_30_trains_5_units5,True,42.42539858818054
scenario_solver_27_trains_5_units1,True,19.580216646194458
scenario_solver_27_trains_1_units28,True,20.65315890312195
scenario_solver_27_trains_1_units23,True,21.317818641662598
scenario_solver_32_trains_5_units21,True,63.23356366157532
scenario_solver_28_trains_1_units24,True,43.27022361755371
scenario_solver_20_trains_7_units21,True,16.95902419090271
scenario_solver_30_trains_1_units1,True,39.464489221572876
scenario_solver_29_trains_10_units2,True,21.0969455242157
scenario_solver_28_trains_10_units21,True,30.732974529266357
scenario_solver_15_trains_5_units20,True,16.305557012557983
scenario_solver_33_trains_1_units6,True,103.38063907623291
scenario_solver_26_trains_9_units12,True,25.49198818206787
scenario_solver_5_trains_1_units1,True,1.2396209239959717
scenario_solver_30_trains_10_units2,True,30.291992664337158
scenario_solver_31_trains_1_units10,True,44.15056824684143
scenario_solver_26_trains_1_units1,True,26.65442705154419
scenario_solver_28_trains_1_units1,True,36.89783000946045
scenario_solver_10_trains_1_units21,True,3.7820682525634766
scenario_solver_5_trains_5_units8,True,1.0392909049987793
scenario_solver_27_trains_5_units26,True,30.992826461791992
scenario_solver_27_trains_9_units13,True,19.919508934020996
scenario_solver_29_trains_5_units13,True,28.074201583862305
scenario_solver_26_trains_26_units25,True,20.51266098022461
scenario_solver_10_trains_10_units6,True,2.1383440494537354
scenario_solver_25_trains_25_units30,True,26.071336269378662
scenario_solver_29_trains_10_units16,True,33.48014545440674
scenario_solver_27_trains_1_units30,True,39.892321825027466
scenario_solver_5_trains_2_units13,True,1.003056287765503
scenario_solver_20_trains_1_units25,True,17.819488763809204
scenario_solver_29_trains_29_units17,True,19.396156072616577
scenario_solver_20_trains_7_units2,True,7.49353551864624
scenario_solver_30_trains_1_units5,True,37.20090913772583
scenario_solver_31_trains_1_units25,True,38.744102478027344
scenario_solver_20_trains_1_units30,True,25.985801935195923
scenario_solver_5_trains_2_units29,True,1.1373448371887207
scenario_solver_5_trains_5_units12,True,0.9985523223876953
scenario_solver_32_trains_11_units29,True,68.62162041664124
scenario_solver_31_trains_31_units17,True,60.65907120704651
scenario_solver_33_trains_5_units21,True,102.50924372673035
scenario_solver_29_trains_5_units16,True,32.606531858444214
scenario_solver_20_trains_20_units10,True,17.050917148590088
scenario_solver_10_trains_5_units13,True,2.2139644622802734
scenario_solver_10_trains_5_units20,True,2.169616460800171
scenario_solver_30_trains_1_units15,True,30.430662155151367
scenario_solver_26_trains_1_units26,True,28.700490951538086
scenario_solver_29_trains_10_units25,True,34.15767574310303
scenario_solver_20_trains_7_units16,True,13.59745192527771
scenario_solver_20_trains_7_units8,True,10.30284333229065
scenario_solver_10_trains_10_units28,True,6.561253547668457
scenario_solver_28_trains_28_units24,True,25.122103929519653
scenario_solver_10_trains_5_units26,True,2.7514421939849854
scenario_solver_28_trains_10_units15,True,32.22479009628296
scenario_solver_5_trains_5_units26,True,1.192688226699829
scenario_solver_25_trains_25_units1,True,23.760363578796387
scenario_solver_15_trains_5_units12,True,7.852550506591797
scenario_solver_30_trains_30_units23,True,24.73753309249878
scenario_solver_26_trains_1_units23,True,32.892085552215576
scenario_solver_27_trains_27_units29,True,31.272621870040894
scenario_solver_30_trains_1_units20,True,36.46488809585571
scenario_solver_20_trains_5_units21,True,13.556927919387817
scenario_solver_27_trains_27_units20,True,21.3978111743927
scenario_solver_25_trains_25_units3,True,18.123937368392944
scenario_solver_31_trains_1_units7,True,38.18921780586243
scenario_solver_15_trains_15_units9,True,13.45894169807434
scenario_solver_25_trains_25_units4,True,17.803184986114502
scenario_solver_27_trains_5_units11,True,30.019599199295044
scenario_solver_29_trains_1_units19,True,38.33978986740112
scenario_solver_27_trains_9_units1,True,24.503134965896606
scenario_solver_25_trains_1_units2,True,29.59501361846924
scenario_solver_26_trains_26_units18,True,30.16107177734375
scenario_solver_29_trains_10_units1,True,21.51780867576599
scenario_solver_20_trains_1_units12,True,21.869678735733032
scenario_solver_10_trains_1_units26,True,2.298893451690674
scenario_solver_27_trains_5_units12,True,26.185956478118896
scenario_solver_27_trains_27_units26,True,42.09677577018738
scenario_solver_29_trains_1_units29,True,38.52401304244995
scenario_solver_26_trains_9_units26,True,31.852283477783203
scenario_solver_15_trains_1_units27,True,12.704612493515015
scenario_solver_30_trains_10_units12,True,25.21535301208496
scenario_solver_5_trains_1_units30,True,1.0245709419250488
scenario_solver_10_trains_5_units28,True,2.753096342086792
scenario_solver_10_trains_4_units20,True,2.12614369392395
scenario_solver_5_trains_5_units6,True,1.0489070415496826
scenario_solver_30_trains_10_units18,True,23.80728578567505
scenario_solver_20_trains_5_units1,True,17.189700603485107
scenario_solver_26_trains_9_units3,True,28.59733557701111
scenario_solver_28_trains_1_units22,True,33.24075984954834
scenario_solver_30_trains_5_units17,True,73.92648315429688
scenario_solver_30_trains_5_units7,True,62.36996793746948
scenario_solver_20_trains_5_units23,True,13.487440824508667
scenario_solver_10_trains_1_units23,True,7.1455771923065186
scenario_solver_26_trains_26_units24,True,25.134354829788208
scenario_solver_10_trains_1_units14,True,6.371676445007324
scenario_solver_10_trains_10_units24,True,2.67537260055542
scenario_solver_29_trains_29_units24,True,29.45128107070923
scenario_solver_5_trains_1_units13,True,1.2162349224090576
scenario_solver_20_trains_7_units5,True,10.312405109405518
scenario_solver_29_trains_10_units6,True,172.3239827156067
scenario_solver_27_trains_27_units30,True,16.509681940078735
scenario_solver_10_trains_10_units16,True,2.1203551292419434
scenario_solver_25_trains_25_units24,True,16.616666793823242
scenario_solver_28_trains_10_units12,True,20.599802494049072
scenario_solver_20_trains_7_units18,True,13.62409234046936
scenario_solver_33_trains_5_units19,True,58.10909366607666
scenario_solver_15_trains_15_units19,True,10.148712635040283
scenario_solver_20_trains_7_units3,True,13.259971141815186
scenario_solver_5_trains_5_units14,True,1.209308385848999
scenario_solver_15_trains_5_units6,True,10.187011480331421
scenario_solver_20_trains_5_units28,True,10.366841316223145
scenario_solver_30_trains_10_units8,True,54.43879294395447
scenario_solver_32_trains_5_units25,True,38.64369320869446
scenario_solver_20_trains_20_units27,True,13.784526586532593
scenario_solver_28_trains_28_units6,True,25.882251977920532
scenario_solver_32_trains_5_units2,True,59.05183792114258
scenario_solver_29_trains_1_units30,True,33.13972759246826
scenario_solver_26_trains_1_units20,True,27.191199779510498
scenario_solver_30_trains_5_units15,True,41.5916109085083
scenario_solver_28_trains_28_units7,True,24.467518091201782
scenario_solver_25_trains_5_units6,True,26.519858598709106
scenario_solver_30_trains_10_units27,True,32.33756613731384
scenario_solver_20_trains_1_units7,True,13.98158049583435
scenario_solver_5_trains_2_units18,True,1.2204699516296387
scenario_solver_27_trains_9_units3,True,30.826971530914307
scenario_solver_25_trains_9_units23,True,29.805268049240112
scenario_solver_25_trains_9_units21,True,16.36969828605652
scenario_solver_30_trains_5_units13,True,62.35818314552307
scenario_solver_29_trains_29_units29,True,24.859351873397827
scenario_solver_29_trains_10_units12,True,39.373077154159546
scenario_solver_30_trains_1_units17,True,34.96381664276123
scenario_solver_26_trains_9_units23,True,22.959398984909058
scenario_solver_5_trains_1_units20,True,1.2228031158447266
scenario_solver_26_trains_5_units4,True,18.177016258239746
scenario_solver_31_trains_5_units25,True,47.65656566619873
scenario_solver_20_trains_5_units27,True,13.414813041687012
scenario_solver_28_trains_28_units10,True,25.02035689353943
scenario_solver_33_trains_33_units2,True,145.77109622955322
scenario_solver_28_trains_28_units2,True,20.814866542816162
scenario_solver_31_trains_11_units11,True,30.453431129455566
scenario_solver_25_trains_5_units19,True,20.130918264389038
scenario_solver_27_trains_9_units27,True,19.33156418800354
scenario_solver_27_trains_9_units21,True,25.508941411972046
scenario_solver_30_trains_1_units25,True,35.134236335754395
scenario_solver_28_trains_1_units15,True,30.752944946289062
scenario_solver_20_trains_7_units23,True,11.230529069900513
scenario_solver_33_trains_5_units15,True,116.93881583213806
scenario_solver_32_trains_32_units20,True,61.99208950996399
scenario_solver_27_trains_9_units26,True,28.199915170669556
scenario_solver_29_trains_5_units20,True,78.53124117851257
scenario_solver_26_trains_1_units12,True,30.87811589241028
scenario_solver_27_trains_1_units11,True,40.52726650238037
scenario_solver_10_trains_1_units7,True,2.181157112121582
scenario_solver_20_trains_20_units1,True,14.03983759880066
scenario_solver_30_trains_5_units4,True,33.34425139427185
scenario_solver_29_trains_5_units7,True,26.434826850891113
scenario_solver_31_trains_5_units29,True,32.01292276382446
scenario_solver_30_trains_1_units19,True,35.25427031517029
scenario_solver_29_trains_1_units14,True,37.85564970970154
scenario_solver_10_trains_10_units11,True,6.6800360679626465
scenario_solver_25_trains_9_units29,True,20.141587734222412
scenario_solver_30_trains_10_units5,True,53.8448805809021
scenario_solver_27_trains_5_units2,True,28.757569551467896
scenario_solver_20_trains_5_units7,True,16.759475231170654
scenario_solver_31_trains_31_units7,True,71.67434239387512
scenario_solver_20_trains_20_units5,True,14.030510425567627
scenario_solver_26_trains_1_units6,True,31.690407037734985
scenario_solver_29_trains_1_units1,True,33.40002369880676
scenario_solver_32_trains_1_units30,True,44.674267053604126
scenario_solver_26_trains_5_units18,True,27.358211278915405
scenario_solver_31_trains_5_units21,True,37.16575217247009
scenario_solver_5_trains_5_units30,True,1.1485238075256348
scenario_solver_25_trains_25_units2,True,20.253897190093994
scenario_solver_27_trains_1_units3,True,35.511765003204346
scenario_solver_29_trains_1_units3,True,29.19722890853882
scenario_solver_30_trains_5_units29,True,24.416602611541748
scenario_solver_28_trains_5_units17,True,32.09008431434631
scenario_solver_27_trains_9_units18,True,47.09292531013489
scenario_solver_10_trains_5_units11,True,2.219304323196411
scenario_solver_10_trains_1_units29,True,2.226045846939087
scenario_solver_26_trains_9_units29,True,23.96093440055847
scenario_solver_27_trains_9_units5,True,26.830737590789795
scenario_solver_31_trains_31_units3,True,64.92273950576782
scenario_solver_5_trains_2_units3,True,1.1742522716522217
scenario_solver_31_trains_11_units24,True,41.579686880111694
scenario_solver_25_trains_9_units8,True,16.639357566833496
scenario_solver_30_trains_1_units8,True,34.94334578514099
scenario_solver_10_trains_1_units25,True,7.180542945861816
scenario_solver_10_trains_10_units30,True,2.0676190853118896
scenario_solver_28_trains_28_units22,True,35.15683150291443
scenario_solver_26_trains_5_units7,True,19.019680738449097
scenario_solver_5_trains_5_units2,True,1.1963512897491455
scenario_solver_5_trains_5_units18,True,1.2143194675445557
scenario_solver_28_trains_5_units5,True,29.90566396713257
scenario_solver_29_trains_5_units2,True,36.73607277870178
scenario_solver_20_trains_7_units11,True,13.691916704177856
scenario_solver_26_trains_9_units17,True,19.967753171920776
scenario_solver_29_trains_5_units17,True,28.059937000274658
scenario_solver_28_trains_1_units9,True,42.95656394958496
scenario_solver_29_trains_5_units12,True,28.235767364501953
scenario_solver_5_trains_1_units23,True,1.2415733337402344
scenario_solver_29_trains_29_units3,True,47.83264708518982
scenario_solver_29_trains_10_units26,True,34.43151593208313
scenario_solver_15_trains_5_units9,True,5.587492227554321
scenario_solver_27_trains_1_units29,True,35.13438439369202
scenario_solver_20_trains_20_units13,True,13.701624870300293
scenario_solver_26_trains_9_units21,True,27.87452745437622
scenario_solver_28_trains_5_units20,True,29.185665607452393
scenario_solver_31_trains_1_units24,True,65.212562084198
scenario_solver_5_trains_1_units29,True,1.0248839855194092
scenario_solver_31_trains_1_units20,True,43.81186056137085
scenario_solver_25_trains_1_units25,True,29.55256676673889
scenario_solver_10_trains_1_units13,True,8.0976402759552
scenario_solver_29_trains_5_units8,True,31.177661180496216
scenario_solver_29_trains_5_units25,True,29.557824850082397
scenario_solver_29_trains_1_units5,True,28.932145595550537
scenario_solver_20_trains_5_units19,True,13.482932329177856
scenario_solver_25_trains_5_units4,True,23.73149800300598
scenario_solver_25_trains_5_units28,True,23.83058476448059
scenario_solver_29_trains_29_units16,True,32.36084461212158
scenario_solver_31_trains_5_units11,True,37.202625036239624
scenario_solver_20_trains_1_units10,True,17.96804690361023
scenario_solver_32_trains_5_units10,True,113.10501599311829
scenario_solver_33_trains_1_units7,True,108.3343894481659
scenario_solver_29_trains_10_units21,True,26.139909744262695
scenario_solver_30_trains_30_units13,True,29.585911512374878
scenario_solver_26_trains_1_units19,True,23.49420166015625
scenario_solver_5_trains_1_units27,True,1.219452142715454
scenario_solver_27_trains_1_units10,True,35.500287771224976
scenario_solver_30_trains_10_units20,True,53.64817976951599
scenario_solver_29_trains_10_units8,True,31.74944043159485
scenario_solver_32_trains_32_units16,True,45.6136679649353
scenario_solver_20_trains_20_units14,True,14.143007516860962
scenario_solver_25_trains_25_units12,True,16.511028051376343
scenario_solver_20_trains_7_units6,True,16.365800857543945
scenario_solver_31_trains_31_units8,True,36.61879777908325
scenario_solver_30_trains_10_units23,True,33.78174328804016
scenario_solver_25_trains_1_units16,True,29.32153296470642
scenario_solver_5_trains_2_units26,True,1.2173802852630615
scenario_solver_28_trains_5_units15,True,37.358365058898926
scenario_solver_31_trains_11_units21,True,37.88503098487854
scenario_solver_26_trains_5_units16,True,23.34518337249756
scenario_solver_27_trains_27_units25,True,19.965028762817383
scenario_solver_20_trains_5_units9,True,13.611424684524536
scenario_solver_29_trains_10_units7,True,24.5061776638031
scenario_solver_27_trains_9_units8,True,38.013190031051636
scenario_solver_29_trains_5_units21,True,27.374996185302734
scenario_solver_33_trains_33_units11,True,53.629595041275024
scenario_solver_29_trains_10_units18,True,29.666579723358154
scenario_solver_31_trains_1_units5,True,138.94088435173035
scenario_solver_26_trains_5_units29,True,20.50357723236084
scenario_solver_31_trains_31_units5,True,40.41400361061096
scenario_solver_5_trains_1_units24,True,1.2294583320617676
scenario_solver_28_trains_1_units16,True,30.439701557159424
scenario_solver_20_trains_1_units27,True,17.58020567893982
scenario_solver_30_trains_5_units10,True,68.8268814086914
scenario_solver_26_trains_1_units11,True,26.584686517715454
scenario_solver_32_trains_1_units24,True,34.04348015785217
scenario_solver_10_trains_1_units5,True,2.2003226280212402
scenario_solver_15_trains_15_units10,True,10.427461624145508
scenario_solver_29_trains_1_units12,True,28.756606817245483
scenario_solver_29_trains_1_units21,True,33.639557123184204
scenario_solver_10_trains_4_units10,True,3.676901340484619
scenario_solver_27_trains_5_units27,True,26.745442867279053
scenario_solver_26_trains_1_units16,True,32.501516819000244
scenario_solver_10_trains_10_units8,True,2.1348910331726074
scenario_solver_27_trains_1_units26,True,31.142494201660156
scenario_solver_25_trains_25_units26,True,12.670944690704346
scenario_solver_10_trains_10_units26,True,2.655254602432251
scenario_solver_31_trains_5_units2,True,36.85337853431702
scenario_solver_32_trains_1_units13,True,36.09685683250427
scenario_solver_15_trains_5_units16,True,13.252399921417236
scenario_solver_10_trains_5_units10,True,2.2099807262420654
scenario_solver_20_trains_7_units28,True,13.25124192237854
scenario_solver_26_trains_9_units2,True,19.139468908309937
scenario_solver_15_trains_1_units11,True,7.264317035675049
scenario_solver_31_trains_31_units6,True,115.13088154792786
scenario_solver_27_trains_5_units13,True,20.960180282592773
scenario_solver_10_trains_10_units5,True,3.6057209968566895
scenario_solver_20_trains_7_units19,True,16.851756811141968
scenario_solver_31_trains_5_units17,True,40.04518961906433
scenario_solver_27_trains_1_units2,True,33.89810848236084
scenario_solver_32_trains_1_units10,True,57.390406131744385
scenario_solver_30_trains_5_units25,True,39.960564613342285
scenario_solver_28_trains_1_units19,True,28.76124596595764
scenario_solver_30_trains_10_units19,True,25.142822265625
scenario_solver_33_trains_5_units1,True,49.99539923667908
scenario_solver_31_trains_5_units20,True,26.834087133407593
scenario_solver_32_trains_11_units30,True,46.674917697906494
scenario_solver_15_trains_15_units7,True,10.379947423934937
scenario_solver_31_trains_11_units9,True,64.95805764198303
scenario_solver_5_trains_2_units22,True,1.1886951923370361
scenario_solver_26_trains_9_units19,True,18.915781259536743
scenario_solver_25_trains_1_units4,True,25.806408166885376
scenario_solver_5_trains_5_units10,True,1.060678482055664
scenario_solver_29_trains_29_units22,True,47.73672914505005
scenario_solver_10_trains_5_units12,True,2.209988832473755
scenario_solver_26_trains_5_units28,True,25.291444301605225
scenario_solver_28_trains_1_units13,True,37.33755111694336
scenario_solver_10_trains_1_units30,True,2.2191569805145264
scenario_solver_27_trains_27_units28,True,25.951529264450073
scenario_solver_31_trains_1_units9,True,33.181084394454956
scenario_solver_30_trains_1_units28,True,31.19494080543518
scenario_solver_32_trains_5_units5,True,48.00123596191406
scenario_solver_26_trains_26_units7,True,24.145893335342407
scenario_solver_29_trains_10_units10,True,21.428791522979736
scenario_solver_27_trains_5_units8,True,25.26221513748169
scenario_solver_15_trains_1_units15,True,13.482605218887329
scenario_solver_5_trains_5_units23,True,1.228410005569458
scenario_solver_30_trains_30_units22,True,81.78626108169556
scenario_solver_26_trains_5_units15,True,23.5156569480896
scenario_solver_20_trains_20_units25,True,14.007884502410889
scenario_solver_10_trains_5_units24,True,2.808558702468872
scenario_solver_20_trains_1_units29,True,17.86479616165161
scenario_solver_15_trains_15_units30,True,10.258053541183472
scenario_solver_20_trains_1_units2,True,13.87727952003479
scenario_solver_5_trains_5_units29,True,1.1733191013336182
scenario_solver_10_trains_1_units17,True,2.1537163257598877
scenario_solver_10_trains_10_units27,True,2.632848024368286
scenario_solver_10_trains_5_units29,True,2.8331680297851562
scenario_solver_28_trains_28_units1,True,51.49312710762024
scenario_solver_32_trains_1_units20,True,44.51382660865784
scenario_solver_27_trains_27_units13,True,18.843745470046997
scenario_solver_15_trains_1_units19,True,13.303613185882568
scenario_solver_27_trains_9_units19,True,44.10791277885437
scenario_solver_31_trains_5_units12,True,32.499123334884644
scenario_solver_5_trains_2_units7,True,1.0449492931365967
scenario_solver_30_trains_30_units27,True,24.783438682556152
scenario_solver_5_trains_5_units17,True,1.2350831031799316
scenario_solver_5_trains_1_units21,True,1.1904642581939697
scenario_solver_5_trains_1_units19,True,1.2346947193145752
scenario_solver_10_trains_4_units9,True,2.338568687438965
scenario_solver_25_trains_5_units11,True,20.170775890350342
scenario_solver_5_trains_1_units26,True,1.1989433765411377
scenario_solver_20_trains_5_units12,True,16.94749164581299
scenario_solver_10_trains_4_units15,True,6.793219804763794
scenario_solver_25_trains_5_units23,True,34.74378752708435
scenario_solver_26_trains_26_units14,True,25.231223583221436
scenario_solver_25_trains_9_units22,True,16.21816897392273
scenario_solver_20_trains_5_units3,True,16.602566957473755
scenario_solver_10_trains_5_units15,True,2.1838088035583496
scenario_solver_28_trains_28_units8,True,28.576725006103516
scenario_solver_27_trains_27_units6,True,22.440871477127075
scenario_solver_28_trains_1_units10,True,37.601253271102905
scenario_solver_20_trains_7_units7,True,13.358131408691406
scenario_solver_10_trains_1_units28,True,6.914206504821777
scenario_solver_30_trains_1_units27,True,35.60334014892578
scenario_solver_32_trains_11_units9,True,50.79041647911072
scenario_solver_25_trains_5_units29,True,16.405933380126953
scenario_solver_27_trains_1_units5,True,27.915848970413208
scenario_solver_27_trains_9_units10,True,24.628849744796753
scenario_solver_15_trains_1_units26,True,10.25330114364624
scenario_solver_26_trains_9_units16,True,28.841312646865845
scenario_solver_28_trains_28_units18,True,20.36896848678589
scenario_solver_15_trains_1_units6,True,12.125059843063354
scenario_solver_30_trains_5_units9,True,34.48281955718994
scenario_solver_25_trains_1_units3,True,25.73956274986267
scenario_solver_30_trains_1_units12,True,34.61816072463989
scenario_solver_10_trains_5_units9,True,2.710923910140991
scenario_solver_5_trains_1_units22,True,1.2170648574829102
scenario_solver_30_trains_1_units23,True,40.79716420173645
scenario_solver_27_trains_1_units1,True,30.309502601623535
scenario_solver_25_trains_25_units17,True,18.358052730560303
scenario_solver_20_trains_20_units2,True,14.07287335395813
scenario_solver_25_trains_9_units25,True,18.14573049545288
scenario_solver_20_trains_1_units20,True,20.03742265701294
scenario_solver_29_trains_29_units23,True,24.666123867034912
scenario_solver_33_trains_1_units5,True,70.09961080551147
scenario_solver_30_trains_30_units12,True,25.641491889953613
scenario_solver_10_trains_1_units15,True,2.0980021953582764
scenario_solver_20_trains_7_units12,True,13.5714852809906
scenario_solver_28_trains_10_units20,True,26.043206453323364
scenario_solver_31_trains_5_units13,True,67.6554913520813
scenario_solver_26_trains_26_units21,True,20.68253254890442
scenario_solver_10_trains_5_units4,True,8.653572797775269
scenario_solver_29_trains_29_units18,True,28.357481718063354
scenario_solver_15_trains_15_units24,True,10.330057382583618
scenario_solver_30_trains_10_units3,True,58.528733253479004
scenario_solver_29_trains_10_units28,True,25.895087480545044
scenario_solver_20_trains_1_units23,True,25.87723445892334
scenario_solver_5_trains_5_units13,True,0.9996845722198486
scenario_solver_15_trains_5_units14,True,7.164814472198486
scenario_solver_20_trains_20_units18,True,10.799179315567017
scenario_solver_25_trains_9_units4,True,16.635485649108887
scenario_solver_25_trains_25_units23,True,9.013665676116943
scenario_solver_5_trains_2_units23,True,1.2179057598114014
scenario_solver_28_trains_1_units14,True,30.554741859436035
scenario_solver_31_trains_31_units14,True,69.90501046180725
scenario_solver_30_trains_30_units16,True,95.9952187538147
scenario_solver_15_trains_5_units17,True,13.195187091827393
scenario_solver_15_trains_15_units26,True,12.530065059661865
scenario_solver_27_trains_5_units30,True,28.041096448898315
scenario_solver_28_trains_28_units20,True,58.142744064331055
scenario_solver_33_trains_11_units4,True,211.59591555595398
scenario_solver_15_trains_15_units27,True,10.143014430999756
scenario_solver_25_trains_25_units5,True,27.91956925392151
scenario_solver_27_trains_5_units16,True,23.86847972869873
scenario_solver_10_trains_5_units5,True,8.78993821144104
scenario_solver_20_trains_7_units14,True,13.582346439361572
scenario_solver_27_trains_27_units7,True,22.32624077796936
scenario_solver_20_trains_20_units29,True,17.091286659240723
scenario_solver_27_trains_9_units17,True,54.55116248130798
scenario_solver_27_trains_5_units7,True,41.238333225250244
scenario_solver_5_trains_2_units19,True,1.2092368602752686
scenario_solver_33_trains_1_units2,True,91.66617441177368
scenario_solver_5_trains_1_units9,True,1.049619436264038
scenario_solver_30_trains_30_units29,True,20.57968497276306
scenario_solver_27_trains_9_units30,True,31.20852279663086
scenario_solver_29_trains_29_units1,True,23.767260789871216
scenario_solver_10_trains_10_units29,True,2.128387689590454
scenario_solver_31_trains_1_units14,True,65.10810160636902
scenario_solver_20_trains_20_units4,True,13.436594009399414
scenario_solver_25_trains_5_units25,True,18.490145444869995
scenario_solver_25_trains_25_units25,True,19.967209815979004
scenario_solver_30_trains_1_units13,True,35.548829078674316
scenario_solver_29_trains_1_units10,True,33.499610900878906
scenario_solver_15_trains_5_units15,True,7.150776386260986
scenario_solver_27_trains_27_units27,True,19.996042490005493
scenario_solver_32_trains_32_units13,True,59.78823256492615
scenario_solver_10_trains_10_units18,True,2.1343929767608643
scenario_solver_10_trains_5_units14,True,2.1429808139801025
scenario_solver_10_trains_1_units3,True,2.223278522491455
scenario_solver_32_trains_5_units28,True,62.59279704093933
scenario_solver_26_trains_5_units12,True,15.40397334098816
scenario_solver_32_trains_32_units4,True,84.47210717201233
scenario_solver_27_trains_9_units24,True,28.104278326034546
scenario_solver_27_trains_9_units20,True,29.62101912498474
scenario_solver_28_trains_1_units12,True,37.42120122909546
scenario_solver_27_trains_1_units22,True,29.003965616226196
scenario_solver_29_trains_1_units8,True,33.6701238155365
scenario_solver_32_trains_32_units18,True,681.9379744529724
scenario_solver_31_trains_31_units23,True,35.53035259246826
scenario_solver_26_trains_1_units15,True,28.04057502746582
scenario_solver_29_trains_29_units19,True,33.9200484752655
scenario_solver_32_trains_32_units22,True,34.790180921554565
scenario_solver_31_trains_31_units9,True,106.55123138427734
scenario_solver_10_trains_10_units7,True,2.1387410163879395
scenario_solver_28_trains_5_units8,True,39.24050259590149
scenario_solver_20_trains_1_units6,True,20.23302912712097
scenario_solver_31_trains_1_units28,True,41.87055826187134
scenario_solver_26_trains_1_units2,True,23.404708862304688
scenario_solver_15_trains_15_units6,True,4.229654550552368
scenario_solver_32_trains_32_units30,True,50.635966539382935
scenario_solver_20_trains_5_units30,True,10.384301900863647
scenario_solver_29_trains_10_units23,True,33.705549001693726
scenario_solver_25_trains_1_units18,True,33.24138426780701
scenario_solver_27_trains_27_units21,True,25.986745595932007
scenario_solver_26_trains_1_units21,True,23.992667198181152
scenario_solver_5_trains_2_units27,True,1.1905510425567627
scenario_solver_28_trains_10_units18,True,46.98997449874878
scenario_solver_30_trains_5_units6,True,29.75380802154541
scenario_solver_31_trains_11_units1,True,41.283780336380005
scenario_solver_31_trains_1_units30,True,41.47723340988159
scenario_solver_31_trains_11_units16,True,43.17774271965027
scenario_solver_26_trains_9_units27,True,18.88705825805664
scenario_solver_15_trains_1_units23,True,12.51962399482727
scenario_solver_26_trains_1_units18,True,27.869449377059937
scenario_solver_29_trains_5_units9,True,26.54386258125305
scenario_solver_28_trains_10_units3,True,27.368886470794678
scenario_solver_10_trains_4_units29,True,2.1934878826141357
scenario_solver_10_trains_4_units13,True,2.1064932346343994
scenario_solver_26_trains_5_units3,True,19.844465732574463
scenario_solver_25_trains_5_units17,True,16.253201961517334
scenario_solver_27_trains_1_units14,True,35.0915687084198
scenario_solver_32_trains_5_units20,True,43.06011438369751
scenario_solver_20_trains_5_units4,True,13.470564365386963
scenario_solver_20_trains_7_units26,True,18.06105613708496
scenario_solver_20_trains_1_units16,True,23.021142959594727
scenario_solver_31_trains_31_units12,True,32.912680864334106
scenario_solver_20_trains_1_units21,True,13.792753458023071
scenario_solver_31_trains_5_units7,True,31.621312856674194
scenario_solver_31_trains_11_units22,True,48.27906799316406
scenario_solver_28_trains_10_units13,True,28.713854789733887
scenario_solver_32_trains_11_units12,True,59.06969499588013
scenario_solver_28_trains_5_units22,True,38.52045941352844
scenario_solver_31_trains_31_units4,True,27.73239231109619
scenario_solver_10_trains_1_units19,True,6.822268724441528
scenario_solver_20_trains_1_units17,True,16.401278018951416
scenario_solver_33_trains_5_units30,True,933.7025983333588
scenario_solver_26_trains_5_units26,True,20.48088002204895
scenario_solver_20_trains_5_units22,True,13.544179201126099
scenario_solver_25_trains_9_units18,True,15.651509284973145
scenario_solver_26_trains_5_units2,True,34.794392585754395
scenario_solver_15_trains_1_units14,True,13.08634877204895
scenario_solver_27_trains_1_units15,True,36.035061836242676
scenario_solver_27_trains_1_units16,True,30.52943778038025
scenario_solver_30_trains_1_units3,True,44.385021686553955
scenario_solver_20_trains_20_units8,True,7.600164175033569
scenario_solver_32_trains_11_units2,True,68.78729772567749
scenario_solver_25_trains_5_units18,True,20.070788621902466
scenario_solver_30_trains_30_units4,True,30.140421867370605
scenario_solver_27_trains_1_units17,True,55.09476351737976
scenario_solver_32_trains_1_units14,True,47.94660568237305
scenario_solver_20_trains_7_units1,True,16.593294143676758
scenario_solver_26_trains_26_units13,True,24.313067197799683
scenario_solver_33_trains_11_units24,True,157.8355951309204
scenario_solver_31_trains_5_units26,True,42.582839250564575
scenario_solver_10_trains_1_units4,True,2.2087907791137695
scenario_solver_10_trains_1_units2,True,5.328142881393433
scenario_solver_26_trains_26_units1,True,17.211125373840332
scenario_solver_25_trains_9_units16,True,16.28484797477722
scenario_solver_30_trains_1_units2,True,31.75068998336792
scenario_solver_31_trains_11_units19,True,69.20941519737244
scenario_solver_25_trains_5_units9,True,17.95901894569397
scenario_solver_33_trains_1_units20,True,92.72159719467163
scenario_solver_29_trains_5_units30,True,80.05954813957214
scenario_solver_15_trains_1_units8,True,14.866867065429688
scenario_solver_28_trains_10_units24,True,29.453272581100464
scenario_solver_10_trains_4_units26,True,8.510126829147339
scenario_solver_25_trains_9_units6,True,20.50489830970764
scenario_solver_10_trains_10_units25,True,2.6579134464263916
scenario_solver_31_trains_1_units22,True,38.08466148376465
scenario_solver_20_trains_5_units11,True,7.537637233734131
scenario_solver_28_trains_28_units21,True,25.581918954849243
scenario_solver_27_trains_1_units24,True,26.042482376098633
scenario_solver_25_trains_1_units17,True,33.41260004043579
scenario_solver_5_trains_2_units5,True,1.0273849964141846
scenario_solver_31_trains_1_units18,True,34.30800533294678
scenario_solver_26_trains_9_units10,True,29.325910091400146
scenario_solver_26_trains_26_units30,True,27.404582500457764
scenario_solver_25_trains_9_units10,True,134.91663789749146
scenario_solver_33_trains_1_units28,True,104.75220704078674
scenario_solver_15_trains_5_units18,True,7.146629333496094
scenario_solver_28_trains_28_units27,True,25.241105318069458
scenario_solver_30_trains_10_units30,True,58.538193225860596
scenario_solver_28_trains_10_units17,True,21.779998064041138
scenario_solver_30_trains_1_units14,True,34.33004665374756
scenario_solver_32_trains_11_units7,True,81.40794610977173
scenario_solver_15_trains_5_units10,True,10.24341869354248
scenario_solver_31_trains_1_units6,True,38.65066123008728
scenario_solver_5_trains_2_units8,True,1.0455255508422852
scenario_solver_10_trains_1_units8,True,2.1670358180999756
scenario_solver_32_trains_1_units18,True,59.05244779586792
scenario_solver_32_trains_1_units3,True,49.67179012298584
scenario_solver_26_trains_1_units14,True,27.679887771606445
scenario_solver_27_trains_9_units23,True,28.178330183029175
scenario_solver_15_trains_1_units10,True,16.44614028930664
scenario_solver_26_trains_26_units8,True,15.132113933563232
scenario_solver_25_trains_5_units7,True,22.225648164749146
scenario_solver_25_trains_9_units30,True,24.340358018875122
scenario_solver_32_trains_11_units10,True,30.460469722747803
scenario_solver_10_trains_10_units19,True,2.622905731201172
scenario_solver_26_trains_5_units21,True,19.72494864463806
scenario_solver_28_trains_1_units26,True,36.5624942779541
scenario_solver_29_trains_10_units29,True,29.174748420715332
scenario_solver_27_trains_27_units18,True,25.91856026649475
scenario_solver_29_trains_29_units6,True,23.812204599380493
scenario_solver_25_trains_1_units8,True,22.429750442504883
scenario_solver_30_trains_5_units28,True,33.1597261428833
scenario_solver_5_trains_1_units18,True,1.2168707847595215
scenario_solver_20_trains_7_units25,True,14.764556884765625
scenario_solver_20_trains_1_units3,True,17.950994968414307
scenario_solver_5_trains_2_units10,True,1.0643067359924316
scenario_solver_15_trains_15_units20,True,3.2924177646636963
scenario_solver_30_trains_10_units21,True,39.448609828948975
scenario_solver_25_trains_9_units26,True,22.1324622631073
scenario_solver_27_trains_27_units3,True,31.280696630477905
scenario_solver_25_trains_25_units20,True,16.21320915222168
scenario_solver_26_trains_5_units14,True,23.08853054046631
scenario_solver_29_trains_5_units14,True,27.49583148956299
scenario_solver_20_trains_5_units18,True,16.298320770263672
scenario_solver_31_trains_1_units4,True,102.59334826469421
scenario_solver_31_trains_5_units4,True,59.34770846366882
scenario_solver_10_trains_1_units11,True,2.6536498069763184
scenario_solver_32_trains_1_units5,True,60.101224422454834
scenario_solver_15_trains_5_units1,True,12.38210391998291
scenario_solver_28_trains_10_units27,True,24.65931797027588
scenario_solver_5_trains_5_units27,True,1.1665434837341309
scenario_solver_25_trains_5_units3,True,18.613513231277466
scenario_solver_28_trains_28_units16,True,42.9527587890625
scenario_solver_10_trains_1_units1,True,2.673309326171875
scenario_solver_28_trains_5_units11,True,29.63305377960205
scenario_solver_10_trains_5_units8,True,2.704922914505005
scenario_solver_29_trains_5_units10,True,32.356053590774536
scenario_solver_26_trains_1_units10,True,26.713034868240356
scenario_solver_31_trains_11_units7,True,48.22917294502258
scenario_solver_20_trains_1_units14,True,13.690195798873901
scenario_solver_10_trains_1_units24,True,2.311894178390503
scenario_solver_29_trains_5_units5,True,50.01724934577942
scenario_solver_25_trains_5_units16,True,20.008451223373413
scenario_solver_15_trains_15_units21,True,10.189879417419434
scenario_solver_5_trains_5_units4,True,1.1206772327423096
scenario_solver_5_trains_5_units9,True,1.034597635269165
scenario_solver_20_trains_5_units14,True,13.4053955078125
scenario_solver_26_trains_9_units24,True,23.206796646118164
scenario_solver_25_trains_9_units27,True,30.433029413223267
scenario_solver_15_trains_5_units7,True,10.260574579238892
scenario_solver_10_trains_4_units21,True,2.166674852371216
scenario_solver_10_trains_5_units23,True,2.793834924697876
scenario_solver_32_trains_1_units26,True,55.838918685913086
scenario_solver_10_trains_10_units12,True,2.1301348209381104
scenario_solver_29_trains_1_units27,True,37.0788140296936
scenario_solver_29_trains_10_units13,True,30.879353523254395
scenario_solver_31_trains_5_units3,True,57.547542572021484
scenario_solver_31_trains_5_units16,True,31.15938377380371
scenario_solver_10_trains_5_units17,True,2.1742401123046875
scenario_solver_27_trains_1_units12,True,35.472240686416626
scenario_solver_26_trains_1_units8,True,27.573230981826782
scenario_solver_30_trains_30_units9,True,35.012258768081665
scenario_solver_29_trains_1_units16,True,29.09850239753723
scenario_solver_10_trains_10_units3,True,3.6310694217681885
scenario_solver_27_trains_9_units15,True,20.95545196533203
scenario_solver_32_trains_1_units23,True,44.107699155807495
scenario_solver_20_trains_7_units29,True,7.24899697303772
scenario_solver_25_trains_25_units28,True,21.610206842422485
scenario_solver_26_trains_1_units27,True,28.390053510665894
scenario_solver_31_trains_1_units15,True,39.97727632522583
scenario_solver_32_trains_5_units3,True,49.94310998916626
scenario_solver_26_trains_9_units14,True,19.953992128372192
scenario_solver_28_trains_5_units30,True,27.057209014892578
scenario_solver_10_trains_10_units10,True,2.1906991004943848
scenario_solver_26_trains_26_units28,True,27.48593831062317
scenario_solver_10_trains_5_units16,True,2.192487955093384
scenario_solver_25_trains_1_units19,True,32.803054094314575
scenario_solver_30_trains_10_units10,True,49.08169627189636
scenario_solver_32_trains_1_units4,True,50.41729998588562
scenario_solver_28_trains_1_units7,True,36.907384395599365
scenario_solver_28_trains_10_units30,True,23.254359483718872
scenario_solver_27_trains_5_units5,True,30.93315887451172
scenario_solver_5_trains_1_units14,True,1.2308199405670166
scenario_solver_31_trains_1_units16,True,34.04568123817444
scenario_solver_27_trains_27_units10,True,95.81813526153564
scenario_solver_29_trains_10_units22,True,30.619687795639038
scenario_solver_29_trains_29_units28,True,20.19874858856201
scenario_solver_28_trains_5_units23,True,24.970696210861206
scenario_solver_32_trains_11_units21,True,133.3380889892578
scenario_solver_27_trains_9_units29,True,36.00831317901611
scenario_solver_32_trains_1_units6,True,65.6494505405426
scenario_solver_10_trains_4_units25,True,7.059300422668457
scenario_solver_31_trains_1_units3,True,31.669200897216797
scenario_solver_10_trains_4_units1,True,6.734202861785889
scenario_solver_30_trains_30_units6,True,47.851677894592285
scenario_solver_31_trains_1_units12,True,38.912930727005005
scenario_solver_27_trains_5_units18,True,37.234976291656494
scenario_solver_31_trains_1_units21,True,43.22956442832947
scenario_solver_26_trains_9_units15,True,32.99163818359375
scenario_solver_29_trains_10_units17,True,24.689915418624878
scenario_solver_27_trains_5_units24,True,35.55554986000061
scenario_solver_26_trains_1_units29,True,24.603883028030396
scenario_solver_26_trains_26_units2,True,17.08200716972351
scenario_solver_10_trains_4_units23,True,6.733603239059448
scenario_solver_25_trains_25_units8,True,19.77016305923462
scenario_solver_31_trains_1_units23,True,32.66058135032654
scenario_solver_25_trains_5_units15,True,16.28003716468811
scenario_solver_25_trains_9_units19,True,19.84669327735901
scenario_solver_26_trains_26_units20,True,24.636622428894043
scenario_solver_27_trains_27_units16,True,30.50969123840332
scenario_solver_5_trains_1_units11,True,1.2200608253479004
scenario_solver_5_trains_5_units7,True,1.0455796718597412
scenario_solver_26_trains_26_units3,True,19.04971432685852
scenario_solver_30_trains_30_units25,True,25.491498708724976
scenario_solver_28_trains_10_units1,True,33.7502019405365
scenario_solver_15_trains_1_units12,True,13.396628379821777
scenario_solver_15_trains_5_units11,True,10.142536163330078
scenario_solver_30_trains_5_units20,True,58.06069493293762
scenario_solver_30_trains_10_units17,True,32.692418336868286
scenario_solver_33_trains_11_units18,True,401.84106159210205
scenario_solver_30_trains_5_units23,True,44.066261529922485
scenario_solver_10_trains_4_units11,True,2.166477918624878
scenario_solver_31_trains_5_units23,True,26.38467001914978
scenario_solver_25_trains_5_units21,True,16.579224824905396
scenario_solver_28_trains_28_units19,True,24.917179822921753
scenario_solver_10_trains_10_units9,True,2.1218316555023193
scenario_solver_30_trains_5_units12,True,69.09833025932312
scenario_solver_27_trains_5_units14,True,27.952665328979492
scenario_solver_25_trains_1_units11,True,27.770801544189453
scenario_solver_15_trains_1_units25,True,7.919541597366333
scenario_solver_31_trains_5_units8,True,71.2058732509613
scenario_solver_28_trains_28_units4,True,42.217331409454346
scenario_solver_30_trains_5_units16,True,48.16825532913208
scenario_solver_28_trains_5_units25,True,29.204912900924683
scenario_solver_29_trains_5_units28,True,29.827741384506226
scenario_solver_26_trains_9_units6,True,24.247464418411255
scenario_solver_33_trains_1_units30,True,61.391112327575684
scenario_solver_30_trains_1_units10,True,35.02986717224121
scenario_solver_15_trains_15_units8,True,16.72005867958069
scenario_solver_25_trains_1_units9,True,22.760385036468506
scenario_solver_27_trains_1_units4,True,34.64658522605896
scenario_solver_33_trains_1_units3,True,58.29678130149841
scenario_solver_31_trains_11_units2,True,56.15688157081604
scenario_solver_15_trains_5_units26,True,10.141854763031006
scenario_solver_5_trains_2_units17,True,1.216545820236206
scenario_solver_25_trains_1_units14,True,27.952289819717407
scenario_solver_27_trains_5_units22,True,19.863513231277466
scenario_solver_29_trains_10_units5,True,24.060053825378418
scenario_solver_25_trains_9_units3,True,19.882118225097656
scenario_solver_32_trains_32_units15,True,69.43295741081238
scenario_solver_31_trains_11_units8,True,69.32156777381897
scenario_solver_29_trains_5_units24,True,81.5917432308197
scenario_solver_25_trains_5_units2,True,19.886279344558716
scenario_solver_26_trains_5_units13,True,24.93406367301941
scenario_solver_28_trains_10_units16,True,21.8451566696167
scenario_solver_26_trains_5_units27,True,16.9173743724823
scenario_solver_28_trains_1_units8,True,26.84467315673828
scenario_solver_10_trains_1_units9,True,5.213500738143921
scenario_solver_27_trains_1_units20,True,24.48793387413025
scenario_solver_15_trains_15_units2,True,10.135527849197388
scenario_solver_25_trains_9_units1,True,19.50266170501709
scenario_solver_29_trains_29_units10,True,28.691654443740845
scenario_solver_5_trains_5_units19,True,1.2008793354034424
scenario_solver_26_trains_1_units25,True,28.446608543395996
scenario_solver_29_trains_10_units15,True,33.44418239593506
scenario_solver_15_trains_1_units17,True,13.451929807662964
scenario_solver_27_trains_5_units19,True,24.143253326416016
scenario_solver_15_trains_15_units12,True,15.841477870941162
scenario_solver_20_trains_7_units27,True,18.050780773162842
scenario_solver_25_trains_1_units20,True,34.29839611053467
scenario_solver_27_trains_1_units7,True,32.70907020568848
scenario_solver_30_trains_5_units3,True,28.675950050354004
scenario_solver_26_trains_9_units28,True,28.42897343635559
scenario_solver_20_trains_20_units12,True,13.967468976974487
scenario_solver_29_trains_1_units24,True,34.00619339942932
scenario_solver_26_trains_9_units18,True,24.54556155204773
scenario_solver_31_trains_11_units12,True,39.20570087432861
scenario_solver_20_trains_1_units4,True,13.617560863494873
scenario_solver_28_trains_5_units3,True,32.00795793533325
scenario_solver_10_trains_5_units18,True,2.1766440868377686
scenario_solver_28_trains_28_units26,True,25.14420747756958
scenario_solver_5_trains_5_units3,True,1.1712501049041748
scenario_solver_5_trains_5_units11,True,1.0369925498962402
scenario_solver_30_trains_1_units18,True,35.06719613075256
scenario_solver_5_trains_5_units25,True,1.2102246284484863
scenario_solver_29_trains_1_units20,True,38.44959735870361
scenario_solver_30_trains_10_units26,True,41.39922881126404
scenario_solver_15_trains_5_units19,True,13.049310207366943
scenario_solver_26_trains_26_units10,True,17.40794038772583
scenario_solver_10_trains_10_units20,True,2.596221923828125
scenario_solver_25_trains_25_units18,True,18.455161809921265
scenario_solver_28_trains_5_units26,True,28.03407049179077
scenario_solver_31_trains_1_units13,True,43.96312189102173
scenario_solver_29_trains_29_units4,True,24.858161687850952
scenario_solver_27_trains_5_units15,True,23.935516357421875
scenario_solver_5_trains_1_units8,True,1.0506060123443604
scenario_solver_28_trains_1_units4,True,35.49722719192505
scenario_solver_25_trains_9_units7,True,19.67824959754944
scenario_solver_29_trains_10_units27,True,23.812330722808838
scenario_solver_5_trains_2_units21,True,1.2041723728179932
scenario_solver_28_trains_10_units11,True,29.839312076568604
scenario_solver_32_trains_1_units29,True,39.947203159332275
scenario_solver_30_trains_10_units13,True,25.469233751296997
scenario_solver_26_trains_9_units1,True,24.938265562057495
scenario_solver_28_trains_5_units16,True,57.86426615715027
scenario_solver_28_trains_10_units28,True,43.742263078689575
scenario_solver_15_trains_15_units4,True,10.341725826263428
scenario_solver_26_trains_5_units19,True,34.568134784698486
scenario_solver_29_trains_1_units26,True,33.16893529891968
scenario_solver_30_trains_10_units22,True,25.784586668014526
scenario_solver_30_trains_30_units24,True,34.25144696235657
scenario_solver_25_trains_5_units24,True,22.80116057395935
scenario_solver_20_trains_5_units6,True,13.70354151725769
scenario_solver_25_trains_1_units21,True,24.715432167053223
scenario_solver_30_trains_5_units19,True,47.67271542549133
scenario_solver_20_trains_1_units8,True,23.735954999923706
scenario_solver_28_trains_1_units2,True,39.180415868759155
scenario_solver_29_trains_5_units23,True,29.275248050689697
scenario_solver_31_trains_1_units2,True,48.4773325920105
scenario_solver_31_trains_11_units29,True,53.00135087966919
scenario_solver_20_trains_5_units29,True,13.50298810005188
scenario_solver_31_trains_31_units28,True,50.86837816238403
scenario_solver_30_trains_30_units15,True,62.70464468002319
scenario_solver_28_trains_10_units14,True,34.45268654823303
scenario_solver_20_trains_20_units17,True,13.983104467391968
scenario_solver_27_trains_1_units6,True,27.668100118637085
scenario_solver_15_trains_1_units30,True,14.873980283737183
scenario_solver_20_trains_1_units13,True,25.947760581970215
scenario_solver_10_trains_4_units17,True,2.7242376804351807
scenario_solver_31_trains_31_units29,True,182.28811764717102
scenario_solver_29_trains_5_units11,True,36.59445405006409
scenario_solver_29_trains_29_units21,True,34.14171028137207
scenario_solver_10_trains_5_units27,True,2.850914239883423
scenario_solver_20_trains_5_units24,True,16.70152449607849
scenario_solver_20_trains_7_units22,True,13.701128959655762
scenario_solver_27_trains_5_units6,True,36.55293917655945
scenario_solver_32_trains_32_units6,True,79.76401615142822
scenario_solver_28_trains_28_units13,True,38.648709535598755
scenario_solver_25_trains_1_units30,True,25.892424821853638
scenario_solver_27_trains_27_units15,True,21.068317651748657
scenario_solver_29_trains_29_units20,True,24.94861650466919
scenario_solver_5_trains_2_units24,True,1.1975197792053223
scenario_solver_32_trains_11_units13,True,63.840038776397705
scenario_solver_26_trains_5_units30,True,24.470657348632812
scenario_solver_25_trains_5_units13,True,16.18476152420044
scenario_solver_15_trains_5_units25,True,13.181238412857056
scenario_solver_26_trains_1_units3,True,29.320170879364014
scenario_solver_32_trains_32_units21,True,76.1658685207367
scenario_solver_28_trains_28_units15,True,24.044037103652954
scenario_solver_26_trains_9_units20,True,19.091649293899536
scenario_solver_27_trains_9_units25,True,19.504029750823975
scenario_solver_15_trains_1_units2,True,13.576847791671753
scenario_solver_31_trains_11_units30,True,54.27662992477417
scenario_solver_20_trains_20_units22,True,13.99733304977417
scenario_solver_20_trains_20_units19,True,14.18830680847168
scenario_solver_10_trains_4_units27,True,2.6322522163391113
scenario_solver_28_trains_5_units9,True,30.001132011413574
scenario_solver_26_trains_5_units8,True,19.228435754776
scenario_solver_29_trains_5_units26,True,33.97339415550232
scenario_solver_32_trains_5_units23,True,99.90471935272217
scenario_solver_26_trains_5_units17,True,40.654152393341064
scenario_solver_25_trains_1_units28,True,24.913182497024536
scenario_solver_33_trains_1_units26,True,212.63563132286072
scenario_solver_26_trains_26_units29,True,23.585171699523926
scenario_solver_26_trains_1_units17,True,27.944575309753418
scenario_solver_27_trains_1_units21,True,28.84701633453369
scenario_solver_27_trains_27_units5,True,27.461113929748535
scenario_solver_30_trains_10_units7,True,37.145854234695435
scenario_solver_30_trains_30_units17,True,42.51025199890137
scenario_solver_27_trains_27_units2,True,30.79270339012146
scenario_solver_28_trains_10_units2,True,35.93635606765747
scenario_solver_33_trains_1_units13,True,46.570661783218384
scenario_solver_29_trains_5_units15,True,28.109246492385864
scenario_solver_15_trains_5_units24,True,10.103706359863281
scenario_solver_15_trains_15_units13,True,12.697450399398804
scenario_solver_26_trains_9_units30,True,28.750877380371094
scenario_solver_5_trains_5_units21,True,1.2141690254211426
scenario_solver_15_trains_5_units13,True,10.079216480255127
scenario_solver_31_trains_31_units26,True,67.27545428276062
scenario_solver_30_trains_5_units1,True,40.9380943775177
scenario_solver_27_trains_5_units4,True,27.339492559432983
scenario_solver_33_trains_5_units7,True,99.95788240432739
scenario_solver_25_trains_1_units24,True,30.152501344680786
scenario_solver_31_trains_5_units5,True,35.56391668319702
scenario_solver_10_trains_4_units2,True,2.1862664222717285
scenario_solver_28_trains_5_units24,True,25.25751519203186
scenario_solver_10_trains_4_units6,True,2.315479278564453
scenario_solver_5_trains_1_units7,True,1.0533227920532227
scenario_solver_15_trains_5_units30,True,12.579596519470215
scenario_solver_31_trains_1_units19,True,42.571332931518555
scenario_solver_33_trains_11_units14,True,415.09746980667114
scenario_solver_26_trains_26_units5,True,19.580774307250977
scenario_solver_15_trains_5_units2,True,16.319778442382812
scenario_solver_29_trains_29_units27,True,28.267828464508057
scenario_solver_15_trains_1_units7,True,10.153210639953613
scenario_solver_10_trains_4_units30,True,2.2231345176696777
scenario_solver_26_trains_1_units9,True,31.66997766494751
scenario_solver_26_trains_5_units6,True,27.823798894882202
scenario_solver_33_trains_1_units17,True,52.09640169143677
scenario_solver_28_trains_10_units5,True,20.770195245742798
scenario_solver_27_trains_9_units4,True,26.137394666671753
scenario_solver_10_trains_4_units8,True,2.3127048015594482
scenario_solver_33_trains_1_units22,True,48.335561990737915
scenario_solver_28_trains_1_units11,True,42.23931336402893
scenario_solver_27_trains_9_units14,True,20.272928714752197
scenario_solver_27_trains_5_units17,True,36.892855405807495
scenario_solver_15_trains_5_units4,True,5.576361179351807
scenario_solver_20_trains_20_units16,True,7.6129961013793945
scenario_solver_26_trains_1_units24,True,32.9035587310791
scenario_solver_10_trains_4_units24,True,2.1887221336364746
scenario_solver_27_trains_9_units22,True,25.17219638824463
scenario_solver_30_trains_5_units14,True,40.33841395378113
